Customer_ID,Loan_ID,Customer_Segment,Product_Type,Outstanding_Balance,Credit_Score,Previous_Credit_Score,Current_DPD,Previous_DPD,Interest_Rate,Loan_Term_Months,Remaining_Term_Months,Collateral_Value,Region,Reporting_Date
1000001,50000001,Retail,Personal Loan,1733362.19,756,733,0,15,19.4,77,21,,West,2026-09-30
1000002,50000002,Corporate,Corporate Loan,62244073.93,817,805,0,30,10.82,22,6,,East,2026-09-30
1000003,50000003,Retail,Credit Card,303259.15,630,610,0,0,25.7,22,12,,East,2026-09-30
1000004,50000004,SME,Auto Loan,993246.23,724,688,0,0,13.14,65,9,918420.09,West,2026-09-30
1000005,50000005,Retail,Personal Loan,1654985.49,784,761,0,0,16.05,25,21,,South,2026-09-30
1000006,50000006,Retail,Credit Card,161138.39,782,746,0,0,33.35,53,27,,West,2026-09-30
1000007,50000007,Retail,Auto Loan,2246443.54,881,825,0,0,9.49,46,1,2034788.65,West,2026-09-30
1000008,50000008,SME,SME Loan,7302261.37,710,729,0,0,14.7,74,54,,South,2026-09-30
1000009,50000009,Retail,Credit Card,370826.69,653,637,0,0,32.5,42,38,,South,2026-09-30
1000010,50000010,Retail,Mortgage,7383723.46,732,733,0,0,7.72,210,20,10638656.71,West,2026-09-30
1000011,50000011,Retail,Auto Loan,1643967.46,827,805,0,0,9.68,25,7,991615.64,East,2026-09-30
1000012,50000012,Retail,Mortgage,2167816.5,752,761,0,0,9.97,185,30,3235355.37,South,2026-09-30
1000013,50000013,Retail,Mortgage,10754758.37,730,731,0,0,8.21,148,141,10435081.89,West,2026-09-30
1000014,50000014,Corporate,Corporate Loan,67752551.99,790,783,0,0,10.34,122,36,,South,2026-09-30
1000015,50000015,Retail,Credit Card,376911.36,647,671,30,30,25.87,40,31,,North,2026-09-30
1000016,50000016,SME,SME Loan,14878361.12,769,744,0,0,15.05,52,14,,South,2026-09-30
1000017,50000017,Retail,Credit Card,147573.15,818,782,0,15,36.93,15,1,,South,2026-09-30
1000018,50000018,Corporate,Corporate Loan,21335444.35,703,671,75,75,8.99,139,4,,East,2026-09-30
1000019,50000019,Retail,Personal Loan,1520601.38,855,842,0,0,12.4,42,36,,South,2026-09-30
1000020,50000020,Retail,Auto Loan,1396765.12,791,773,0,15,12.92,57,4,1586172.74,East,2026-09-30
1000021,50000021,Retail,Auto Loan,2028901.07,646,657,0,0,11.04,51,50,1677989.04,Central,2026-09-30
1000022,50000022,Retail,Mortgage,2784533.51,800,785,0,0,7.53,352,75,3974573.69,South,2026-09-30
1000023,50000023,Retail,Auto Loan,1172677.91,734,729,0,0,9.76,66,48,1091016.63,South,2026-09-30
1000024,50000024,Retail,Mortgage,9557306.98,683,661,0,15,9.76,143,6,12854400.51,Central,2026-09-30
1000025,50000025,Retail,Mortgage,691550.46,613,590,0,0,9.55,139,85,832344.5,North,2026-09-30
1000026,50000026,SME,SME Loan,1893368.33,671,637,0,0,17.04,70,29,,East,2026-09-30
1000027,50000027,SME,SME Loan,8154764.26,636,626,30,30,9.95,88,10,,West,2026-09-30
1000028,50000028,Retail,Mortgage,2787424.38,718,742,0,15,9.17,333,176,2947076.28,West,2026-09-30
1000029,50000029,Retail,Credit Card,411995.16,631,626,0,0,30.18,47,43,,West,2026-09-30
1000030,50000030,Retail,Credit Card,298917.96,595,617,0,0,30.53,48,3,,North,2026-09-30
1000031,50000031,SME,SME Loan,11062062.06,729,757,0,0,10.37,95,86,,South,2026-09-30
1000032,50000032,Retail,Personal Loan,1315469.0,769,764,0,15,16.82,82,19,,North,2026-09-30
1000033,50000033,SME,Mortgage,7541503.96,560,561,0,30,7.64,123,114,11164308.97,West,2026-09-30
1000034,50000034,SME,Auto Loan,1273844.2,712,744,0,0,11.65,28,4,996003.26,Central,2026-09-30
1000035,50000035,SME,Mortgage,8933647.21,675,669,0,0,8.13,144,130,12567623.37,Central,2026-09-30
1000036,50000036,SME,Auto Loan,921940.78,705,730,0,15,13.82,83,32,770430.63,South,2026-09-30
1000037,50000037,SME,SME Loan,434241.73,801,818,0,0,9.52,101,57,,North,2026-09-30
1000038,50000038,Retail,Mortgage,7386688.08,738,727,0,30,7.43,246,102,9171646.8,East,2026-09-30
1000039,50000039,SME,SME Loan,1010352.74,666,660,0,0,11.17,37,6,,North,2026-09-30
1000040,50000040,Retail,Mortgage,5311511.11,683,672,0,15,7.66,164,125,6641876.75,West,2026-09-30
1000041,50000041,SME,Mortgage,9853073.54,613,582,0,0,8.94,335,17,11323747.69,South,2026-09-30
1000042,50000042,Retail,Mortgage,2087371.27,565,591,0,0,7.4,298,294,1830749.66,Central,2026-09-30
1000043,50000043,Retail,Personal Loan,1557673.49,837,824,0,0,10.26,37,7,,South,2026-09-30
1000044,50000044,Retail,Auto Loan,1912467.83,736,748,0,0,12.05,70,26,1147894.1,East,2026-09-30
1000045,50000045,Retail,Credit Card,414140.04,716,708,0,0,29.49,53,17,,North,2026-09-30
1000046,50000046,Retail,Auto Loan,1390839.69,739,728,0,15,13.63,69,52,1588441.74,North,2026-09-30
1000047,50000047,SME,SME Loan,9211236.22,667,670,0,0,15.17,103,48,,East,2026-09-30
1000048,50000048,Retail,Auto Loan,3147481.7,695,690,0,0,9.21,59,38,1952341.9,West,2026-09-30
1000049,50000049,Retail,Auto Loan,2854665.3,643,642,0,0,10.35,39,24,3222790.85,North,2026-09-30
1000050,50000050,Retail,Credit Card,461891.2,774,778,0,0,36.43,13,5,,North,2026-09-30
1000051,50000051,SME,Mortgage,5113884.11,678,697,0,0,9.29,167,109,6166863.8,South,2026-09-30
1000052,50000052,Retail,Mortgage,4714414.9,827,818,0,0,7.37,324,51,4133923.5,Central,2026-09-30
1000053,50000053,Retail,Credit Card,185226.99,741,711,0,0,35.46,19,10,,South,2026-09-30
1000054,50000054,Retail,Auto Loan,3440407.15,769,766,0,0,11.65,75,65,3296204.59,South,2026-09-30
1000055,50000055,Retail,Personal Loan,1645830.46,603,602,90,90,15.12,74,26,,South,2026-09-30
1000056,50000056,Retail,Credit Card,155113.63,738,723,0,0,24.22,43,20,,East,2026-09-30
1000057,50000057,Retail,Auto Loan,2358756.44,606,650,0,15,10.67,30,13,2014086.8,West,2026-09-30
1000058,50000058,Retail,Personal Loan,507619.95,736,728,0,0,10.04,37,8,,North,2026-09-30
1000059,50000059,SME,SME Loan,13586037.69,629,659,,15,9.87,112,110,,Central,2026-09-30
1000060,50000060,Retail,Personal Loan,180641.91,853,860,0,0,18.41,18,10,,East,2026-09-30
1000061,50000061,Retail,Auto Loan,1227914.59,530,551,0,15,8.01,76,46,1217680.17,East,2026-09-30
1000062,50000062,Retail,Mortgage,5903950.54,626,597,0,0,8.31,316,131,8606117.87,North,2026-09-30
1000063,50000063,Retail,Credit Card,221673.79,734,707,0,30,37.93,14,6,,North,2026-09-30
1000064,50000064,SME,SME Loan,7292062.19,683,652,0,0,13.89,71,4,,South,2026-09-30
1000065,50000065,Corporate,Mortgage,10729627.22,625,658,0,15,7.62,269,91,12638634.38,West,2026-09-30
1000066,50000066,SME,SME Loan,13922600.24,755,742,0,0,14.42,40,15,,West,2026-09-30
1000067,50000067,Retail,Auto Loan,1603347.3,647,692,0,0,9.53,63,53,1543855.92,West,2026-09-30
1000068,50000068,Retail,Credit Card,337664.59,656,655,0,0,37.75,50,38,,West,2026-09-30
1000069,50000069,SME,SME Loan,11717711.84,727,710,0,0,10.4,104,100,,Central,2026-09-30
1000070,50000070,Retail,Personal Loan,1413293.04,711,678,0,0,19.09,77,21,,South,2026-09-30
1000071,50000071,Retail,Auto Loan,1982424.66,760,789,0,15,9.8,51,5,1430328.19,West,2026-09-30
1000072,50000072,SME,SME Loan,12802414.46,739,694,0,0,9.13,62,45,,West,2026-09-30
1000073,50000073,SME,SME Loan,11617100.87,651,637,0,0,13.59,101,44,,South,2026-09-30
1000074,50000074,Retail,Mortgage,7602120.36,631,642,0,0,7.7,245,193,8916493.92,South,2026-09-30
1000075,50000075,Retail,Mortgage,8846199.47,603,601,45,30,10.34,244,158,7843745.72,East,2026-09-30
1000076,50000076,Retail,Auto Loan,882436.15,597,604,120,135,8.28,49,17,669803.19,South,2026-09-30
1000077,50000077,Retail,Credit Card,143758.38,769,756,0,0,29.47,13,6,,North,2026-09-30
1000078,50000078,SME,SME Loan,14848589.48,692,696,0,0,12.46,31,18,,West,2026-09-30
1000079,50000079,Retail,Personal Loan,933934.55,665,681,0,0,16.44,34,15,,Central,2026-09-30
1000080,50000080,Retail,Credit Card,365387.59,669,685,0,0,34.17,21,6,,East,2026-09-30
1000081,50000081,Retail,Mortgage,10479275.18,590,562,120,120,7.17,121,108,12017190.39,South,2026-09-30
1000082,50000082,SME,SME Loan,14366759.8,806,844,0,0,16.44,26,8,,South,2026-09-30
1000083,50000083,Retail,Credit Card,394575.56,758,750,0,30,39.02,57,11,,West,2026-09-30
1000084,50000084,Retail,Personal Loan,491333.38,657,648,0,15,10.22,73,61,,North,2026-09-30
1000085,50000085,Retail,Auto Loan,3350371.15,762,766,0,0,13.82,44,18,2033168.8,South,2026-09-30
1000086,50000086,Retail,Personal Loan,310675.08,605,616,0,0,17.53,68,64,,West,2026-09-30
1000087,50000087,SME,SME Loan,3613047.89,737,743,0,0,13.28,93,51,,West,2026-09-30
1000088,50000088,Retail,Auto Loan,1943293.53,663,665,0,0,9.61,50,35,2207932.51,South,2026-09-30
1000089,50000089,Retail,Mortgage,5164251.59,694,693,0,0,9.9,329,130,7474589.03,Central,2026-09-30
1000090,50000090,Retail,Auto Loan,478499.74,669,703,0,0,13.42,74,40,506187.99,Central,2026-09-30
1000091,50000091,Retail,Personal Loan,1967261.64,764,747,0,0,12.6,61,59,,North,2026-09-30
1000092,50000092,Retail,Auto Loan,1860271.91,761,785,0,0,13.84,82,62,2182017.92,West,2026-09-30
1000093,50000093,Retail,Personal Loan,681818.96,655,649,180,210,16.84,76,1,,East,2026-09-30
1000094,50000094,Retail,Credit Card,8446.74,705,687,0,0,29.47,14,2,,West,2026-09-30
1000095,50000095,Retail,Credit Card,40557.78,714,692,0,0,36.41,45,3,,South,2026-09-30
1000096,50000096,Retail,Mortgage,7753825.72,669,693,0,0,8.03,344,204,8241962.52,West,2026-09-30
1000097,50000097,Retail,Mortgage,1828330.24,795,806,0,15,8.88,307,40,1812176.07,West,2026-09-30
1000098,50000098,Retail,Auto Loan,2539973.03,852,861,0,0,10.11,52,4,1641786.96,South,2026-09-30
1000099,50000099,SME,SME Loan,12715585.4,795,815,0,0,10.36,104,85,,North,2026-09-30
1000100,50000100,Retail,Mortgage,11432433.7,752,736,0,15,7.91,143,124,15854005.46,West,2026-09-30
1000101,50000101,SME,SME Loan,13776268.96,845,810,0,30,12.28,45,8,,North,2026-09-30
1000102,50000102,Retail,Mortgage,11137366.33,664,666,0,15,7.14,235,222,15804191.35,East,2026-09-30
1000103,50000103,Retail,Mortgage,5501320.29,762,742,0,0,7.21,241,185,7105758.82,East,2026-09-30
1000104,50000104,Retail,Auto Loan,1044753.86,563,550,75,75,13.75,25,4,719452.72,South,2026-09-30
1000105,50000105,Retail,Mortgage,5785763.75,718,706,0,0,7.52,191,61,5469024.72,West,2026-09-30
1000106,50000106,Retail,Personal Loan,912631.43,731,697,0,0,10.19,78,64,,North,2026-09-30
1000107,50000107,Retail,Credit Card,499805.96,709,706,0,0,32.55,38,35,,West,2026-09-30
1000108,50000108,Retail,Personal Loan,1634057.11,642,610,15,30,17.76,60,51,,West,2026-09-30
1000109,50000109,Retail,Mortgage,6439166.38,735,749,0,15,9.15,333,139,6462418.09,North,2026-09-30
1000110,50000110,SME,SME Loan,13337972.79,762,697,0,0,16.11,21,3,,East,2026-09-30
1000111,50000111,SME,SME Loan,13096342.63,769,741,0,0,17.55,43,20,,West,2026-09-30
1000112,50000112,Retail,Credit Card,489944.05,613,628,0,15,26.66,27,4,,South,2026-09-30
1000113,50000113,Retail,Personal Loan,1578827.56,671,658,0,0,19.87,37,18,,West,2026-09-30
1000114,50000114,Retail,Mortgage,9899139.69,799,793,0,15,8.79,335,78,11888649.52,West,2026-09-30
1000115,50000115,SME,Mortgage,10788911.99,643,630,0,0,7.91,317,228,9291331.48,Central,2026-09-30
1000116,50000116,Retail,Personal Loan,1449185.0,606,609,0,0,16.72,40,11,,East,2026-09-30
1000117,50000117,SME,SME Loan,10059938.84,783,735,0,15,12.84,57,34,,West,2026-09-30
1000118,50000118,Retail,Mortgage,8030709.27,858,841,0,0,8.13,278,9,8428972.82,West,2026-09-30
1000119,50000119,Retail,Mortgage,3800677.16,700,691,0,30,7.68,337,335,5578763.07,South,2026-09-30
1000120,50000120,Retail,Mortgage,11842767.4,814,795,15,0,8.82,204,21,12188105.54,West,2026-09-30
1000121,50000121,Retail,Credit Card,415182.32,729,739,0,0,39.19,33,3,,South,2026-09-30
1000122,50000122,Retail,Personal Loan,1392225.98,730,753,0,30,14.43,55,21,,South,2026-09-30
1000123,50000123,SME,SME Loan,3432235.94,669,694,0,15,12.32,106,17,,West,2026-09-30
1000124,50000124,SME,SME Loan,9559211.44,660,681,0,0,10.61,38,23,,East,2026-09-30
1000125,50000125,Retail,Credit Card,460059.62,713,715,0,15,27.14,33,12,,North,2026-09-30
1000126,50000126,Retail,Credit Card,178910.36,707,716,0,30,24.46,52,21,,North,2026-09-30
1000127,50000127,Retail,Mortgage,3122588.69,733,751,0,15,7.49,281,125,4805660.42,Central,2026-09-30
1000128,50000128,Retail,Auto Loan,1721962.62,574,600,0,15,9.85,58,26,1676356.98,East,2026-09-30
1000129,50000129,SME,Mortgage,5776731.59,534,525,0,15,8.62,182,121,6331985.94,North,2026-09-30
1000130,50000130,Retail,Mortgage,881111.99,671,690,0,0,7.66,198,139,1155230.22,West,2026-09-30
1000131,50000131,SME,SME Loan,5102963.14,699,716,0,0,12.56,60,34,,North,2026-09-30
1000132,50000132,Retail,Auto Loan,2122584.54,734,758,30,30,12.32,69,22,1717378.24,West,2026-09-30
1000133,50000133,Retail,Mortgage,8690168.31,705,701,0,0,9.54,254,245,13300030.02,North,2026-09-30
1000134,50000134,SME,SME Loan,3688192.15,767,746,0,0,10.47,39,2,,North,2026-09-30
1000135,50000135,SME,Mortgage,10236998.69,757,773,0,0,8.62,262,240,9473763.24,East,2026-09-30
1000136,50000136,Retail,Mortgage,1109846.61,665,678,0,0,9.4,273,19,1381326.98,West,2026-09-30
1000137,50000137,Retail,Mortgage,7733115.61,651,647,0,15,7.79,166,153,6911868.37,South,2026-09-30
1000138,50000138,Retail,Auto Loan,2684130.02,721,714,0,0,11.69,76,4,2379385.75,East,2026-09-30
1000139,50000139,SME,SME Loan,10459742.55,764,741,0,0,9.25,20,3,,North,2026-09-30
1000140,50000140,Retail,Auto Loan,822573.15,654,671,0,30,10.96,38,38,947293.54,North,2026-09-30
1000141,50000141,Corporate,Corporate Loan,20797591.15,599,596,30,30,9.8,27,5,,West,2026-09-30
1000142,50000142,Retail,Personal Loan,932995.87,794,801,0,0,15.16,47,10,,South,2026-09-30
1000143,50000143,Retail,Personal Loan,681659.85,689,708,0,0,12.07,12,4,,West,2026-09-30
1000144,50000144,Retail,Auto Loan,927414.8,714,712,0,0,9.78,71,22,1071013.87,North,2026-09-30
1000145,50000145,Retail,Mortgage,9085540.03,713,728,0,30,10.38,238,41,9213367.93,South,2026-09-30
1000146,50000146,SME,SME Loan,1840640.21,708,714,0,0,17.23,78,65,,West,2026-09-30
1000147,50000147,Corporate,Corporate Loan,9539387.42,834,854,0,15,8.88,115,9,,Central,2026-09-30
1000148,50000148,Retail,Personal Loan,794097.49,582,553,0,0,16.17,37,16,,South,2026-09-30
1000149,50000149,Retail,Personal Loan,473527.26,720,703,0,0,19.87,84,33,,North,2026-09-30
1000150,50000150,Retail,Mortgage,5442917.77,715,693,0,0,8.55,165,107,5634920.44,North,2026-09-30
1000151,50000151,Retail,Mortgage,11936058.9,742,722,0,30,8.51,296,170,14870052.27,West,2026-09-30
1000152,50000152,Retail,Credit Card,184013.72,694,707,0,0,24.3,34,21,,East,2026-09-30
1000153,50000153,SME,Auto Loan,1485262.75,746,737,0,30,12.0,44,38,1692353.0,Central,2026-09-30
1000154,50000154,Retail,Mortgage,4359749.88,782,791,0,0,9.5,312,303,6148902.72,Central,2026-09-30
1000155,50000155,Retail,Personal Loan,1487214.84,594,592,45,60,19.95,42,18,,West,2026-09-30
1000156,50000156,Retail,Auto Loan,1630386.58,752,728,0,0,13.76,40,21,1619308.41,South,2026-09-30
1000157,50000157,Retail,Personal Loan,1947075.84,641,658,0,0,15.72,57,32,,West,2026-09-30
1000158,50000158,Retail,Auto Loan,383993.2,528,561,75,60,12.49,77,73,439375.62,South,2026-09-30
1000159,50000159,SME,SME Loan,3897087.39,613,611,0,0,12.15,86,35,,West,2026-09-30
1000160,50000160,Retail,Credit Card,205527.29,698,683,0,0,36.31,57,19,,East,2026-09-30
1000161,50000161,SME,Mortgage,6170285.09,662,651,0,0,10.09,281,9,6671166.21,North,2026-09-30
1000162,50000162,Retail,Personal Loan,837304.9,838,827,0,0,17.38,17,11,,West,2026-09-30
1000163,50000163,Retail,Credit Card,133224.05,835,867,0,30,41.35,42,14,,East,2026-09-30
1000164,50000164,Retail,Credit Card,391475.39,644,611,60,75,32.82,44,30,,South,2026-09-30
1000165,50000165,Retail,Mortgage,10983324.23,639,608,0,30,7.78,356,84,16328545.61,West,2026-09-30
1000166,50000166,Retail,Credit Card,451184.67,797,756,0,0,34.45,49,28,,West,2026-09-30
1000167,50000167,Retail,Mortgage,767802.18,700,725,0,0,8.12,348,178,1188792.14,West,2026-09-30
1000168,50000168,Retail,Credit Card,374711.54,685,687,0,0,28.81,19,5,,Central,2026-09-30
1000169,50000169,Retail,Mortgage,7851616.28,693,676,0,0,7.15,340,264,8063791.81,North,2026-09-30
1000170,50000170,Retail,Mortgage,5366953.33,736,713,0,0,8.62,220,169,5318249.13,South,2026-09-30
1000171,50000171,Retail,Credit Card,153097.91,645,644,0,0,38.64,38,5,,West,2026-09-30
1000172,50000172,SME,Auto Loan,1140815.83,753,711,0,15,11.09,71,49,1355442.27,South,2026-09-30
1000173,50000173,SME,Auto Loan,2949082.21,568,563,30,30,10.07,36,5,1839104.12,East,2026-09-30
1000174,50000174,Retail,Auto Loan,1287831.78,711,757,0,0,12.92,78,42,1059144.1,South,2026-09-30
1000175,50000175,Retail,Personal Loan,1768888.88,801,809,0,0,10.8,76,16,,North,2026-09-30
1000176,50000176,SME,SME Loan,10679422.2,604,603,0,0,11.77,19,8,,North,2026-09-30
1000177,50000177,Retail,Mortgage,8278689.25,630,636,0,15,7.77,185,145,7843870.94,North,2026-09-30
1000178,50000178,Retail,Auto Loan,2446179.21,621,609,0,0,12.4,43,25,2033777.82,North,2026-09-30
1000179,50000179,Retail,Auto Loan,551110.73,702,726,0,0,9.1,59,19,381268.53,South,2026-09-30
1000180,50000180,Retail,Mortgage,10792602.97,776,768,0,0,10.16,271,154,10796881.45,West,2026-09-30
1000181,50000181,Retail,Credit Card,32285.47,639,637,0,0,30.77,50,18,,West,2026-09-30
1000182,50000182,Retail,Auto Loan,2664879.71,705,713,0,0,12.58,79,62,2318497.63,North,2026-09-30
1000183,50000183,Retail,Auto Loan,1716598.23,717,745,0,0,12.7,62,53,1599750.8,East,2026-09-30
1000184,50000184,Retail,Auto Loan,639687.17,691,705,45,45,10.9,37,16,470153.37,East,2026-09-30
1000185,50000185,Retail,Mortgage,9094054.61,726,711,0,0,9.71,222,69,10645935.28,West,2026-09-30
1000186,50000186,Retail,Personal Loan,172831.38,697,676,0,0,16.34,17,15,,South,2026-09-30
1000187,50000187,SME,Mortgage,6819996.69,665,663,30,60,7.25,175,67,7549362.02,East,2026-09-30
1000188,50000188,Retail,Auto Loan,2127953.65,772,758,0,0,10.54,28,1,1368577.44,Central,2026-09-30
1000189,50000189,Retail,Credit Card,9261.04,723,696,,0,38.11,27,18,,South,2026-09-30
1000190,50000190,Retail,Mortgage,11083107.09,524,549,0,0,7.25,232,169,15090551.8,South,2026-09-30
1000191,50000191,SME,SME Loan,14312288.76,781,775,0,0,12.91,17,10,,Central,2026-09-30
1000192,50000192,Retail,Mortgage,3421723.77,844,860,0,0,9.13,171,92,4747862.76,North,2026-09-30
1000193,50000193,Retail,Personal Loan,553660.09,594,618,0,0,14.95,34,9,,West,2026-09-30
1000194,50000194,SME,SME Loan,12511557.25,712,714,0,30,10.31,119,33,,West,2026-09-30
1000195,50000195,SME,SME Loan,6430264.27,665,651,0,15,15.68,119,70,,West,2026-09-30
1000196,50000196,Retail,Personal Loan,1367345.87,874,879,0,0,10.92,16,9,,Central,2026-09-30
1000197,50000197,Retail,Mortgage,1393319.62,687,699,0,0,7.48,189,107,1251533.14,South,2026-09-30
1000198,50000198,SME,SME Loan,7161058.96,599,599,15,0,9.01,104,12,,West,2026-09-30
1000199,50000199,Retail,Mortgage,10735208.76,788,801,0,30,9.57,287,213,15982902.6,East,2026-09-30
1000200,50000200,Retail,Auto Loan,1968719.81,703,765,0,0,13.17,66,22,1274967.94,West,2026-09-30
1000201,50000201,Retail,Mortgage,682399.46,670,698,,0,9.89,318,234,808973.46,West,2026-09-30
1000202,50000202,Retail,Personal Loan,1298499.73,630,648,0,15,19.53,38,18,,East,2026-09-30
1000203,50000203,Retail,Personal Loan,209353.98,662,693,0,0,16.15,17,10,,West,2026-09-30
1000204,50000204,SME,Auto Loan,1887051.37,684,695,0,15,9.32,70,13,1321091.4,West,2026-09-30
1000205,50000205,Retail,Mortgage,807346.47,747,789,0,0,9.3,326,89,753646.38,North,2026-09-30
1000206,50000206,Retail,Credit Card,84661.71,816,801,0,0,33.52,47,43,,South,2026-09-30
1000207,50000207,Retail,Mortgage,9968450.51,665,610,0,0,10.21,201,52,13001409.48,South,2026-09-30
1000208,50000208,Retail,Credit Card,211077.77,655,653,0,0,33.87,53,22,,North,2026-09-30
1000209,50000209,Retail,Personal Loan,381250.12,747,722,0,0,14.45,81,69,,South,2026-09-30
1000210,50000210,Retail,Mortgage,3113053.29,806,824,0,0,9.43,212,39,2784046.28,South,2026-09-30
1000211,50000211,Retail,Mortgage,651073.5,481,511,45,15,8.09,189,184,974469.39,South,2026-09-30
1000212,50000212,Retail,Personal Loan,1269759.67,499,507,15,45,13.27,62,10,,West,2026-09-30
1000213,50000213,Retail,Auto Loan,3391508.24,677,663,0,15,11.48,77,22,3634963.75,West,2026-09-30
1000214,50000214,Retail,Auto Loan,902335.38,658,695,0,0,8.26,76,6,621623.02,Central,2026-09-30
1000215,50000215,Retail,Personal Loan,1696052.04,702,674,0,0,16.75,34,27,,North,2026-09-30
1000216,50000216,Retail,Personal Loan,1968634.39,596,597,0,0,18.48,43,23,,East,2026-09-30
1000217,50000217,Retail,Personal Loan,362381.72,614,616,0,0,19.52,32,5,,North,2026-09-30
1000218,50000218,Retail,Mortgage,2970302.16,745,782,75,60,9.38,131,15,2686193.08,West,2026-09-30
1000219,50000219,Retail,Personal Loan,353975.02,580,597,0,0,11.47,47,25,,West,2026-09-30
1000220,50000220,Retail,Credit Card,77799.41,638,647,0,0,24.07,33,32,,East,2026-09-30
1000221,50000221,SME,SME Loan,12652968.03,756,773,0,30,16.26,77,21,,East,2026-09-30
1000222,50000222,SME,Mortgage,11706911.24,789,753,0,0,7.88,266,255,16724188.79,North,2026-09-30
1000223,50000223,Retail,Personal Loan,1864477.27,731,712,0,0,14.08,66,37,,Central,2026-09-30
1000224,50000224,Retail,Credit Card,199733.34,767,768,0,0,25.83,48,28,,South,2026-09-30
1000225,50000225,Retail,Mortgage,7266476.07,744,737,0,0,7.11,316,72,7001798.26,West,2026-09-30
1000226,50000226,SME,SME Loan,13023716.67,738,751,0,0,13.56,74,42,,East,2026-09-30
1000227,50000227,Retail,Personal Loan,95838.54,674,679,0,0,15.76,77,67,,North,2026-09-30
1000228,50000228,Retail,Auto Loan,982479.24,678,703,60,75,9.51,58,3,987437.03,East,2026-09-30
1000229,50000229,Retail,Mortgage,4763182.96,704,678,0,0,9.77,227,68,6088201.05,West,2026-09-30
1000230,50000230,Retail,Credit Card,296538.37,577,597,0,0,27.95,13,12,,West,2026-09-30
1000231,50000231,Retail,Mortgage,2492014.08,652,658,0,0,7.2,184,110,3607775.79,North,2026-09-30
1000232,50000232,Retail,Credit Card,153834.94,607,627,0,0,38.16,34,11,,West,2026-09-30
1000233,50000233,Retail,Mortgage,6548519.34,773,783,0,15,8.89,143,35,7253649.26,West,2026-09-30
1000234,50000234,Retail,Mortgage,3642647.17,586,624,0,0,8.85,262,149,4998402.6,West,2026-09-30
1000235,50000235,Retail,Credit Card,38721.63,652,657,0,0,27.49,43,27,,West,2026-09-30
1000236,50000236,Retail,Credit Card,332260.28,709,710,0,0,30.82,21,8,,West,2026-09-30
1000237,50000237,Retail,Personal Loan,1126083.05,589,587,0,0,16.51,26,23,,South,2026-09-30
1000238,50000238,Retail,Credit Card,115683.4,706,730,0,30,31.39,51,7,,West,2026-09-30
1000239,50000239,Retail,Mortgage,11807973.76,785,830,0,0,8.39,235,223,11576686.2,West,2026-09-30
1000240,50000240,SME,Mortgage,11712776.27,713,736,0,0,10.18,286,76,14290916.2,West,2026-09-30
1000241,50000241,Retail,Mortgage,2111862.18,648,682,60,60,8.62,149,19,2498889.74,South,2026-09-30
1000242,50000242,Corporate,Corporate Loan,37372150.16,727,740,0,30,10.07,45,20,,East,2026-09-30
1000243,50000243,Retail,Auto Loan,1302821.15,644,635,0,0,9.86,68,17,1354975.14,South,2026-09-30
1000244,50000244,Retail,Personal Loan,284346.52,658,672,0,0,13.76,67,28,,South,2026-09-30
1000245,50000245,Retail,Credit Card,17805.31,759,759,0,15,38.34,39,23,,West,2026-09-30
1000246,50000246,Retail,Credit Card,427584.67,747,745,0,0,27.27,24,20,,North,2026-09-30
1000247,50000247,Retail,Credit Card,223904.07,784,805,0,0,27.54,50,18,,South,2026-09-30
1000248,50000248,Retail,Auto Loan,430830.14,756,745,0,0,11.51,41,3,293715.79,North,2026-09-30
1000249,50000249,Retail,Auto Loan,494427.04,776,783,0,0,13.71,61,45,511667.6,North,2026-09-30
1000250,50000250,Retail,Personal Loan,1373060.59,702,669,0,30,11.01,68,7,,South,2026-09-30
1000251,50000251,Retail,Credit Card,194242.14,645,664,0,0,26.32,54,30,,East,2026-09-30
1000252,50000252,Retail,Personal Loan,1239283.47,666,665,0,0,18.08,55,5,,West,2026-09-30
1000253,50000253,Retail,Personal Loan,1524035.65,674,678,0,0,12.54,52,51,,West,2026-09-30
1000254,50000254,Retail,Credit Card,255364.97,784,754,0,0,30.9,43,26,,East,2026-09-30
1000255,50000255,Retail,Auto Loan,820398.95,699,771,0,0,10.95,67,60,578640.17,West,2026-09-30
1000256,50000256,Retail,Auto Loan,1112506.96,735,735,0,0,10.67,32,22,695260.14,South,2026-09-30
1000257,50000257,Retail,Credit Card,37065.76,842,797,0,0,34.23,60,18,,West,2026-09-30
1000258,50000258,SME,Auto Loan,3367407.13,735,749,0,0,13.94,71,39,3027502.07,North,2026-09-30
1000259,50000259,Retail,Auto Loan,1319281.33,,743,0,15,11.08,84,27,855107.41,West,2026-09-30
1000260,50000260,SME,SME Loan,9636765.17,754,781,0,15,11.61,97,37,,South,2026-09-30
1000261,50000261,Retail,Credit Card,485078.24,734,752,0,15,25.41,40,34,,East,2026-09-30
1000262,50000262,Retail,Mortgage,878471.51,808,777,0,30,10.14,203,59,1071955.35,East,2026-09-30
1000263,50000263,SME,SME Loan,10234699.82,559,613,0,0,11.48,30,24,,South,2026-09-30
1000264,50000264,Retail,Mortgage,8968308.74,553,578,0,0,7.31,145,29,12902253.64,West,2026-09-30
1000265,50000265,Retail,Mortgage,11955254.19,802,791,0,0,9.06,141,110,15078526.85,North,2026-09-30
1000266,50000266,Retail,Credit Card,455441.38,610,662,0,0,31.41,31,17,,South,2026-09-30
1000267,50000267,Retail,Personal Loan,838946.49,661,688,0,0,11.16,26,9,,North,2026-09-30
1000268,50000268,Retail,Credit Card,417900.72,812,791,0,0,39.69,27,16,,North,2026-09-30
1000269,50000269,Corporate,Corporate Loan,55709240.12,718,702,0,0,12.6,43,18,,South,2026-09-30
1000270,50000270,Retail,Mortgage,6268785.96,733,726,0,15,7.04,145,19,6300512.28,West,2026-09-30
1000271,50000271,Retail,Credit Card,451726.73,667,680,0,0,28.79,25,3,,East,2026-09-30
1000272,50000272,SME,SME Loan,9179502.55,787,775,0,15,15.09,34,14,,West,2026-09-30
1000273,50000273,SME,SME Loan,5632497.54,677,651,0,0,16.07,75,16,,East,2026-09-30
1000274,50000274,Retail,Mortgage,6761979.58,564,595,0,0,10.42,339,304,8069478.29,West,2026-09-30
1000275,50000275,SME,SME Loan,11632657.93,705,716,0,0,13.12,91,34,,West,2026-09-30
1000276,50000276,Retail,Auto Loan,3061908.23,668,682,60,60,8.99,79,13,2338272.81,West,2026-09-30
1000277,50000277,Corporate,Corporate Loan,71462510.37,712,678,0,0,7.82,132,3,,Central,2026-09-30
1000278,50000278,Retail,Credit Card,112451.31,758,746,0,0,37.64,38,38,,Central,2026-09-30
1000279,50000279,Corporate,Corporate Loan,16807531.38,694,715,0,0,8.06,149,68,,West,2026-09-30
1000280,50000280,Retail,Personal Loan,177602.47,772,771,0,0,10.66,66,41,,West,2026-09-30
1000281,50000281,Retail,Auto Loan,962485.91,894,885,0,0,12.96,37,15,802193.83,South,2026-09-30
1000282,50000282,Retail,Auto Loan,267415.49,618,645,0,0,8.55,84,83,281347.91,West,2026-09-30
1000283,50000283,Retail,Personal Loan,1281099.23,782,785,0,0,12.92,50,40,,East,2026-09-30
1000284,50000284,Retail,Personal Loan,1464470.02,783,782,0,0,15.43,14,8,,West,2026-09-30
1000285,50000285,Retail,Personal Loan,1446071.66,814,784,0,30,16.03,34,3,,North,2026-09-30
1000286,50000286,Corporate,Corporate Loan,8380305.14,777,772,0,15,8.96,17,3,,Central,2026-09-30
1000287,50000287,Retail,Personal Loan,790334.53,750,732,45,30,16.31,12,6,,West,2026-09-30
1000288,50000288,Retail,Credit Card,451442.27,577,595,60,45,32.42,49,13,,East,2026-09-30
1000289,50000289,Retail,Credit Card,427032.05,640,606,0,0,27.55,25,15,,South,2026-09-30
1000290,50000290,Retail,Personal Loan,296550.99,619,669,0,0,16.06,55,9,,West,2026-09-30
1000291,50000291,Retail,Mortgage,1467556.56,640,664,15,15,9.08,140,118,2206427.97,South,2026-09-30
1000292,50000292,Retail,Personal Loan,1171223.82,597,604,0,15,10.18,59,15,,East,2026-09-30
1000293,50000293,Retail,Auto Loan,2255670.35,774,773,0,0,12.33,59,12,2592512.61,South,2026-09-30
1000294,50000294,SME,SME Loan,12343847.52,723,714,0,0,17.32,119,92,,North,2026-09-30
1000295,50000295,SME,SME Loan,2709849.71,763,736,0,0,16.36,36,26,,Central,2026-09-30
1000296,50000296,Retail,Mortgage,10715062.03,768,760,0,0,9.89,348,214,11304869.29,South,2026-09-30
1000297,50000297,Retail,Credit Card,21562.33,661,683,0,15,36.07,47,9,,West,2026-09-30
1000298,50000298,SME,SME Loan,4285336.38,716,708,0,0,15.5,99,68,,North,2026-09-30
1000299,50000299,Retail,Credit Card,312809.89,697,691,60,75,36.9,59,35,,West,2026-09-30
1000300,50000300,Retail,Mortgage,10168164.17,689,691,0,0,7.5,312,182,15740804.98,East,2026-09-30
1000301,50000301,SME,Mortgage,5159094.95,505,529,0,0,8.31,290,83,4911988.46,West,2026-09-30
1000302,50000302,Retail,Mortgage,6295067.65,797,802,0,15,8.69,185,4,7818296.56,East,2026-09-30
1000303,50000303,SME,SME Loan,1344519.18,726,726,0,0,9.58,92,14,,West,2026-09-30
1000304,50000304,SME,SME Loan,4509112.36,715,739,0,0,14.91,117,101,,South,2026-09-30
1000305,50000305,Retail,Personal Loan,465506.42,633,618,45,30,13.81,32,1,,South,2026-09-30
1000306,50000306,SME,SME Loan,11850544.23,719,725,0,0,17.42,47,34,,West,2026-09-30
1000307,50000307,Retail,Credit Card,92821.46,646,668,0,0,30.5,60,29,,Central,2026-09-30
1000308,50000308,Retail,Credit Card,152538.34,591,607,0,15,26.95,27,11,,West,2026-09-30
1000309,50000309,SME,Mortgage,1846195.39,734,720,0,0,8.72,166,5,1899900.9,East,2026-09-30
1000310,50000310,SME,SME Loan,4156833.51,744,720,0,0,14.05,34,6,,North,2026-09-30
1000311,50000311,Retail,Personal Loan,1020696.6,715,699,0,0,17.0,20,1,,West,2026-09-30
1000312,50000312,Retail,Personal Loan,1074458.96,665,644,0,0,10.83,48,7,,West,2026-09-30
1000313,50000313,Retail,Mortgage,10991583.53,673,666,0,0,7.79,360,9,14234835.41,East,2026-09-30
1000314,50000314,Retail,Credit Card,267998.73,757,729,0,0,35.94,16,12,,West,2026-09-30
1000315,50000315,Corporate,Mortgage,8933786.38,722,728,0,0,8.83,252,227,7762058.84,South,2026-09-30
1000316,50000316,Corporate,Mortgage,11744169.23,678,711,0,0,9.43,300,231,16588138.02,West,2026-09-30
1000317,50000317,Retail,Personal Loan,1588772.87,703,678,0,0,11.62,71,35,,North,2026-09-30
1000318,50000318,Retail,Auto Loan,2145355.81,690,724,0,0,10.73,38,33,1582548.95,Central,2026-09-30
1000319,50000319,Retail,Credit Card,91360.91,735,719,0,0,34.41,55,43,,Central,2026-09-30
1000320,50000320,Retail,Mortgage,9012308.78,614,604,0,0,9.51,152,94,10868394.65,South,2026-09-30
1000321,50000321,Retail,Credit Card,29139.62,672,664,0,0,34.81,15,8,,East,2026-09-30
1000322,50000322,SME,SME Loan,5180894.33,751,748,0,15,14.73,100,78,,Central,2026-09-30
1000323,50000323,Retail,Mortgage,10067041.09,749,769,0,0,7.38,229,132,9345140.32,West,2026-09-30
1000324,50000324,Retail,Mortgage,9398819.42,826,816,0,15,9.12,264,66,14507375.53,West,2026-09-30
1000325,50000325,Retail,Mortgage,4806806.51,620,665,180,165,7.32,266,174,4820081.98,South,2026-09-30
1000326,50000326,SME,SME Loan,3219811.21,693,667,0,0,17.25,84,11,,West,2026-09-30
1000327,50000327,SME,Auto Loan,343908.65,676,654,0,30,8.51,47,38,379409.58,West,2026-09-30
1000328,50000328,SME,SME Loan,13042437.24,787,802,0,0,13.86,51,1,,North,2026-09-30
1000329,50000329,Retail,Auto Loan,2562414.4,649,648,0,0,10.42,35,16,1572403.55,South,2026-09-30
1000330,50000330,Retail,Credit Card,31965.59,642,680,0,0,29.17,38,19,,West,2026-09-30
1000331,50000331,SME,SME Loan,9555737.82,680,716,0,0,16.3,46,42,,Central,2026-09-30
1000332,50000332,Corporate,Corporate Loan,55667685.7,670,647,30,30,13.32,115,93,,East,2026-09-30
1000333,50000333,SME,SME Loan,13622371.42,622,624,30,60,13.12,49,39,,South,2026-09-30
1000334,50000334,Retail,Mortgage,6242835.76,687,731,90,90,10.13,219,160,5998464.75,West,2026-09-30
1000335,50000335,Retail,Credit Card,165422.49,715,745,45,45,38.22,43,15,,Central,2026-09-30
1000336,50000336,SME,Mortgage,4006622.7,629,636,0,0,8.36,154,67,4234361.64,South,2026-09-30
1000337,50000337,Retail,Personal Loan,1007675.88,757,758,0,0,13.51,38,28,,East,2026-09-30
1000338,50000338,Retail,Mortgage,2085112.82,762,773,0,15,8.34,321,217,3017336.47,West,2026-09-30
1000339,50000339,Retail,Credit Card,166339.89,585,592,0,0,32.84,20,10,,South,2026-09-30
1000340,50000340,Retail,Mortgage,838261.73,685,705,0,0,8.14,229,194,1194921.53,North,2026-09-30
1000341,50000341,Retail,Auto Loan,1478244.13,716,709,0,30,9.59,75,11,1184053.83,North,2026-09-30
1000342,50000342,Retail,Credit Card,208548.1,734,717,0,0,34.17,13,1,,Central,2026-09-30
1000343,50000343,Retail,Mortgage,1522933.6,626,632,0,15,9.92,182,20,1399939.57,North,2026-09-30
1000344,50000344,Retail,Mortgage,10675572.54,702,722,60,90,7.97,277,170,9463434.66,West,2026-09-30
1000345,50000345,Retail,Credit Card,70162.35,761,760,0,0,37.65,60,10,,West,2026-09-30
1000346,50000346,SME,SME Loan,4630184.89,680,673,0,0,13.04,84,1,,East,2026-09-30
1000347,50000347,Retail,Auto Loan,3303018.26,754,743,0,30,12.64,38,19,3102302.68,East,2026-09-30
1000348,50000348,Retail,Personal Loan,1943274.7,838,818,0,15,17.57,49,22,,East,2026-09-30
1000349,50000349,Retail,Personal Loan,782133.78,626,620,45,75,14.39,77,20,,North,2026-09-30
1000350,50000350,Retail,Mortgage,4653489.59,612,610,45,15,9.49,271,61,5191433.63,East,2026-09-30
1000351,50000351,Retail,Credit Card,383551.82,759,742,0,15,27.43,16,2,,South,2026-09-30
1000352,50000352,Retail,Auto Loan,845719.96,674,674,120,105,9.51,65,6,859969.92,East,2026-09-30
1000353,50000353,Retail,Auto Loan,2390305.22,662,653,0,0,8.65,56,1,2643138.74,South,2026-09-30
1000354,50000354,Corporate,Corporate Loan,46605480.04,828,821,0,0,12.72,73,72,,Central,2026-09-30
1000355,50000355,Retail,Mortgage,11994830.79,627,670,0,30,10.01,270,228,12674671.93,North,2026-09-30
1000356,50000356,Retail,Mortgage,7207762.27,807,795,0,0,8.81,239,87,8694970.46,West,2026-09-30
1000357,50000357,Retail,Auto Loan,2393977.14,639,672,0,0,10.24,64,9,2510264.1,South,2026-09-30
1000358,50000358,Retail,Mortgage,2973291.74,638,618,0,0,9.1,242,161,4228284.57,South,2026-09-30
1000359,50000359,Retail,Personal Loan,1926589.43,711,702,0,0,19.75,73,45,,South,2026-09-30
1000360,50000360,Retail,Personal Loan,1823317.78,713,755,0,30,15.29,44,35,,West,2026-09-30
1000361,50000361,Retail,Personal Loan,504774.0,603,603,0,0,15.56,84,75,,East,2026-09-30
1000362,50000362,Retail,Personal Loan,587269.3,637,669,0,15,12.56,23,12,,North,2026-09-30
1000363,50000363,Retail,Credit Card,19206.99,640,612,0,0,26.64,43,3,,West,2026-09-30
1000364,50000364,Retail,Credit Card,54278.87,637,675,0,15,37.85,17,8,,West,2026-09-30
1000365,50000365,Retail,Personal Loan,584718.28,700,722,0,30,12.99,12,4,,Central,2026-09-30
1000366,50000366,Retail,Credit Card,40070.41,641,659,0,0,33.51,37,13,,West,2026-09-30
1000367,50000367,Retail,Mortgage,6609236.17,720,713,0,0,8.66,187,119,7731176.38,South,2026-09-30
1000368,50000368,Retail,Mortgage,10530439.96,691,673,0,0,10.28,333,105,12191992.72,North,2026-09-30
1000369,50000369,Retail,Auto Loan,1628979.94,766,743,0,15,10.16,68,2,1216797.25,West,2026-09-30
1000370,50000370,Retail,Mortgage,6581217.38,722,675,0,0,10.14,278,9,7901771.78,South,2026-09-30
1000371,50000371,SME,Auto Loan,3309534.93,661,658,0,0,13.13,40,3,2404621.32,West,2026-09-30
1000372,50000372,Retail,Mortgage,10459117.23,667,667,0,0,8.11,337,24,9599540.38,West,2026-09-30
1000373,50000373,Retail,Auto Loan,2298135.41,772,727,0,0,8.19,55,42,1838989.41,South,2026-09-30
1000374,50000374,Retail,Mortgage,10546964.25,603,604,30,30,8.79,199,27,12977262.49,South,2026-09-30
1000375,50000375,Retail,Credit Card,100733.71,642,686,45,30,29.02,45,39,,West,2026-09-30
1000376,50000376,SME,SME Loan,14262088.45,633,652,0,0,11.56,89,12,,South,2026-09-30
1000377,50000377,SME,SME Loan,9610229.64,748,727,0,15,15.34,54,12,,North,2026-09-30
1000378,50000378,Retail,Personal Loan,728273.1,613,636,30,15,17.05,53,21,,North,2026-09-30
1000379,50000379,SME,Auto Loan,892246.61,601,589,0,0,8.51,80,38,629443.58,West,2026-09-30
1000380,50000380,Retail,Credit Card,182390.15,611,601,0,15,24.02,25,10,,West,2026-09-30
1000381,50000381,Retail,Mortgage,8194244.69,819,816,0,0,9.79,203,131,9985737.44,Central,2026-09-30
1000382,50000382,SME,Auto Loan,1019391.18,900,881,0,15,12.01,80,10,794624.21,South,2026-09-30
1000383,50000383,Retail,Mortgage,11219288.92,645,669,60,30,7.45,330,294,10745499.2,West,2026-09-30
1000384,50000384,Corporate,Corporate Loan,70848388.78,,791,0,0,10.76,47,35,,South,2026-09-30
1000385,50000385,Retail,Personal Loan,1584588.37,748,743,0,0,11.11,32,26,,North,2026-09-30
1000386,50000386,Corporate,Corporate Loan,31222410.44,684,703,60,30,12.68,44,35,,South,2026-09-30
1000387,50000387,Retail,Mortgage,1679881.16,598,571,45,30,10.3,199,97,,West,2026-09-30
1000388,50000388,Retail,Mortgage,10050027.77,812,833,0,0,8.84,155,135,12649812.45,East,2026-09-30
1000389,50000389,Retail,Personal Loan,1137609.54,759,776,0,0,18.33,66,12,,South,2026-09-30
1000390,50000390,Retail,Mortgage,1754235.23,526,558,45,15,7.69,221,163,1507474.61,West,2026-09-30
1000391,50000391,Retail,Auto Loan,978190.7,854,810,0,0,10.25,51,4,786180.18,West,2026-09-30
1000392,50000392,Retail,Personal Loan,1943200.65,632,656,0,15,16.39,74,58,,West,2026-09-30
1000393,50000393,Retail,Credit Card,354268.04,637,659,0,0,26.36,39,34,,West,2026-09-30
1000394,50000394,Retail,Mortgage,4845890.19,713,726,0,15,9.38,285,162,6474927.87,North,2026-09-30
1000395,50000395,Retail,Credit Card,181341.67,709,703,0,0,39.39,19,1,,West,2026-09-30
1000396,50000396,Retail,Credit Card,472151.63,618,604,75,105,35.4,13,12,,West,2026-09-30
1000397,50000397,Retail,Credit Card,131057.25,500,499,30,30,39.75,54,17,,North,2026-09-30
1000398,50000398,Retail,Auto Loan,2468497.9,723,693,0,0,9.5,44,24,1512379.03,North,2026-09-30
1000399,50000399,SME,SME Loan,4213297.74,685,664,0,15,12.77,51,50,,East,2026-09-30
1000400,50000400,Retail,Mortgage,6991953.39,561,577,30,45,8.93,194,31,9068076.65,South,2026-09-30
1000401,50000401,Retail,Credit Card,247779.77,722,702,0,0,34.08,45,31,,West,2026-09-30
1000402,50000402,Corporate,Corporate Loan,40467245.47,659,660,0,0,10.65,147,136,,North,2026-09-30
1000403,50000403,Retail,Credit Card,457909.49,885,900,0,30,31.85,24,17,,East,2026-09-30
1000404,50000404,Retail,Auto Loan,1654844.85,761,743,0,0,8.1,51,41,1586771.85,Central,2026-09-30
1000405,50000405,SME,SME Loan,8154401.04,639,641,0,0,14.9,73,19,,East,2026-09-30
1000406,50000406,Retail,Mortgage,6130454.97,785,751,0,0,7.91,189,147,9110563.09,West,2026-09-30
1000407,50000407,SME,SME Loan,7138682.7,602,625,0,0,9.32,81,13,,South,2026-09-30
1000408,50000408,Retail,Auto Loan,1622771.77,757,751,0,0,8.0,56,29,1806256.79,West,2026-09-30
1000409,50000409,Retail,Mortgage,8487407.15,712,668,0,0,8.85,124,103,12818991.73,West,2026-09-30
1000410,50000410,Retail,Personal Loan,1565226.21,696,706,0,0,12.19,77,40,,West,2026-09-30
1000411,50000411,Retail,Mortgage,6893758.29,666,674,0,0,7.89,211,97,6863026.53,West,2026-09-30
1000412,50000412,Retail,Mortgage,2053232.4,605,624,15,0,10.02,203,42,2544255.47,West,2026-09-30
1000413,50000413,SME,Auto Loan,2232096.96,,787,0,30,12.88,77,16,1595611.62,North,2026-09-30
1000414,50000414,Retail,Credit Card,46977.14,669,679,0,0,27.37,29,1,,South,2026-09-30
1000415,50000415,SME,Auto Loan,1955722.75,629,632,0,0,9.84,51,35,1811737.42,West,2026-09-30
1000416,50000416,Retail,Mortgage,2145631.0,721,722,0,0,8.07,137,20,2960972.01,South,2026-09-30
1000417,50000417,Corporate,Corporate Loan,36252879.03,759,739,0,15,7.88,62,5,,North,2026-09-30
1000418,50000418,Retail,Personal Loan,1931767.1,800,781,0,0,16.93,72,38,,West,2026-09-30
1000419,50000419,Retail,Auto Loan,994710.81,563,576,0,0,12.36,50,23,1009350.33,Central,2026-09-30
1000420,50000420,SME,SME Loan,4506468.94,775,762,0,0,14.68,56,52,,North,2026-09-30
1000421,50000421,Retail,Mortgage,9594976.17,786,772,0,0,8.26,128,112,8672652.44,East,2026-09-30
1000422,50000422,SME,SME Loan,4559767.58,680,656,0,0,17.03,47,17,,West,2026-09-30
1000423,50000423,SME,SME Loan,951293.42,618,594,0,0,13.33,77,8,,Central,2026-09-30
1000424,50000424,Retail,Mortgage,1392351.98,621,638,0,15,9.34,164,10,1324056.32,West,2026-09-30
1000425,50000425,Retail,Mortgage,10982826.26,700,674,0,0,7.9,262,110,9402248.67,East,2026-09-30
1000426,50000426,Retail,Mortgage,8303352.43,740,732,0,0,9.54,166,127,12322101.47,South,2026-09-30
1000427,50000427,Retail,Personal Loan,1526404.13,748,774,0,0,19.84,57,43,,West,2026-09-30
1000428,50000428,Retail,Mortgage,8902804.07,596,589,0,0,7.41,180,55,12175297.84,West,2026-09-30
1000429,50000429,Retail,Mortgage,10285371.83,618,650,60,45,7.07,313,220,,Central,2026-09-30
1000430,50000430,Retail,Personal Loan,1659549.13,715,697,0,15,18.28,32,5,,West,2026-09-30
1000431,50000431,Retail,Auto Loan,656593.64,825,853,0,0,9.95,44,44,508252.16,East,2026-09-30
1000432,50000432,SME,SME Loan,4583230.6,684,727,0,15,14.77,26,9,,North,2026-09-30
1000433,50000433,Retail,Personal Loan,125779.66,865,842,0,0,14.32,45,8,,North,2026-09-30
1000434,50000434,Retail,Personal Loan,444705.03,690,680,0,0,10.84,46,16,,Central,2026-09-30
1000435,50000435,Retail,Personal Loan,1739200.14,774,791,0,0,14.6,68,33,,North,2026-09-30
1000436,50000436,Retail,Mortgage,5527631.71,806,780,0,0,10.18,212,148,8521462.61,South,2026-09-30
1000437,50000437,Retail,Personal Loan,860774.45,716,714,30,30,11.14,20,7,,East,2026-09-30
1000438,50000438,Retail,Personal Loan,776785.39,775,757,0,0,14.85,37,31,,Central,2026-09-30
1000439,50000439,Retail,Personal Loan,559577.99,806,806,0,15,14.96,37,7,,South,2026-09-30
1000440,50000440,Retail,Personal Loan,1777199.25,761,749,0,0,16.93,80,78,,East,2026-09-30
1000441,50000441,Retail,Auto Loan,1513997.36,630,650,90,105,8.17,66,57,1396046.63,South,2026-09-30
1000442,50000442,Retail,Mortgage,10540521.69,597,623,0,0,10.11,194,144,8959556.68,South,2026-09-30
1000443,50000443,SME,SME Loan,2020366.17,681,701,0,30,10.81,23,15,,West,2026-09-30
1000444,50000444,Retail,Credit Card,201870.01,744,728,0,15,33.94,24,18,,North,2026-09-30
1000445,50000445,Retail,Credit Card,7668.72,690,697,0,0,36.81,57,9,,West,2026-09-30
1000446,50000446,Retail,Credit Card,303256.95,715,704,0,0,33.29,48,3,,South,2026-09-30
1000447,50000447,Retail,Mortgage,4502875.76,738,761,0,0,8.84,213,88,5089375.44,South,2026-09-30
1000448,50000448,Corporate,Corporate Loan,38596392.79,814,820,0,0,12.25,176,56,,South,2026-09-30
1000449,50000449,SME,SME Loan,7057905.55,692,698,0,0,11.53,44,13,,South,2026-09-30
1000450,50000450,SME,SME Loan,9255362.91,639,638,0,0,12.85,51,25,,East,2026-09-30
1000451,50000451,Retail,Mortgage,2647101.78,716,736,0,30,7.07,137,83,3863740.34,East,2026-09-30
1000452,50000452,Retail,Auto Loan,3380907.22,616,604,0,15,10.55,70,25,2159470.51,West,2026-09-30
1000453,50000453,Retail,Mortgage,1187858.7,772,754,0,0,7.74,315,94,1411680.99,West,2026-09-30
1000454,50000454,Retail,Credit Card,115686.03,691,731,0,30,36.03,37,4,,North,2026-09-30
1000455,50000455,Retail,Auto Loan,1069918.93,697,702,0,0,9.8,56,46,1156597.66,West,2026-09-30
1000456,50000456,Retail,Personal Loan,1421173.53,751,757,0,0,18.44,24,22,,East,2026-09-30
1000457,50000457,Retail,Personal Loan,1734216.17,762,741,0,15,19.43,16,7,,West,2026-09-30
1000458,50000458,Retail,Credit Card,17554.14,626,605,0,0,32.86,52,6,,Central,2026-09-30
1000459,50000459,Retail,Auto Loan,2876702.84,722,748,0,0,9.26,53,50,3027640.65,West,2026-09-30
1000460,50000460,SME,SME Loan,9102403.96,584,597,60,30,13.41,107,107,,West,2026-09-30
1000461,50000461,Retail,Mortgage,9673654.2,729,730,0,15,7.77,332,88,12903962.46,South,2026-09-30
1000462,50000462,Retail,Mortgage,8713447.52,730,757,0,0,7.83,243,128,13404940.83,East,2026-09-30
1000463,50000463,Retail,Personal Loan,1275559.63,622,605,15,30,12.23,36,23,,North,2026-09-30
1000464,50000464,Retail,Mortgage,2779648.47,672,677,0,0,9.97,124,71,3683830.53,South,2026-09-30
1000465,50000465,Retail,Personal Loan,83324.02,634,659,0,0,15.19,28,5,,West,2026-09-30
1000466,50000466,Retail,Credit Card,433382.44,631,624,0,15,26.3,45,28,,West,2026-09-30
1000467,50000467,Retail,Auto Loan,1754667.26,687,713,0,0,12.84,81,79,1763184.12,West,2026-09-30
1000468,50000468,Retail,Personal Loan,455073.33,662,679,60,75,15.01,42,18,,South,2026-09-30
1000469,50000469,Retail,Mortgage,11818217.04,662,643,15,15,8.55,128,101,13798770.03,East,2026-09-30
1000470,50000470,Retail,Mortgage,7749406.53,693,715,0,0,8.9,208,145,10965919.49,South,2026-09-30
1000471,50000471,Retail,Mortgage,10509677.09,654,669,0,0,7.56,148,4,10173993.79,West,2026-09-30
1000472,50000472,Retail,Auto Loan,920877.15,704,698,0,0,11.43,38,24,871918.25,West,2026-09-30
1000473,50000473,Retail,Mortgage,516722.63,689,672,0,0,8.04,302,220,617912.07,South,2026-09-30
1000474,50000474,SME,SME Loan,8661091.96,652,664,0,0,10.98,78,1,,West,2026-09-30
1000475,50000475,Retail,Auto Loan,3032275.97,657,662,0,30,10.98,54,42,3515283.5,North,2026-09-30
1000476,50000476,SME,SME Loan,2152366.42,784,762,0,15,17.31,102,38,,West,2026-09-30
1000477,50000477,Retail,Auto Loan,3158188.5,696,698,0,0,12.97,50,39,3364557.53,West,2026-09-30
1000478,50000478,Retail,Credit Card,39096.71,730,707,0,0,25.58,20,13,,West,2026-09-30
1000479,50000479,Retail,Mortgage,8838370.63,611,612,120,120,7.69,199,20,12414019.16,North,2026-09-30
1000480,50000480,Retail,Credit Card,369557.94,741,696,0,15,35.14,27,1,,West,2026-09-30
1000481,50000481,Retail,Credit Card,476449.45,723,740,0,15,34.31,27,5,,East,2026-09-30
1000482,50000482,Retail,Credit Card,74628.42,668,677,0,15,38.18,50,9,,West,2026-09-30
1000483,50000483,Retail,Personal Loan,687698.8,722,729,0,0,18.1,66,50,,Central,2026-09-30
1000484,50000484,SME,Auto Loan,1648817.27,631,613,0,0,13.33,83,48,1463603.11,West,2026-09-30
1000485,50000485,Retail,Mortgage,6263759.68,749,750,0,30,9.08,352,201,6001920.14,South,2026-09-30
1000486,50000486,Retail,Personal Loan,1403758.94,697,690,0,0,17.61,59,30,,North,2026-09-30
1000487,50000487,Retail,Auto Loan,1823572.7,663,683,90,90,9.37,51,38,1409906.42,West,2026-09-30
1000488,50000488,SME,SME Loan,6698088.56,632,623,0,30,9.02,37,1,,North,2026-09-30
1000489,50000489,Retail,Mortgage,11358002.1,626,615,0,0,8.86,200,137,14837001.53,North,2026-09-30
1000490,50000490,Retail,Personal Loan,1487931.15,792,823,0,30,14.05,30,4,,West,2026-09-30
1000491,50000491,Retail,Personal Loan,1421231.49,640,691,90,90,14.55,69,28,,South,2026-09-30
1000492,50000492,SME,Auto Loan,2441429.91,816,778,0,15,12.14,56,48,1623622.54,West,2026-09-30
1000493,50000493,SME,SME Loan,1646543.07,714,698,0,0,9.4,25,13,,East,2026-09-30
1000494,50000494,Retail,Personal Loan,1301647.06,678,676,0,30,10.28,61,46,,East,2026-09-30
1000495,50000495,Retail,Personal Loan,1441783.5,732,764,0,0,12.15,71,63,,Central,2026-09-30
1000496,50000496,SME,SME Loan,792097.01,788,775,0,0,13.93,32,11,,East,2026-09-30
1000497,50000497,Retail,Auto Loan,1857339.97,623,646,0,0,9.78,64,1,1499097.41,West,2026-09-30
1000498,50000498,Retail,Mortgage,5022553.31,534,557,45,60,9.95,167,47,5174058.59,Central,2026-09-30
1000499,50000499,SME,SME Loan,6809733.01,723,721,0,0,13.0,103,85,,North,2026-09-30
1000500,50000500,Retail,Credit Card,275730.89,722,725,0,0,36.97,22,10,,South,2026-09-30
1000501,50000501,SME,SME Loan,5762484.66,558,603,90,75,14.83,29,20,,South,2026-09-30
1000502,50000502,SME,SME Loan,11431515.04,763,755,0,0,11.77,20,3,,West,2026-09-30
1000503,50000503,Retail,Mortgage,10611788.72,663,664,0,0,8.25,200,129,12528072.71,North,2026-09-30
1000504,50000504,SME,SME Loan,8012007.76,683,691,0,0,11.64,95,85,,South,2026-09-30
1000505,50000505,Retail,Personal Loan,1630663.1,645,679,90,105,18.22,50,45,,Central,2026-09-30
1000506,50000506,Retail,Auto Loan,809946.17,634,673,180,150,12.48,51,10,755547.95,East,2026-09-30
1000507,50000507,Retail,Auto Loan,2065457.61,708,725,0,0,11.01,52,27,2425433.52,South,2026-09-30
1000508,50000508,Retail,Personal Loan,1434684.55,760,786,0,15,11.07,31,25,,West,2026-09-30
1000509,50000509,Retail,Mortgage,11297015.01,770,772,0,0,8.88,292,222,15765596.69,East,2026-09-30
1000510,50000510,Retail,Auto Loan,3325332.28,,552,30,30,13.99,34,18,2619941.62,North,2026-09-30
1000511,50000511,SME,SME Loan,8504494.25,809,833,0,0,12.25,69,37,,East,2026-09-30
1000512,50000512,Retail,Mortgage,11985481.11,586,615,0,0,7.68,344,239,15294264.35,South,2026-09-30
1000513,50000513,Retail,Personal Loan,1921902.03,775,759,0,0,14.23,37,14,,South,2026-09-30
1000514,50000514,Retail,Auto Loan,2751387.29,689,687,0,30,11.76,64,44,2948854.57,South,2026-09-30
1000515,50000515,SME,SME Loan,9415673.83,652,609,0,15,14.99,27,21,,East,2026-09-30
1000516,50000516,Retail,Credit Card,114722.57,778,764,0,0,38.76,41,32,,South,2026-09-30
1000517,50000517,Retail,Credit Card,183077.07,645,666,0,0,25.69,43,42,,West,2026-09-30
1000518,50000518,Retail,Personal Loan,511825.08,692,678,0,0,16.69,24,11,,North,2026-09-30
1000519,50000519,Retail,Personal Loan,587775.04,755,755,0,0,13.89,68,62,,West,2026-09-30
1000520,50000520,Retail,Personal Loan,1508566.73,761,737,0,30,17.2,20,20,,South,2026-09-30
1000521,50000521,Retail,Personal Loan,1838461.46,693,687,0,0,16.28,76,4,,West,2026-09-30
1000522,50000522,Retail,Mortgage,3029521.67,473,488,45,60,9.67,151,66,3781379.33,North,2026-09-30
1000523,50000523,Retail,Auto Loan,2426388.72,830,820,0,30,11.18,39,3,2428620.89,East,2026-09-30
1000524,50000524,Retail,Personal Loan,1568847.8,679,634,0,0,18.46,30,21,,East,2026-09-30
1000525,50000525,Retail,Mortgage,3894270.88,732,691,,0,10.06,122,59,3591561.23,West,2026-09-30
1000526,50000526,Retail,Credit Card,471323.32,748,700,0,0,32.27,29,27,,North,2026-09-30
1000527,50000527,Retail,Credit Card,198505.77,803,779,0,0,33.57,60,52,,South,2026-09-30
1000528,50000528,Retail,Auto Loan,1802185.76,679,713,0,0,11.66,66,8,1561312.11,West,2026-09-30
1000529,50000529,Retail,Credit Card,458429.48,759,762,0,0,26.48,38,33,,Central,2026-09-30
1000530,50000530,SME,Auto Loan,2556751.53,728,744,0,0,10.41,27,13,3037945.6,West,2026-09-30
1000531,50000531,Retail,Credit Card,256339.68,712,715,15,15,26.97,53,34,,Central,2026-09-30
1000532,50000532,Retail,Mortgage,8701901.82,605,586,75,60,9.94,197,2,12570445.51,South,2026-09-30
1000533,50000533,Retail,Personal Loan,781101.68,777,751,0,0,19.88,12,4,,East,2026-09-30
1000534,50000534,Retail,Personal Loan,1177568.07,692,721,0,15,10.83,26,15,,Central,2026-09-30
1000535,50000535,Retail,Mortgage,1896567.09,684,661,0,30,7.19,134,4,2826691.67,Central,2026-09-30
1000536,50000536,Retail,Credit Card,273382.27,577,602,30,30,31.81,16,13,,West,2026-09-30
1000537,50000537,Retail,Mortgage,11475873.97,627,601,0,0,8.0,306,81,15802666.23,North,2026-09-30
1000538,50000538,SME,SME Loan,7090423.23,616,596,0,0,17.96,58,45,,West,2026-09-30
1000539,50000539,Retail,Auto Loan,1551098.4,694,700,0,0,13.11,67,55,1251897.17,West,2026-09-30
1000540,50000540,SME,Auto Loan,1279399.14,798,764,0,0,10.59,54,46,1261124.35,North,2026-09-30
1000541,50000541,SME,SME Loan,8135564.46,678,691,0,0,16.55,119,65,,East,2026-09-30
1000542,50000542,SME,Mortgage,2161341.9,713,712,0,0,9.61,127,46,2250548.92,Central,2026-09-30
1000543,50000543,Retail,Auto Loan,1377385.06,636,641,0,0,9.66,54,25,1065659.43,Central,2026-09-30
1000544,50000544,Retail,Credit Card,416140.8,656,645,15,0,28.08,34,19,,West,2026-09-30
1000545,50000545,Retail,Mortgage,3651925.39,666,662,0,15,7.52,185,119,4167120.0,South,2026-09-30
1000546,50000546,Retail,Auto Loan,1035789.01,668,700,0,0,13.03,40,3,766017.73,East,2026-09-30
1000547,50000547,Retail,Mortgage,11326916.8,676,689,0,15,8.34,197,20,,Central,2026-09-30
1000548,50000548,Retail,Mortgage,2832994.84,748,710,0,0,9.78,321,295,3848655.2,West,2026-09-30
1000549,50000549,Retail,Credit Card,72378.82,612,613,0,0,36.0,19,9,,South,2026-09-30
1000550,50000550,Retail,Personal Loan,764499.19,792,776,0,30,18.15,21,7,,South,2026-09-30
1000551,50000551,Retail,Mortgage,9013766.62,819,787,0,0,9.29,144,123,9656103.55,Central,2026-09-30
1000552,50000552,Retail,Auto Loan,2597095.77,747,716,0,15,8.96,50,25,2189369.73,West,2026-09-30
1000553,50000553,SME,SME Loan,13736109.45,584,597,0,0,12.32,87,86,,South,2026-09-30
1000554,50000554,SME,Mortgage,11696735.0,650,657,0,0,9.51,233,150,10268527.62,North,2026-09-30
1000555,50000555,Retail,Mortgage,11983959.04,522,534,0,15,8.08,299,93,12470139.47,South,2026-09-30
1000556,50000556,SME,SME Loan,13356584.03,867,857,0,0,14.75,28,3,,West,2026-09-30
1000557,50000557,Retail,Personal Loan,734995.68,735,734,0,0,15.36,29,27,,North,2026-09-30
1000558,50000558,Retail,Personal Loan,1312866.32,671,697,0,0,19.88,40,32,,West,2026-09-30
1000559,50000559,SME,SME Loan,6011856.9,640,624,0,30,12.97,29,4,,South,2026-09-30
1000560,50000560,Retail,Auto Loan,1367652.55,801,777,0,0,11.8,48,36,1131791.71,North,2026-09-30
1000561,50000561,Retail,Mortgage,11566135.12,739,726,0,0,7.36,187,86,17462461.06,West,2026-09-30
1000562,50000562,SME,SME Loan,2623999.07,769,777,0,0,10.75,41,21,,East,2026-09-30
1000563,50000563,Retail,Credit Card,219845.88,729,723,0,15,30.92,35,14,,South,2026-09-30
1000564,50000564,Retail,Personal Loan,1943507.05,789,795,0,0,10.61,78,61,,North,2026-09-30
1000565,50000565,Retail,Credit Card,318429.64,751,763,0,0,41.6,36,28,,East,2026-09-30
1000566,50000566,Retail,Personal Loan,1543866.94,721,747,0,0,18.39,36,21,,South,2026-09-30
1000567,50000567,Retail,Mortgage,11604863.22,617,643,0,15,10.42,219,151,16540674.09,Central,2026-09-30
1000568,50000568,Corporate,Corporate Loan,72172759.54,665,653,0,0,11.23,40,39,,North,2026-09-30
1000569,50000569,Retail,Auto Loan,289949.79,647,662,75,45,9.59,74,52,203689.23,South,2026-09-30
1000570,50000570,Retail,Mortgage,4992901.27,768,777,0,0,7.09,192,39,6167933.48,South,2026-09-30
1000571,50000571,Retail,Credit Card,434645.34,714,677,0,15,34.15,59,44,,West,2026-09-30
1000572,50000572,Retail,Mortgage,6393480.04,739,753,0,0,8.78,161,34,9818779.66,South,2026-09-30
1000573,50000573,Retail,Personal Loan,1012819.91,794,826,0,0,11.58,17,14,,Central,2026-09-30
1000574,50000574,Retail,Personal Loan,1397995.52,626,617,0,15,11.82,78,8,,North,2026-09-30
1000575,50000575,Retail,Credit Card,47285.58,715,726,0,30,29.69,59,4,,South,2026-09-30
1000576,50000576,Retail,Auto Loan,2825258.31,690,674,0,0,12.97,80,14,2812515.69,East,2026-09-30
1000577,50000577,Retail,Personal Loan,1497029.6,639,654,45,45,12.31,27,18,,West,2026-09-30
1000578,50000578,Retail,Personal Loan,521435.93,738,717,0,15,15.83,75,41,,West,2026-09-30
1000579,50000579,Retail,Personal Loan,197857.34,702,707,0,0,11.73,43,6,,East,2026-09-30
1000580,50000580,Retail,Auto Loan,214730.37,760,744,0,0,11.0,36,11,,West,2026-09-30
1000581,50000581,Retail,Mortgage,6371853.87,652,616,0,30,7.35,261,178,8277488.88,West,2026-09-30
1000582,50000582,Retail,Mortgage,3959411.18,832,806,0,0,9.0,260,235,4432588.81,South,2026-09-30
1000583,50000583,Retail,Credit Card,33072.26,673,702,0,0,24.42,47,43,,West,2026-09-30
1000584,50000584,SME,Mortgage,10164701.49,772,793,0,0,8.38,335,215,9241503.36,West,2026-09-30
1000585,50000585,Retail,Auto Loan,2755044.9,709,701,30,30,9.59,67,59,2008799.25,West,2026-09-30
1000586,50000586,Retail,Auto Loan,2148777.94,786,767,0,15,9.94,74,7,2079918.7,East,2026-09-30
1000587,50000587,SME,SME Loan,5669983.69,603,641,60,75,17.26,93,86,,North,2026-09-30
1000588,50000588,SME,SME Loan,8380379.78,516,551,15,30,15.05,26,19,,West,2026-09-30
1000589,50000589,Retail,Mortgage,4787689.43,655,642,0,0,9.6,202,134,5968482.82,West,2026-09-30
1000590,50000590,SME,SME Loan,10711044.05,790,747,0,15,14.37,59,51,,West,2026-09-30
1000591,50000591,Retail,Mortgage,11769761.1,608,589,0,15,9.9,127,117,,East,2026-09-30
1000592,50000592,Retail,Credit Card,400965.86,746,736,0,0,39.83,56,39,,East,2026-09-30
1000593,50000593,Retail,Credit Card,394512.92,706,707,0,15,27.04,21,9,,East,2026-09-30
1000594,50000594,Retail,Credit Card,265944.01,658,683,0,0,41.48,42,2,,South,2026-09-30
1000595,50000595,Retail,Mortgage,6714612.83,600,599,0,0,9.35,282,224,8714384.7,West,2026-09-30
1000596,50000596,SME,SME Loan,6902460.94,681,729,0,0,9.58,37,25,,North,2026-09-30
1000597,50000597,Retail,Mortgage,7204029.52,779,776,0,0,9.77,166,73,9575380.56,Central,2026-09-30
1000598,50000598,Retail,Auto Loan,1931731.34,644,665,0,0,8.06,26,25,1487231.0,East,2026-09-30
1000599,50000599,Retail,Mortgage,9401887.53,725,725,0,0,8.72,299,108,10809664.42,West,2026-09-30
1000600,50000600,Corporate,Corporate Loan,51338735.05,678,674,0,0,12.15,22,20,,North,2026-09-30
1000601,50000601,SME,SME Loan,13380605.33,639,678,0,0,14.4,35,8,,Central,2026-09-30
1000602,50000602,Retail,Auto Loan,2201239.26,611,624,15,15,8.63,59,45,2012739.83,West,2026-09-30
1000603,50000603,Retail,Auto Loan,1332351.1,659,658,0,0,9.55,61,23,1133566.51,West,2026-09-30
1000604,50000604,Retail,Mortgage,10600923.62,651,667,0,0,8.13,338,317,13224088.98,South,2026-09-30
1000605,50000605,SME,SME Loan,4827012.28,625,611,0,0,16.73,62,49,,East,2026-09-30
1000606,50000606,Retail,Credit Card,417319.66,656,609,0,15,29.8,39,7,,East,2026-09-30
1000607,50000607,Retail,Personal Loan,743404.84,709,744,0,0,20.0,26,14,,West,2026-09-30
1000608,50000608,Retail,Mortgage,10704533.83,541,512,0,15,7.5,258,36,15157002.06,South,2026-09-30
1000609,50000609,Retail,Credit Card,459435.99,662,668,60,30,36.21,16,8,,Central,2026-09-30
1000610,50000610,Retail,Personal Loan,427175.9,706,674,0,15,11.45,57,5,,South,2026-09-30
1000611,50000611,Retail,Personal Loan,1128876.2,669,701,75,75,14.33,41,6,,East,2026-09-30
1000612,50000612,Retail,Mortgage,5667560.0,680,719,0,0,10.03,345,242,6105027.77,South,2026-09-30
1000613,50000613,Retail,Personal Loan,1435837.48,657,620,0,0,17.56,18,6,,West,2026-09-30
1000614,50000614,Retail,Personal Loan,1020768.35,611,629,0,0,19.88,48,47,,North,2026-09-30
1000615,50000615,Retail,Mortgage,3608987.41,749,754,0,0,9.1,149,123,5243064.96,East,2026-09-30
1000616,50000616,SME,SME Loan,10402680.37,803,778,120,120,16.49,50,16,,East,2026-09-30
1000617,50000617,Retail,Mortgage,2465250.77,690,665,0,0,8.17,157,39,2807949.55,South,2026-09-30
1000618,50000618,Retail,Personal Loan,954232.07,656,670,0,15,13.5,58,14,,West,2026-09-30
1000619,50000619,Retail,Mortgage,2490992.15,839,823,0,0,9.17,353,96,3022482.23,West,2026-09-30
1000620,50000620,Retail,Personal Loan,1882619.41,753,763,0,0,10.44,68,56,,West,2026-09-30
1000621,50000621,Retail,Personal Loan,1122355.98,723,722,0,0,10.38,53,49,,East,2026-09-30
1000622,50000622,Retail,Personal Loan,462401.9,723,695,45,60,16.74,59,7,,North,2026-09-30
1000623,50000623,SME,SME Loan,7319814.82,854,819,0,30,10.34,18,15,,East,2026-09-30
1000624,50000624,Retail,Auto Loan,1128622.92,793,832,0,0,10.42,64,48,802097.41,North,2026-09-30
1000625,50000625,Retail,Mortgage,8186820.96,718,700,0,30,8.88,259,91,8435330.07,East,2026-09-30
1000626,50000626,Retail,Credit Card,263805.31,581,550,0,30,27.3,34,3,,East,2026-09-30
1000627,50000627,SME,SME Loan,12019546.06,658,689,75,90,15.66,63,61,,West,2026-09-30
1000628,50000628,Retail,Credit Card,197960.78,798,792,0,0,40.06,12,2,,South,2026-09-30
1000629,50000629,Retail,Credit Card,424364.38,691,646,0,30,35.32,27,23,,North,2026-09-30
1000630,50000630,Retail,Auto Loan,1665951.37,838,844,0,0,9.52,60,30,1005155.07,East,2026-09-30
1000631,50000631,Retail,Personal Loan,395357.38,659,669,30,30,18.43,22,5,,West,2026-09-30
1000632,50000632,Retail,Auto Loan,1054561.9,667,657,0,0,8.74,60,55,641368.14,South,2026-09-30
1000633,50000633,Retail,Auto Loan,300115.32,671,654,0,0,10.55,66,30,255344.9,East,2026-09-30
1000634,50000634,SME,SME Loan,5142107.14,643,686,0,0,14.13,92,57,,East,2026-09-30
1000635,50000635,Retail,Credit Card,257916.29,733,712,45,15,32.16,51,19,,North,2026-09-30
1000636,50000636,Corporate,Corporate Loan,49876795.87,661,674,30,45,10.09,48,39,,East,2026-09-30
1000637,50000637,Retail,Auto Loan,681019.6,770,738,0,0,8.37,53,2,712901.26,West,2026-09-30
1000638,50000638,Retail,Auto Loan,1818640.51,728,727,0,0,12.4,40,30,1493333.54,West,2026-09-30
1000639,50000639,Retail,Personal Loan,1139743.99,740,744,0,0,15.5,36,17,,West,2026-09-30
1000640,50000640,SME,SME Loan,11558382.31,768,750,0,30,17.64,105,82,,East,2026-09-30
1000641,50000641,Retail,Personal Loan,854854.57,580,580,0,0,11.82,84,75,,West,2026-09-30
1000642,50000642,Retail,Auto Loan,2244010.12,752,768,0,0,11.07,56,19,2670685.85,North,2026-09-30
1000643,50000643,Retail,Auto Loan,796400.17,599,566,0,0,13.23,52,33,592503.19,West,2026-09-30
1000644,50000644,Retail,Credit Card,83816.64,749,767,0,0,35.7,46,39,,South,2026-09-30
1000645,50000645,SME,SME Loan,13582551.99,684,686,0,0,13.69,29,21,,South,2026-09-30
1000646,50000646,Retail,Personal Loan,1236311.01,805,796,0,0,14.02,58,20,,South,2026-09-30
1000647,50000647,Retail,Personal Loan,191972.53,603,632,0,0,19.86,41,10,,Central,2026-09-30
1000648,50000648,Retail,Auto Loan,1624319.49,637,650,30,0,10.47,77,15,1652413.25,South,2026-09-30
1000649,50000649,Retail,Auto Loan,892208.83,696,707,0,0,13.8,77,15,643517.64,West,2026-09-30
1000650,50000650,Retail,Personal Loan,1119051.87,638,669,0,15,12.11,51,13,,Central,2026-09-30
1000651,50000651,Corporate,Corporate Loan,15515569.64,715,743,0,0,11.53,153,14,,North,2026-09-30
1000652,50000652,Retail,Credit Card,387506.51,753,746,0,15,35.86,56,9,,West,2026-09-30
1000653,50000653,SME,SME Loan,7575050.51,670,691,0,15,10.12,119,112,,North,2026-09-30
1000654,50000654,Retail,Credit Card,425660.91,690,670,0,0,36.07,19,17,,West,2026-09-30
1000655,50000655,SME,SME Loan,7517699.19,712,713,0,30,16.38,60,15,,Central,2026-09-30
1000656,50000656,Retail,Personal Loan,445565.59,744,728,0,0,10.64,32,29,,North,2026-09-30
1000657,50000657,SME,SME Loan,6659652.62,690,719,120,120,10.29,37,25,,North,2026-09-30
1000658,50000658,SME,Auto Loan,835967.75,722,709,0,0,12.59,64,48,976177.16,Central,2026-09-30
1000659,50000659,Retail,Credit Card,462789.44,730,735,0,0,35.67,42,34,,North,2026-09-30
1000660,50000660,Retail,Auto Loan,1299400.05,606,636,120,120,13.72,75,72,1121475.94,North,2026-09-30
1000661,50000661,Retail,Credit Card,147764.09,679,685,0,0,37.04,20,4,,South,2026-09-30
1000662,50000662,Retail,Mortgage,8177554.82,715,731,0,0,9.71,237,136,12237382.14,West,2026-09-30
1000663,50000663,Retail,Auto Loan,2583100.21,604,638,0,0,10.83,68,7,1618734.29,West,2026-09-30
1000664,50000664,SME,SME Loan,10744848.79,736,700,0,0,9.99,73,56,,West,2026-09-30
1000665,50000665,Retail,Personal Loan,1319473.39,839,822,0,0,14.03,12,6,,West,2026-09-30
1000666,50000666,Corporate,Corporate Loan,6148620.23,476,499,30,60,12.58,92,34,,South,2026-09-30
1000667,50000667,Retail,Personal Loan,451802.43,806,796,0,30,17.6,47,41,,East,2026-09-30
1000668,50000668,Retail,Mortgage,5355217.95,789,782,0,15,8.65,215,119,6324057.62,South,2026-09-30
1000669,50000669,Retail,Credit Card,264397.76,671,657,30,30,40.92,20,7,,Central,2026-09-30
1000670,50000670,Retail,Auto Loan,2682198.26,532,560,0,15,10.14,66,11,2479693.57,South,2026-09-30
1000671,50000671,Retail,Personal Loan,1440969.35,774,793,0,0,15.54,49,44,,East,2026-09-30
1000672,50000672,SME,SME Loan,7936558.88,714,670,0,0,12.86,94,11,,West,2026-09-30
1000673,50000673,SME,Auto Loan,1504653.05,681,648,0,0,9.0,73,13,1683753.26,North,2026-09-30
1000674,50000674,Retail,Mortgage,5971093.7,610,586,0,0,10.09,149,144,7135427.46,East,2026-09-30
1000675,50000675,SME,SME Loan,12354084.02,619,634,0,0,14.84,118,42,,South,2026-09-30
1000676,50000676,SME,SME Loan,3633321.78,736,730,0,0,11.37,29,26,,South,2026-09-30
1000677,50000677,Retail,Personal Loan,1071213.57,643,668,0,15,17.93,12,3,,North,2026-09-30
1000678,50000678,Retail,Credit Card,88262.55,695,713,0,0,39.34,42,40,,East,2026-09-30
1000679,50000679,Retail,Mortgage,1298509.38,736,764,0,0,7.43,224,180,1295326.78,West,2026-09-30
1000680,50000680,Retail,Mortgage,7012233.87,642,649,30,60,8.21,169,98,10492441.72,West,2026-09-30
1000681,50000681,Retail,Mortgage,3389660.61,674,699,0,0,9.01,233,224,2961370.72,North,2026-09-30
1000682,50000682,Retail,Credit Card,307402.97,814,840,0,0,24.14,33,5,,North,2026-09-30
1000683,50000683,SME,SME Loan,4366943.92,694,676,0,0,17.23,84,36,,North,2026-09-30
1000684,50000684,Retail,Mortgage,1910394.31,582,572,45,45,10.09,137,81,2207483.05,West,2026-09-30
1000685,50000685,Retail,Credit Card,129787.38,655,668,15,0,37.22,52,4,,North,2026-09-30
1000686,50000686,Retail,Mortgage,2498089.23,735,714,0,30,10.39,204,63,2418318.91,West,2026-09-30
1000687,50000687,SME,SME Loan,9513845.5,748,751,0,0,9.95,97,91,,Central,2026-09-30
1000688,50000688,Retail,Auto Loan,3027971.36,767,762,0,0,9.4,65,33,3227452.01,South,2026-09-30
1000689,50000689,Retail,Credit Card,413896.09,688,681,0,15,33.91,20,5,,West,2026-09-30
1000690,50000690,Retail,Auto Loan,1264663.23,774,744,0,0,11.35,64,29,1123817.79,East,2026-09-30
1000691,50000691,Retail,Mortgage,2294933.37,563,528,30,15,8.08,303,287,2284021.57,West,2026-09-30
1000692,50000692,SME,SME Loan,11502245.57,609,629,0,30,13.61,98,78,,North,2026-09-30
1000693,50000693,Retail,Auto Loan,712962.35,701,696,0,0,8.94,28,22,644191.72,East,2026-09-30
1000694,50000694,Retail,Mortgage,6344217.79,716,669,0,30,8.0,318,299,6941763.57,North,2026-09-30
1000695,50000695,Retail,Personal Loan,986637.64,612,660,0,15,19.55,19,9,,South,2026-09-30
1000696,50000696,Retail,Mortgage,577818.4,572,596,180,165,9.7,192,116,791940.09,Central,2026-09-30
1000697,50000697,Retail,Mortgage,9494029.77,841,830,0,0,9.74,218,188,11417966.97,South,2026-09-30
1000698,50000698,Retail,Auto Loan,1634505.98,631,673,75,75,13.32,84,84,1010740.95,South,2026-09-30
1000699,50000699,Retail,Credit Card,73430.76,658,706,0,0,28.81,36,10,,North,2026-09-30
1000700,50000700,Retail,Auto Loan,1598509.48,761,756,45,60,11.61,44,33,1804624.47,West,2026-09-30
1000701,50000701,Retail,Credit Card,150966.74,667,690,0,0,34.05,42,28,,East,2026-09-30
1000702,50000702,SME,Auto Loan,3381141.96,830,823,,0,12.63,35,26,2965361.45,West,2026-09-30
1000703,50000703,Retail,Auto Loan,1452879.0,713,701,0,30,10.98,43,43,935347.78,West,2026-09-30
1000704,50000704,Retail,Mortgage,5618645.87,687,722,0,0,8.94,206,116,7133839.01,East,2026-09-30
1000705,50000705,Retail,Credit Card,264897.76,596,627,0,15,28.92,53,16,,West,2026-09-30
1000706,50000706,Retail,Personal Loan,94878.66,736,728,0,0,14.64,66,16,,West,2026-09-30
1000707,50000707,Retail,Personal Loan,535999.64,676,681,15,15,18.18,73,5,,East,2026-09-30
1000708,50000708,Retail,Personal Loan,417236.3,773,774,0,15,19.08,41,26,,North,2026-09-30
1000709,50000709,Retail,Personal Loan,945348.4,655,656,0,0,10.64,27,15,,West,2026-09-30
1000710,50000710,Retail,Personal Loan,619241.78,,633,0,0,19.35,82,8,,Central,2026-09-30
1000711,50000711,Retail,Personal Loan,1140515.74,800,802,0,0,13.55,28,28,,East,2026-09-30
1000712,50000712,SME,Mortgage,4214497.95,824,808,0,0,8.75,346,26,4083827.82,East,2026-09-30
1000713,50000713,Retail,Credit Card,301589.18,790,801,0,0,41.12,29,22,,West,2026-09-30
1000714,50000714,Corporate,Corporate Loan,60153031.18,763,766,0,0,11.81,49,40,,West,2026-09-30
1000715,50000715,Retail,Personal Loan,1816036.78,807,768,0,0,15.42,57,14,,South,2026-09-30
1000716,50000716,Retail,Mortgage,11655785.77,686,685,0,0,9.79,346,90,14955258.88,East,2026-09-30
1000717,50000717,Retail,Mortgage,7726485.06,727,730,15,15,7.47,303,111,11126139.39,South,2026-09-30
1000718,50000718,SME,SME Loan,9816956.42,788,784,0,15,14.48,45,38,,North,2026-09-30
1000719,50000719,Retail,Credit Card,212346.55,733,709,0,0,27.48,36,30,,Central,2026-09-30
1000720,50000720,Retail,Credit Card,44964.74,731,722,0,15,30.54,32,8,,South,2026-09-30
1000721,50000721,Retail,Personal Loan,287066.71,663,674,0,0,15.51,83,71,,Central,2026-09-30
1000722,50000722,Retail,Credit Card,288541.27,845,843,0,0,41.38,18,5,,West,2026-09-30
1000723,50000723,SME,SME Loan,10562039.52,667,627,15,0,9.38,79,9,,West,2026-09-30
1000724,50000724,Retail,Personal Loan,527430.73,687,678,15,15,16.58,69,16,,East,2026-09-30
1000725,50000725,Retail,Auto Loan,3188190.42,750,765,0,0,11.15,70,10,2117923.88,East,2026-09-30
1000726,50000726,SME,SME Loan,5701714.81,841,822,0,0,12.55,53,30,,West,2026-09-30
1000727,50000727,Retail,Mortgage,4816328.83,682,681,0,0,7.25,237,181,4609203.44,West,2026-09-30
1000728,50000728,Retail,Credit Card,297432.84,558,579,0,30,39.68,54,22,,South,2026-09-30
1000729,50000729,Retail,Credit Card,71025.2,692,689,0,0,32.26,15,13,,South,2026-09-30
1000730,50000730,Retail,Auto Loan,680060.98,702,699,0,0,8.99,55,9,545319.44,South,2026-09-30
1000731,50000731,Retail,Credit Card,123962.49,620,650,0,0,36.34,40,37,,East,2026-09-30
1000732,50000732,Retail,Mortgage,5839572.72,714,683,0,0,7.35,336,68,8550384.29,East,2026-09-30
1000733,50000733,SME,SME Loan,7289239.9,694,717,0,0,10.12,100,86,,North,2026-09-30
1000734,50000734,Retail,Credit Card,162825.74,692,692,,0,24.85,47,33,,West,2026-09-30
1000735,50000735,Retail,Mortgage,6090377.6,742,748,0,0,9.41,327,102,8590905.81,West,2026-09-30
1000736,50000736,Retail,Auto Loan,217904.11,733,758,0,0,10.07,64,13,170450.58,West,2026-09-30
1000737,50000737,SME,SME Loan,5911247.33,723,701,0,30,10.38,53,32,,East,2026-09-30
1000738,50000738,Retail,Auto Loan,3323734.65,752,745,120,120,8.93,28,5,2367172.72,North,2026-09-30
1000739,50000739,Retail,Mortgage,3099694.65,657,643,0,0,8.11,357,222,4112972.8,South,2026-09-30
1000740,50000740,Retail,Credit Card,192189.83,667,675,0,0,27.2,37,15,,West,2026-09-30
1000741,50000741,Retail,Credit Card,160362.92,703,721,0,30,33.62,43,7,,North,2026-09-30
1000742,50000742,SME,Auto Loan,3129011.94,719,726,0,15,10.55,32,1,2293505.01,North,2026-09-30
1000743,50000743,Retail,Personal Loan,1720624.47,676,682,0,30,14.42,53,23,,Central,2026-09-30
1000744,50000744,Retail,Mortgage,6698526.82,734,735,0,30,9.42,341,220,7343576.46,Central,2026-09-30
1000745,50000745,Retail,Auto Loan,858854.36,717,696,0,0,8.86,56,37,555663.94,South,2026-09-30
1000746,50000746,Retail,Auto Loan,2543117.25,662,673,60,60,10.71,42,30,1719896.88,North,2026-09-30
1000747,50000747,Retail,Credit Card,373845.5,524,515,0,0,34.19,35,17,,West,2026-09-30
1000748,50000748,Retail,Credit Card,261690.04,722,717,0,15,35.2,47,22,,North,2026-09-30
1000749,50000749,Retail,Mortgage,4447974.8,627,621,0,0,8.22,299,38,4883744.89,North,2026-09-30
1000750,50000750,Retail,Auto Loan,1731524.02,661,701,15,30,10.89,28,28,1461319.66,South,2026-09-30
1000751,50000751,Retail,Auto Loan,804612.05,676,667,15,15,13.19,35,22,815449.29,West,2026-09-30
1000752,50000752,Retail,Mortgage,7083488.03,680,693,30,30,9.42,196,142,10133831.93,South,2026-09-30
1000753,50000753,Retail,Personal Loan,426605.17,721,723,0,0,12.02,69,34,,West,2026-09-30
1000754,50000754,Retail,Personal Loan,1899590.84,684,687,0,30,19.87,49,19,,West,2026-09-30
1000755,50000755,Retail,Personal Loan,889672.68,697,759,0,0,14.55,33,16,,South,2026-09-30
1000756,50000756,SME,Auto Loan,1952846.73,681,707,0,15,11.93,67,13,1754836.23,South,2026-09-30
1000757,50000757,Retail,Credit Card,455048.45,727,712,,0,27.25,46,18,,West,2026-09-30
1000758,50000758,Retail,Credit Card,91413.06,738,729,0,15,29.86,16,1,,South,2026-09-30
1000759,50000759,SME,SME Loan,8914011.51,666,652,0,0,15.66,55,3,,Central,2026-09-30
1000760,50000760,Corporate,Corporate Loan,58035657.92,697,719,0,0,8.03,13,3,,North,2026-09-30
1000761,50000761,SME,SME Loan,802062.08,750,748,0,0,12.03,90,31,,West,2026-09-30
1000762,50000762,Retail,Auto Loan,3319720.2,819,826,0,0,13.83,47,34,2980457.07,South,2026-09-30
1000763,50000763,Retail,Personal Loan,1574371.59,858,848,0,0,17.36,41,33,,West,2026-09-30
1000764,50000764,Retail,Auto Loan,3375575.69,796,843,0,15,12.31,45,15,2337608.31,West,2026-09-30
1000765,50000765,Retail,Personal Loan,1183947.14,850,851,0,0,17.95,54,32,,South,2026-09-30
1000766,50000766,Retail,Mortgage,5931916.1,815,838,0,0,9.49,143,23,5497123.38,West,2026-09-30
1000767,50000767,Retail,Credit Card,397254.19,758,753,0,0,25.51,46,46,,South,2026-09-30
1000768,50000768,SME,SME Loan,5036709.45,587,584,0,0,13.84,90,45,,South,2026-09-30
1000769,50000769,Retail,Personal Loan,55961.24,791,739,0,15,15.58,25,24,,Central,2026-09-30
1000770,50000770,Retail,Mortgage,7589992.59,711,699,0,0,8.82,135,135,10783640.64,West,2026-09-30
1000771,50000771,Retail,Personal Loan,411514.41,619,608,15,15,11.87,78,50,,East,2026-09-30
1000772,50000772,Retail,Personal Loan,201956.44,700,695,0,0,17.49,33,4,,South,2026-09-30
1000773,50000773,Retail,Personal Loan,1852001.8,597,621,0,0,13.74,66,5,,East,2026-09-30
1000774,50000774,Retail,Credit Card,174508.73,581,610,45,45,24.88,27,3,,West,2026-09-30
1000775,50000775,Retail,Auto Loan,2518826.54,637,604,0,0,8.37,47,45,2151112.73,North,2026-09-30
1000776,50000776,Retail,Mortgage,2229207.25,746,764,0,15,7.64,269,220,2370518.63,North,2026-09-30
1000777,50000777,SME,SME Loan,1277959.08,779,742,0,0,11.61,57,10,,South,2026-09-30
1000778,50000778,Retail,Credit Card,245706.85,673,645,0,0,33.28,39,38,,Central,2026-09-30
1000779,50000779,Retail,Mortgage,802913.88,687,716,0,0,9.9,156,61,1201134.1,West,2026-09-30
1000780,50000780,SME,Mortgage,10953944.93,701,698,0,0,7.99,343,14,14447162.7,East,2026-09-30
1000781,50000781,Retail,Credit Card,267753.87,666,693,15,30,33.59,38,3,,South,2026-09-30
1000782,50000782,Retail,Credit Card,298268.85,801,817,0,0,26.25,44,27,,East,2026-09-30
1000783,50000783,Retail,Credit Card,382527.84,695,671,0,0,33.32,35,31,,West,2026-09-30
1000784,50000784,SME,Auto Loan,454934.68,668,669,0,15,12.09,69,41,382299.0,East,2026-09-30
1000785,50000785,Retail,Personal Loan,1321207.08,694,714,120,120,13.75,49,3,,East,2026-09-30
1000786,50000786,Retail,Auto Loan,2977083.22,735,759,15,15,8.3,49,19,2980950.72,Central,2026-09-30
1000787,50000787,Retail,Credit Card,208903.24,677,709,0,0,35.76,50,31,,Central,2026-09-30
1000788,50000788,SME,Auto Loan,2811858.82,711,711,0,30,11.44,24,17,1774746.63,West,2026-09-30
1000789,50000789,Retail,Mortgage,2198920.2,614,604,0,0,8.05,170,53,2006276.39,East,2026-09-30
1000790,50000790,Retail,Credit Card,242285.91,608,613,0,30,34.6,34,30,,South,2026-09-30
1000791,50000791,Retail,Mortgage,2607692.83,786,795,0,0,8.77,164,12,3475427.21,North,2026-09-30
1000792,50000792,SME,SME Loan,549846.59,738,766,0,15,14.94,49,19,,South,2026-09-30
1000793,50000793,Retail,Credit Card,91642.26,730,720,0,0,40.72,60,5,,West,2026-09-30
1000794,50000794,Retail,Credit Card,14425.89,682,677,0,0,28.07,51,16,,South,2026-09-30
1000795,50000795,Retail,Personal Loan,1277490.0,683,685,0,0,18.28,15,10,,West,2026-09-30
1000796,50000796,Retail,Personal Loan,879775.82,764,730,0,0,16.01,49,33,,East,2026-09-30
1000797,50000797,Retail,Mortgage,9030872.16,758,716,0,0,7.73,257,67,9201863.67,North,2026-09-30
1000798,50000798,Retail,Credit Card,33312.09,756,750,0,0,35.38,34,32,,South,2026-09-30
1000799,50000799,Retail,Auto Loan,1588452.31,652,652,0,0,9.29,36,3,1057363.46,Central,2026-09-30
1000800,50000800,Retail,Auto Loan,569866.08,739,751,0,0,12.97,74,59,542085.05,Central,2026-09-30
1000801,50000801,Retail,Credit Card,17860.68,725,723,0,0,28.28,60,4,,East,2026-09-30
1000802,50000802,Retail,Auto Loan,2445734.91,654,627,0,0,9.98,43,7,1664085.2,West,2026-09-30
1000803,50000803,Retail,Credit Card,429844.56,679,662,60,60,37.97,51,40,,West,2026-09-30
1000804,50000804,Retail,Mortgage,2439955.18,736,714,0,0,8.3,257,184,2237569.83,South,2026-09-30
1000805,50000805,Retail,Auto Loan,825185.21,650,615,0,15,9.91,26,12,614317.51,North,2026-09-30
1000806,50000806,Retail,Auto Loan,1808498.72,767,786,0,0,12.86,59,57,1753544.23,South,2026-09-30
1000807,50000807,Retail,Personal Loan,1880174.71,752,766,0,0,18.05,63,26,,East,2026-09-30
1000808,50000808,Retail,Personal Loan,1477277.11,686,679,0,0,17.15,63,27,,West,2026-09-30
1000809,50000809,Retail,Personal Loan,1548706.03,742,751,0,0,14.09,13,13,,West,2026-09-30
1000810,50000810,SME,SME Loan,8870559.59,671,677,0,0,15.38,14,8,,South,2026-09-30
1000811,50000811,Retail,Credit Card,319247.37,659,689,0,0,24.22,48,45,,North,2026-09-30
1000812,50000812,Retail,Personal Loan,343817.32,645,664,15,0,19.56,22,17,,Central,2026-09-30
1000813,50000813,Retail,Personal Loan,1850984.49,750,711,,15,14.08,27,3,,North,2026-09-30
1000814,50000814,Retail,Personal Loan,1343946.22,613,602,0,0,18.8,52,43,,North,2026-09-30
1000815,50000815,Retail,Mortgage,11547160.13,705,688,0,0,9.49,314,78,17613469.6,South,2026-09-30
1000816,50000816,Retail,Auto Loan,669544.64,748,712,0,0,13.14,25,18,495190.51,East,2026-09-30
1000817,50000817,Retail,Personal Loan,938783.13,739,735,0,0,19.74,35,5,,East,2026-09-30
1000818,50000818,Retail,Auto Loan,2919618.03,696,719,0,0,9.61,40,23,2611341.64,West,2026-09-30
1000819,50000819,SME,SME Loan,5845059.59,649,636,180,180,16.82,24,23,,East,2026-09-30
1000820,50000820,Retail,Personal Loan,1880680.28,623,602,0,0,19.67,15,13,,North,2026-09-30
1000821,50000821,Retail,Auto Loan,923065.54,573,570,0,15,8.22,61,52,854236.56,Central,2026-09-30
1000822,50000822,Retail,Personal Loan,1378665.52,549,562,0,0,12.87,80,69,,West,2026-09-30
1000823,50000823,Retail,Personal Loan,1162525.12,662,656,45,30,14.03,77,57,,West,2026-09-30
1000824,50000824,Retail,Credit Card,402779.26,740,760,0,0,37.3,43,1,,North,2026-09-30
1000825,50000825,Retail,Auto Loan,2894064.46,618,616,0,0,10.99,64,58,2940146.75,East,2026-09-30
1000826,50000826,Retail,Mortgage,7341705.79,702,715,0,0,8.55,341,98,7353812.3,North,2026-09-30
1000827,50000827,Retail,Credit Card,88192.04,614,652,75,105,32.43,14,6,,West,2026-09-30
1000828,50000828,Retail,Credit Card,391312.29,818,818,0,0,25.96,28,2,,South,2026-09-30
1000829,50000829,Retail,Auto Loan,3390570.86,602,609,0,0,9.85,78,4,4002533.31,South,2026-09-30
1000830,50000830,Retail,Credit Card,170968.54,718,733,0,0,29.94,28,20,,East,2026-09-30
1000831,50000831,Retail,Auto Loan,3342611.65,641,651,15,0,13.42,31,22,3406043.42,West,2026-09-30
1000832,50000832,Retail,Auto Loan,2730543.44,630,639,0,15,10.98,64,31,2314027.13,North,2026-09-30
1000833,50000833,Corporate,Corporate Loan,72412384.54,622,596,0,15,12.03,60,4,,South,2026-09-30
1000834,50000834,Retail,Mortgage,2405902.96,665,638,0,30,10.15,322,198,2916651.06,West,2026-09-30
1000835,50000835,SME,SME Loan,9239374.84,718,719,0,15,15.61,33,16,,East,2026-09-30
1000836,50000836,Retail,Mortgage,9287515.42,753,760,0,0,10.07,145,75,13740456.32,West,2026-09-30
1000837,50000837,SME,SME Loan,1605405.74,791,796,0,0,16.48,94,31,,South,2026-09-30
1000838,50000838,Corporate,Corporate Loan,62389642.55,779,777,0,15,13.04,60,35,,North,2026-09-30
1000839,50000839,Retail,Credit Card,62650.41,711,680,0,0,40.4,17,5,,South,2026-09-30
1000840,50000840,Retail,Personal Loan,1583427.34,650,642,0,0,10.25,21,11,,West,2026-09-30
1000841,50000841,Retail,Personal Loan,1039266.24,792,785,0,15,17.6,74,52,,East,2026-09-30
1000842,50000842,Retail,Personal Loan,1540598.14,765,779,0,0,10.51,29,3,,South,2026-09-30
1000843,50000843,Retail,Credit Card,219479.8,585,560,30,60,31.27,32,8,,East,2026-09-30
1000844,50000844,Retail,Personal Loan,459867.86,678,684,0,0,18.83,65,54,,West,2026-09-30
1000845,50000845,SME,Mortgage,8755979.2,851,839,0,0,8.81,278,187,12673881.71,West,2026-09-30
1000846,50000846,Retail,Mortgage,7385215.09,716,697,30,15,7.11,243,200,10485419.1,West,2026-09-30
1000847,50000847,Retail,Credit Card,112665.78,560,597,60,75,33.56,56,32,,North,2026-09-30
1000848,50000848,Retail,Mortgage,7459973.33,664,658,0,0,7.54,129,2,7191964.43,East,2026-09-30
1000849,50000849,Retail,Personal Loan,911640.15,788,764,0,15,10.64,77,50,,West,2026-09-30
1000850,50000850,Retail,Mortgage,4222073.88,611,625,0,0,9.29,329,121,6281618.51,West,2026-09-30
1000851,50000851,Retail,Mortgage,4334387.26,849,819,30,30,8.44,191,61,4332668.24,East,2026-09-30
1000852,50000852,Retail,Personal Loan,945336.24,608,627,45,45,12.06,59,42,,South,2026-09-30
1000853,50000853,Retail,Auto Loan,3183830.32,754,763,0,0,12.74,57,54,3552558.7,East,2026-09-30
1000854,50000854,Retail,Credit Card,415373.18,610,636,0,0,33.38,58,13,,East,2026-09-30
1000855,50000855,SME,SME Loan,7142819.16,667,662,30,60,10.19,44,36,,South,2026-09-30
1000856,50000856,Retail,Auto Loan,3279046.75,720,730,0,30,13.96,82,8,3634259.17,West,2026-09-30
1000857,50000857,Retail,Auto Loan,262141.11,752,752,0,0,11.87,52,28,202079.08,South,2026-09-30
1000858,50000858,Retail,Auto Loan,969012.28,718,695,0,0,9.84,32,8,884373.8,East,2026-09-30
1000859,50000859,SME,SME Loan,5128356.52,693,700,0,0,14.4,49,49,,North,2026-09-30
1000860,50000860,Retail,Auto Loan,2348351.92,798,798,0,15,13.12,71,27,1458324.64,South,2026-09-30
1000861,50000861,Retail,Personal Loan,1168786.31,900,900,0,15,13.24,17,12,,East,2026-09-30
1000862,50000862,SME,Auto Loan,3015726.05,698,681,0,0,9.74,51,1,3373804.64,North,2026-09-30
1000863,50000863,Retail,Auto Loan,1107345.24,571,581,0,15,10.08,60,34,960735.14,North,2026-09-30
1000864,50000864,Retail,Mortgage,8814409.16,775,735,0,30,8.87,128,72,7874062.0,West,2026-09-30
1000865,50000865,SME,SME Loan,5705429.65,649,603,30,45,15.54,34,21,,South,2026-09-30
1000866,50000866,Retail,Personal Loan,669480.65,638,637,0,30,12.01,62,11,,West,2026-09-30
1000867,50000867,Retail,Credit Card,485653.74,827,799,,15,39.35,37,3,,South,2026-09-30
1000868,50000868,Retail,Auto Loan,2467869.87,750,712,0,0,13.14,63,63,1509006.22,East,2026-09-30
1000869,50000869,Retail,Mortgage,8093485.68,713,750,0,0,8.42,239,165,8537910.08,North,2026-09-30
1000870,50000870,Retail,Auto Loan,2007768.3,716,736,0,0,9.15,40,21,1890655.54,West,2026-09-30
1000871,50000871,Retail,Credit Card,393863.27,717,668,0,0,38.71,24,2,,South,2026-09-30
1000872,50000872,Retail,Auto Loan,2167373.48,668,677,90,120,9.71,45,45,1613156.46,South,2026-09-30
1000873,50000873,Retail,Credit Card,185770.79,781,784,0,0,30.79,56,53,,Central,2026-09-30
1000874,50000874,Retail,Mortgage,6156781.02,728,763,0,0,8.82,139,125,7036821.99,West,2026-09-30
1000875,50000875,SME,SME Loan,3501420.43,670,669,0,0,16.39,115,8,,East,2026-09-30
1000876,50000876,Retail,Credit Card,29681.48,730,711,0,0,39.67,26,22,,Central,2026-09-30
1000877,50000877,Retail,Mortgage,8248968.49,624,628,0,15,10.5,248,178,7230659.02,East,2026-09-30
1000878,50000878,SME,SME Loan,1278098.19,811,819,0,0,12.2,17,1,,West,2026-09-30
1000879,50000879,SME,SME Loan,6032301.97,689,707,0,30,16.32,100,84,,East,2026-09-30
1000880,50000880,Retail,Personal Loan,337803.27,810,816,0,0,12.81,15,8,,West,2026-09-30
1000881,50000881,Retail,Credit Card,197391.85,792,785,0,0,38.23,13,12,,South,2026-09-30
1000882,50000882,Retail,Auto Loan,935329.83,,698,0,0,12.6,46,24,631902.39,East,2026-09-30
1000883,50000883,Retail,Auto Loan,880699.28,751,729,0,0,10.21,84,66,699165.07,Central,2026-09-30
1000884,50000884,Retail,Personal Loan,611114.04,792,812,0,0,11.17,36,22,,North,2026-09-30
1000885,50000885,SME,SME Loan,6724276.64,784,776,0,30,12.2,118,89,,West,2026-09-30
1000886,50000886,Retail,Mortgage,4638205.53,602,634,15,15,8.16,268,150,4122660.16,West,2026-09-30
1000887,50000887,Retail,Personal Loan,968518.89,734,731,0,0,15.36,83,35,,Central,2026-09-30
1000888,50000888,Retail,Credit Card,263601.33,588,631,30,60,34.47,39,36,,North,2026-09-30
1000889,50000889,Retail,Personal Loan,1552756.0,724,744,0,0,13.6,58,8,,North,2026-09-30
1000890,50000890,SME,SME Loan,10359662.65,607,636,0,0,16.95,65,53,,East,2026-09-30
1000891,50000891,Retail,Personal Loan,1134941.23,770,801,15,0,18.61,51,29,,West,2026-09-30
1000892,50000892,Retail,Mortgage,9088890.86,567,569,0,0,8.06,193,161,10384309.24,North,2026-09-30
1000893,50000893,SME,SME Loan,3913852.16,557,585,30,15,14.81,17,2,,West,2026-09-30
1000894,50000894,Retail,Auto Loan,2386872.2,666,630,0,30,8.61,33,19,1730381.56,West,2026-09-30
1000895,50000895,Retail,Auto Loan,2086720.18,744,749,0,30,10.4,30,2,1883738.75,North,2026-09-30
1000896,50000896,SME,SME Loan,13994260.64,599,628,0,0,15.52,19,17,,South,2026-09-30
1000897,50000897,Corporate,Corporate Loan,15387787.85,645,625,0,15,12.24,166,84,,North,2026-09-30
1000898,50000898,Retail,Auto Loan,444158.63,615,635,0,15,12.96,59,35,409559.54,West,2026-09-30
1000899,50000899,Retail,Personal Loan,197936.66,719,690,0,0,19.26,43,43,,South,2026-09-30
1000900,50000900,Retail,Credit Card,449829.63,769,755,0,0,38.89,41,1,,Central,2026-09-30
1000901,50000901,Retail,Credit Card,169806.58,764,765,0,0,36.75,53,34,,South,2026-09-30
1000902,50000902,SME,SME Loan,5624747.49,746,750,0,15,16.64,103,70,,East,2026-09-30
1000903,50000903,Retail,Personal Loan,1090304.39,712,720,0,15,16.17,18,11,,South,2026-09-30
1000904,50000904,SME,SME Loan,3293687.52,790,789,0,0,9.69,35,8,,West,2026-09-30
1000905,50000905,Retail,Mortgage,7412328.25,775,775,0,0,7.52,193,106,10204224.97,East,2026-09-30
1000906,50000906,Retail,Auto Loan,247938.82,847,824,0,15,13.9,80,72,205225.58,South,2026-09-30
1000907,50000907,SME,SME Loan,13470196.53,696,677,0,15,10.75,108,47,,South,2026-09-30
1000908,50000908,Corporate,Mortgage,1409030.43,634,654,45,45,9.5,274,131,1868663.27,Central,2026-09-30
1000909,50000909,Retail,Mortgage,2498533.09,798,786,0,0,7.94,240,133,2559471.5,Central,2026-09-30
1000910,50000910,Retail,Auto Loan,204807.02,715,713,0,15,12.72,70,53,214963.25,Central,2026-09-30
1000911,50000911,SME,SME Loan,9876184.3,692,685,0,0,16.18,12,10,,South,2026-09-30
1000912,50000912,Retail,Auto Loan,1826124.55,610,640,60,60,11.73,81,50,1186987.85,East,2026-09-30
1000913,50000913,Retail,Personal Loan,1911154.92,584,582,90,75,13.27,43,9,,South,2026-09-30
1000914,50000914,Retail,Credit Card,212750.35,778,749,0,0,36.74,28,11,,East,2026-09-30
1000915,50000915,Corporate,Mortgage,1687928.89,714,720,0,0,7.81,352,197,1971217.78,North,2026-09-30
1000916,50000916,Retail,Auto Loan,2934959.53,652,684,0,0,11.36,54,43,3053062.16,South,2026-09-30
1000917,50000917,Retail,Mortgage,4354397.62,722,749,0,0,7.44,317,94,5217496.5,East,2026-09-30
1000918,50000918,Retail,Personal Loan,1461207.07,622,615,0,15,18.52,25,20,,South,2026-09-30
1000919,50000919,Retail,Auto Loan,990159.74,736,708,0,0,12.47,33,27,596612.63,East,2026-09-30
1000920,50000920,Retail,Personal Loan,1387009.94,718,725,0,30,10.32,60,52,,South,2026-09-30
1000921,50000921,Retail,Mortgage,9225263.22,734,741,0,0,7.23,296,245,12568627.4,West,2026-09-30
1000922,50000922,Retail,Personal Loan,720630.86,670,643,45,60,14.0,23,5,,East,2026-09-30
1000923,50000923,Retail,Personal Loan,966976.08,605,600,0,0,11.84,79,47,,West,2026-09-30
1000924,50000924,Retail,Personal Loan,1076811.42,696,670,0,15,10.74,12,6,,Central,2026-09-30
1000925,50000925,Retail,Personal Loan,1985362.34,758,783,0,0,18.01,80,62,,West,2026-09-30
1000926,50000926,Retail,Auto Loan,885135.77,542,598,0,15,10.19,45,12,539907.12,East,2026-09-30
1000927,50000927,Retail,Personal Loan,166966.61,763,698,0,0,19.26,48,43,,North,2026-09-30
1000928,50000928,Retail,Personal Loan,371329.81,766,749,0,15,17.28,77,2,,East,2026-09-30
1000929,50000929,Retail,Mortgage,11202138.49,765,785,0,30,7.92,317,277,13416183.33,East,2026-09-30
1000930,50000930,Retail,Credit Card,452230.78,834,795,0,0,26.54,38,2,,East,2026-09-30
1000931,50000931,Retail,Auto Loan,2755283.43,755,742,0,30,13.45,83,61,3067757.39,West,2026-09-30
1000932,50000932,SME,Mortgage,5803983.0,715,713,0,15,7.66,231,152,8615950.67,East,2026-09-30
1000933,50000933,Corporate,Corporate Loan,69138545.97,745,767,0,0,8.13,143,42,,North,2026-09-30
1000934,50000934,Retail,Mortgage,10402729.35,635,615,0,30,9.08,178,57,11828296.67,East,2026-09-30
1000935,50000935,Retail,Credit Card,47650.76,764,744,0,15,33.3,28,26,,East,2026-09-30
1000936,50000936,Retail,Personal Loan,853346.68,754,754,0,0,19.95,63,57,,North,2026-09-30
1000937,50000937,Retail,Mortgage,5819358.77,533,575,120,120,7.9,181,112,6907419.33,South,2026-09-30
1000938,50000938,SME,SME Loan,13556877.88,662,670,0,0,12.6,54,15,,North,2026-09-30
1000939,50000939,SME,SME Loan,12459011.41,592,622,0,0,12.42,72,10,,East,2026-09-30
1000940,50000940,Retail,Mortgage,8270569.95,720,736,0,15,8.54,329,237,7762191.73,South,2026-09-30
1000941,50000941,Retail,Personal Loan,1366417.74,790,825,0,0,15.76,47,19,,South,2026-09-30
1000942,50000942,Retail,Mortgage,7961438.39,662,654,0,0,7.38,196,71,7460161.62,West,2026-09-30
1000943,50000943,Retail,Personal Loan,1622031.5,700,717,0,0,16.15,70,35,,South,2026-09-30
1000944,50000944,Retail,Credit Card,413911.48,654,657,0,0,25.54,38,26,,East,2026-09-30
1000945,50000945,Retail,Mortgage,6994026.6,825,823,0,30,9.76,279,27,9083465.68,North,2026-09-30
1000946,50000946,Retail,Credit Card,474662.34,561,549,0,0,30.72,50,30,,North,2026-09-30
1000947,50000947,Retail,Credit Card,290167.9,851,814,0,0,34.71,36,31,,South,2026-09-30
1000948,50000948,Retail,Auto Loan,649545.89,653,646,0,0,11.61,38,15,636628.11,East,2026-09-30
1000949,50000949,Retail,Auto Loan,1022737.17,706,672,0,0,9.82,25,4,627093.05,North,2026-09-30
1000950,50000950,Retail,Mortgage,10932114.11,616,631,45,75,8.53,189,37,15289868.12,Central,2026-09-30
1000951,50000951,Retail,Personal Loan,633542.57,628,641,30,0,12.74,42,11,,East,2026-09-30
1000952,50000952,Retail,Auto Loan,1297735.65,771,761,0,0,12.02,60,34,1317502.94,West,2026-09-30
1000953,50000953,Retail,Credit Card,173582.58,742,731,0,30,35.48,37,25,,West,2026-09-30
1000954,50000954,Retail,Auto Loan,2617609.17,682,691,0,0,11.91,65,65,2211873.56,West,2026-09-30
1000955,50000955,Retail,Personal Loan,1364538.37,680,681,0,0,11.15,54,20,,North,2026-09-30
1000956,50000956,Retail,Mortgage,3838659.21,796,825,0,0,8.14,241,197,3991760.64,Central,2026-09-30
1000957,50000957,Retail,Personal Loan,1802994.23,,728,0,0,12.01,38,34,,North,2026-09-30
1000958,50000958,SME,SME Loan,11395357.11,743,703,0,0,14.42,98,61,,Central,2026-09-30
1000959,50000959,SME,Auto Loan,829237.58,666,647,60,60,10.97,72,36,730706.73,West,2026-09-30
1000960,50000960,Corporate,Corporate Loan,54147352.03,651,662,0,0,11.58,125,20,,East,2026-09-30
1000961,50000961,Retail,Mortgage,4470790.0,825,847,0,0,8.12,350,157,3936022.05,North,2026-09-30
1000962,50000962,SME,SME Loan,12037655.17,740,764,0,0,17.93,25,11,,South,2026-09-30
1000963,50000963,SME,SME Loan,7848904.98,665,710,0,0,9.05,120,40,,West,2026-09-30
1000964,50000964,Retail,Credit Card,186572.87,601,587,0,0,30.81,30,3,,East,2026-09-30
1000965,50000965,Retail,Personal Loan,306516.86,760,780,0,0,13.53,47,14,,North,2026-09-30
1000966,50000966,Corporate,Corporate Loan,66035540.73,681,681,0,0,8.81,60,47,,South,2026-09-30
1000967,50000967,Retail,Personal Loan,1958543.53,563,598,0,0,17.92,26,15,,East,2026-09-30
1000968,50000968,Corporate,Corporate Loan,37685512.53,661,650,0,0,12.18,161,29,,South,2026-09-30
1000969,50000969,Retail,Credit Card,21659.41,599,596,0,0,34.04,28,23,,West,2026-09-30
1000970,50000970,Retail,Personal Loan,795976.53,624,581,0,0,15.03,37,32,,North,2026-09-30
1000971,50000971,Retail,Auto Loan,376071.92,728,720,0,0,13.35,84,59,444873.09,North,2026-09-30
1000972,50000972,Retail,Auto Loan,572849.9,760,756,0,30,11.24,36,14,427320.89,West,2026-09-30
1000973,50000973,Retail,Auto Loan,833817.04,638,660,30,30,8.02,61,48,757175.94,South,2026-09-30
1000974,50000974,Retail,Mortgage,2078404.22,620,649,60,30,7.07,289,187,1784526.37,East,2026-09-30
1000975,50000975,Retail,Credit Card,82546.13,627,661,0,0,25.77,29,19,,East,2026-09-30
1000976,50000976,Retail,Auto Loan,1367694.18,646,657,60,60,11.91,65,14,929197.85,South,2026-09-30
1000977,50000977,Retail,Credit Card,338823.7,636,667,0,30,24.65,54,51,,South,2026-09-30
1000978,50000978,Retail,Auto Loan,3118493.74,567,518,45,45,8.72,39,33,2771894.73,South,2026-09-30
1000979,50000979,Retail,Auto Loan,955587.72,583,553,0,30,13.58,58,32,918693.65,West,2026-09-30
1000980,50000980,Corporate,Corporate Loan,64539768.61,631,643,75,90,11.61,68,28,,West,2026-09-30
1000981,50000981,SME,SME Loan,1251860.87,820,815,0,0,16.91,38,16,,West,2026-09-30
1000982,50000982,Retail,Personal Loan,1396795.17,622,631,0,0,16.8,24,13,,East,2026-09-30
1000983,50000983,Retail,Mortgage,558822.14,574,590,0,0,8.95,153,61,482811.08,Central,2026-09-30
1000984,50000984,Retail,Mortgage,10911115.44,537,548,0,15,8.69,347,108,14141139.6,Central,2026-09-30
1000985,50000985,Retail,Mortgage,11074088.15,816,793,0,0,10.33,233,119,16657881.66,West,2026-09-30
1000986,50000986,SME,SME Loan,3501640.43,764,752,0,0,15.61,96,36,,East,2026-09-30
1000987,50000987,Retail,Auto Loan,3188982.29,756,719,0,30,10.11,34,6,2081929.6,South,2026-09-30
1000988,50000988,Retail,Personal Loan,1410165.86,687,678,15,15,12.51,26,10,,South,2026-09-30
1000989,50000989,SME,SME Loan,14076699.52,760,771,0,0,12.05,30,22,,South,2026-09-30
1000990,50000990,Retail,Credit Card,93047.76,733,721,0,0,40.77,40,4,,North,2026-09-30
1000991,50000991,Retail,Auto Loan,1100086.13,648,647,0,0,9.97,67,42,1220552.15,South,2026-09-30
1000992,50000992,Retail,Personal Loan,406901.23,744,740,0,0,18.23,21,20,,South,2026-09-30
1000993,50000993,Retail,Credit Card,109319.49,668,675,0,0,26.65,54,48,,South,2026-09-30
1000994,50000994,SME,SME Loan,8936022.91,682,674,60,60,9.16,84,30,,Central,2026-09-30
1000995,50000995,Retail,Mortgage,11399524.49,662,659,0,0,7.07,332,208,12717560.45,East,2026-09-30
1000996,50000996,SME,SME Loan,734944.08,656,677,0,0,15.88,94,46,,West,2026-09-30
1000997,50000997,Retail,Mortgage,954404.58,727,721,0,30,8.66,318,235,890004.88,West,2026-09-30
1000998,50000998,Retail,Personal Loan,412194.53,705,681,15,0,11.92,16,3,,West,2026-09-30
1000999,50000999,Retail,Credit Card,99051.4,679,672,0,0,34.62,32,25,,West,2026-09-30
1001000,50001000,Retail,Auto Loan,3295012.78,660,679,0,15,8.09,43,13,2256270.12,North,2026-09-30
1001001,50001001,Retail,Mortgage,5228948.23,721,724,0,0,8.24,252,198,4828144.32,South,2026-09-30
1001002,50001002,Retail,Mortgage,4768952.07,705,707,0,30,9.74,128,88,4252510.58,East,2026-09-30
1001003,50001003,SME,SME Loan,7464908.27,617,656,0,0,15.36,75,5,,West,2026-09-30
1001004,50001004,Retail,Auto Loan,439328.78,769,748,0,0,13.34,55,32,332545.55,West,2026-09-30
1001005,50001005,Retail,Personal Loan,1938564.37,600,653,0,0,11.61,25,20,,South,2026-09-30
1001006,50001006,Retail,Mortgage,10793188.82,628,632,0,0,8.84,346,135,13473685.35,South,2026-09-30
1001007,50001007,Retail,Credit Card,106459.35,845,846,0,15,37.87,21,10,,South,2026-09-30
1001008,50001008,Retail,Auto Loan,2048419.06,570,612,0,30,11.11,77,7,1593542.05,East,2026-09-30
1001009,50001009,Corporate,Mortgage,2771124.84,648,627,0,0,9.73,192,178,3612327.16,West,2026-09-30
1001010,50001010,Retail,Auto Loan,551949.61,778,785,0,0,11.38,50,2,608757.21,West,2026-09-30
1001011,50001011,Retail,Auto Loan,2660048.84,679,666,0,30,13.42,69,29,2728662.18,West,2026-09-30
1001012,50001012,Retail,Mortgage,2083058.43,639,623,0,0,7.38,308,117,2341256.42,West,2026-09-30
1001013,50001013,SME,Auto Loan,2277571.23,751,744,0,0,13.68,37,24,2652619.22,Central,2026-09-30
1001014,50001014,Retail,Credit Card,317859.0,672,649,0,0,30.33,22,20,,North,2026-09-30
1001015,50001015,Retail,Credit Card,356558.11,690,707,0,0,34.07,50,39,,East,2026-09-30
1001016,50001016,Retail,Personal Loan,950541.89,636,636,30,30,13.57,60,12,,North,2026-09-30
1001017,50001017,Retail,Personal Loan,979938.4,615,615,0,30,12.27,67,23,,Central,2026-09-30
1001018,50001018,Retail,Personal Loan,247748.13,627,624,0,0,11.17,62,15,,South,2026-09-30
1001019,50001019,Retail,Mortgage,10126270.14,750,740,0,0,8.05,221,91,9660473.33,North,2026-09-30
1001020,50001020,Retail,Personal Loan,1834686.4,659,690,0,0,17.47,33,3,,West,2026-09-30
1001021,50001021,Retail,Mortgage,10782054.53,538,565,0,0,8.0,339,256,16686848.38,South,2026-09-30
1001022,50001022,Retail,Personal Loan,62420.11,744,756,0,0,11.28,21,20,,West,2026-09-30
1001023,50001023,SME,Auto Loan,803847.41,736,719,0,0,11.66,68,27,511604.68,North,2026-09-30
1001024,50001024,Retail,Credit Card,154270.47,776,791,0,0,39.36,60,18,,West,2026-09-30
1001025,50001025,Retail,Mortgage,6034968.58,823,825,60,60,10.01,159,105,6963343.05,North,2026-09-30
1001026,50001026,Corporate,Corporate Loan,58488273.89,652,688,0,30,13.02,74,29,,West,2026-09-30
1001027,50001027,Retail,Auto Loan,1869672.7,661,661,0,0,11.12,44,5,1158080.83,East,2026-09-30
1001028,50001028,Retail,Mortgage,1010980.19,609,620,0,0,9.01,262,26,1170698.98,West,2026-09-30
1001029,50001029,Retail,Credit Card,326812.69,678,705,0,0,40.07,50,26,,North,2026-09-30
1001030,50001030,SME,SME Loan,309403.42,636,617,60,45,13.49,99,85,,West,2026-09-30
1001031,50001031,Retail,Personal Loan,757561.67,633,618,0,0,12.92,79,27,,Central,2026-09-30
1001032,50001032,Retail,Credit Card,495391.31,762,753,0,0,40.31,20,2,,West,2026-09-30
1001033,50001033,Retail,Personal Loan,499338.73,707,693,0,15,16.93,15,6,,West,2026-09-30
1001034,50001034,Retail,Credit Card,246314.0,714,686,0,0,25.39,50,20,,West,2026-09-30
1001035,50001035,Retail,Mortgage,11751518.03,570,559,0,0,8.31,263,39,15503480.97,East,2026-09-30
1001036,50001036,Retail,Mortgage,7374968.35,707,707,45,45,7.17,243,243,8180913.71,North,2026-09-30
1001037,50001037,Retail,Mortgage,6211567.64,772,780,0,15,10.27,244,19,7779899.81,North,2026-09-30
1001038,50001038,Retail,Mortgage,2621226.68,634,612,0,15,9.38,258,126,2979543.4,South,2026-09-30
1001039,50001039,Retail,Mortgage,6604153.62,575,579,60,60,7.55,239,213,9283932.13,East,2026-09-30
1001040,50001040,SME,SME Loan,8858685.17,764,762,0,15,15.09,24,19,,North,2026-09-30
1001041,50001041,SME,Auto Loan,1916775.61,691,697,0,15,12.67,65,1,1504423.42,East,2026-09-30
1001042,50001042,Retail,Personal Loan,702255.77,746,737,0,0,16.96,66,8,,South,2026-09-30
1001043,50001043,Retail,Mortgage,653574.58,633,619,60,90,10.28,237,111,789648.9,North,2026-09-30
1001044,50001044,Retail,Mortgage,2751970.14,643,658,0,0,7.54,151,26,3337543.05,West,2026-09-30
1001045,50001045,Retail,Auto Loan,734108.82,676,659,0,0,13.68,53,30,555763.6,West,2026-09-30
1001046,50001046,Corporate,Corporate Loan,46718754.21,654,684,0,0,7.65,140,122,,West,2026-09-30
1001047,50001047,Retail,Personal Loan,1308038.08,565,582,0,15,18.55,64,10,,East,2026-09-30
1001048,50001048,Retail,Personal Loan,1640218.6,677,695,0,0,17.71,53,23,,West,2026-09-30
1001049,50001049,Retail,Personal Loan,635707.49,667,653,0,30,10.36,25,4,,South,2026-09-30
1001050,50001050,Retail,Mortgage,5940572.47,686,693,0,30,9.44,136,40,8577947.46,East,2026-09-30
1001051,50001051,Retail,Personal Loan,1903987.49,766,710,0,15,17.36,48,24,,North,2026-09-30
1001052,50001052,Retail,Auto Loan,2010569.93,706,752,0,30,10.59,68,19,1294439.66,East,2026-09-30
1001053,50001053,SME,SME Loan,5710773.9,763,723,0,0,9.84,109,34,,East,2026-09-30
1001054,50001054,Retail,Personal Loan,1972143.97,615,619,0,0,11.37,57,3,,West,2026-09-30
1001055,50001055,Retail,Auto Loan,1906339.72,679,675,75,105,13.3,37,8,1158254.98,Central,2026-09-30
1001056,50001056,Retail,Personal Loan,1970717.49,751,733,0,15,18.42,69,2,,West,2026-09-30
1001057,50001057,SME,Mortgage,9980723.69,819,815,0,0,7.51,248,41,10691263.55,South,2026-09-30
1001058,50001058,Retail,Mortgage,895616.76,652,645,0,15,10.27,271,175,1041904.71,West,2026-09-30
1001059,50001059,SME,Auto Loan,2535068.11,855,843,0,15,12.55,34,18,1854617.0,East,2026-09-30
1001060,50001060,Retail,Auto Loan,1234771.4,606,633,0,0,13.11,45,44,1318518.22,South,2026-09-30
1001061,50001061,Retail,Mortgage,8854699.31,765,784,0,30,9.18,314,203,11228603.17,East,2026-09-30
1001062,50001062,Retail,Mortgage,1678405.19,,834,0,0,8.91,240,111,1865621.59,East,2026-09-30
1001063,50001063,Retail,Mortgage,5307922.25,577,576,45,45,8.34,121,74,6697646.18,West,2026-09-30
1001064,50001064,SME,SME Loan,12057070.28,730,740,0,0,9.33,94,44,,South,2026-09-30
1001065,50001065,Retail,Personal Loan,252307.33,651,671,0,0,16.36,48,41,,North,2026-09-30
1001066,50001066,Retail,Credit Card,377700.65,653,685,0,0,39.15,34,7,,West,2026-09-30
1001067,50001067,Retail,Auto Loan,3201798.84,708,753,0,0,13.32,52,38,3523192.2,South,2026-09-30
1001068,50001068,Retail,Auto Loan,2887555.63,747,756,0,0,10.68,52,26,2838196.85,North,2026-09-30
1001069,50001069,SME,Auto Loan,425720.71,713,732,0,0,13.72,26,20,361289.84,West,2026-09-30
1001070,50001070,Retail,Auto Loan,1115075.45,689,689,0,0,8.41,79,29,752031.85,North,2026-09-30
1001071,50001071,Retail,Auto Loan,974578.98,748,747,0,30,8.98,54,6,688036.69,Central,2026-09-30
1001072,50001072,Corporate,Corporate Loan,18991981.69,550,526,0,0,9.9,45,24,,West,2026-09-30
1001073,50001073,Retail,Auto Loan,1442741.77,614,631,15,0,8.77,80,30,1665844.1,East,2026-09-30
1001074,50001074,Retail,Auto Loan,2572470.2,605,580,0,0,11.7,52,25,2044813.33,North,2026-09-30
1001075,50001075,SME,SME Loan,10729015.35,728,724,0,0,10.49,113,82,,North,2026-09-30
1001076,50001076,Retail,Personal Loan,385217.66,786,762,0,0,19.23,41,23,,West,2026-09-30
1001077,50001077,Retail,Personal Loan,1570228.45,697,689,0,15,18.7,27,16,,East,2026-09-30
1001078,50001078,Retail,Mortgage,1243115.03,653,650,0,0,7.27,284,218,1882971.42,North,2026-09-30
1001079,50001079,Retail,Credit Card,493716.36,707,711,15,15,38.61,41,30,,North,2026-09-30
1001080,50001080,Retail,Mortgage,7475505.27,727,735,0,0,9.38,165,37,10984111.31,Central,2026-09-30
1001081,50001081,SME,Auto Loan,1681792.27,720,715,0,0,11.54,51,45,1915924.77,North,2026-09-30
1001082,50001082,Retail,Credit Card,80979.51,774,754,0,0,37.65,23,19,,West,2026-09-30
1001083,50001083,Retail,Personal Loan,934013.85,640,642,0,15,19.86,70,37,,East,2026-09-30
1001084,50001084,SME,SME Loan,2784809.37,816,804,0,0,9.56,114,75,,North,2026-09-30
1001085,50001085,SME,SME Loan,5967562.62,,767,0,0,9.17,92,17,,Central,2026-09-30
1001086,50001086,SME,SME Loan,3348007.69,674,695,0,15,10.28,103,77,,North,2026-09-30
1001087,50001087,SME,SME Loan,10831401.72,658,614,0,15,9.14,30,17,,South,2026-09-30
1001088,50001088,Retail,Mortgage,5892945.87,900,889,0,0,10.03,221,114,5834038.52,West,2026-09-30
1001089,50001089,Retail,Personal Loan,351528.72,769,748,0,0,17.54,29,6,,South,2026-09-30
1001090,50001090,Retail,Personal Loan,1168249.75,639,636,0,0,15.65,32,27,,East,2026-09-30
1001091,50001091,Retail,Mortgage,2540291.87,669,642,0,30,7.02,224,104,3052840.68,East,2026-09-30
1001092,50001092,Retail,Personal Loan,1788279.9,555,542,45,75,15.38,34,32,,South,2026-09-30
1001093,50001093,Corporate,Corporate Loan,53272313.07,680,640,0,0,12.1,59,10,,East,2026-09-30
1001094,50001094,SME,SME Loan,11475385.21,615,642,0,15,12.2,70,60,,West,2026-09-30
1001095,50001095,Retail,Auto Loan,1475169.95,798,749,0,0,13.64,41,17,1431307.84,Central,2026-09-30
1001096,50001096,Retail,Personal Loan,1685473.85,728,746,0,15,16.14,44,44,,South,2026-09-30
1001097,50001097,Retail,Personal Loan,1290907.29,615,609,0,0,13.7,81,45,,West,2026-09-30
1001098,50001098,Retail,Mortgage,5966962.42,744,721,0,0,8.14,198,34,7672844.3,North,2026-09-30
1001099,50001099,Retail,Credit Card,363982.33,715,732,0,0,27.99,52,11,,North,2026-09-30
1001100,50001100,Retail,Personal Loan,1289973.52,622,636,0,15,11.19,51,17,,West,2026-09-30
1001101,50001101,Retail,Personal Loan,1968010.83,784,781,0,0,11.53,53,31,,West,2026-09-30
1001102,50001102,SME,SME Loan,5258369.55,688,678,0,0,17.22,76,6,,East,2026-09-30
1001103,50001103,Retail,Personal Loan,858011.23,700,692,0,0,17.3,66,27,,South,2026-09-30
1001104,50001104,Retail,Personal Loan,1125232.49,759,742,0,0,19.16,42,16,,West,2026-09-30
1001105,50001105,SME,SME Loan,6411457.48,635,619,0,0,15.44,56,17,,South,2026-09-30
1001106,50001106,Retail,Auto Loan,661349.72,660,629,0,30,12.17,41,37,476671.4,East,2026-09-30
1001107,50001107,Retail,Personal Loan,539830.55,631,624,0,0,14.56,79,78,,South,2026-09-30
1001108,50001108,Retail,Personal Loan,1710994.72,785,798,0,0,13.05,19,16,,West,2026-09-30
1001109,50001109,Retail,Credit Card,129189.09,834,845,0,15,38.02,21,7,,South,2026-09-30
1001110,50001110,Retail,Mortgage,4685766.18,658,650,45,45,7.81,329,61,5073964.53,South,2026-09-30
1001111,50001111,Retail,Personal Loan,1743250.91,684,684,0,0,19.97,60,48,,West,2026-09-30
1001112,50001112,Retail,Auto Loan,3333010.75,724,746,0,0,13.12,74,65,3260804.91,South,2026-09-30
1001113,50001113,Retail,Mortgage,9543219.7,698,726,30,30,9.82,277,78,11676958.7,North,2026-09-30
1001114,50001114,Retail,Auto Loan,1665546.13,662,676,0,0,8.39,38,19,1229739.04,East,2026-09-30
1001115,50001115,Retail,Personal Loan,981344.41,677,692,0,15,19.12,47,44,,South,2026-09-30
1001116,50001116,Retail,Mortgage,9203510.86,592,552,0,0,7.68,279,247,11122236.57,West,2026-09-30
1001117,50001117,Retail,Credit Card,312341.03,621,649,0,15,38.81,14,3,,South,2026-09-30
1001118,50001118,Retail,Personal Loan,1003978.01,649,661,0,30,10.93,17,8,,South,2026-09-30
1001119,50001119,SME,SME Loan,2240519.53,602,590,15,15,13.47,83,60,,Central,2026-09-30
1001120,50001120,Retail,Auto Loan,447971.99,582,585,0,0,12.43,34,14,511196.62,East,2026-09-30
1001121,50001121,SME,SME Loan,12149434.04,650,640,0,0,16.2,75,30,,Central,2026-09-30
1001122,50001122,Retail,Auto Loan,3100737.03,787,773,0,15,10.38,63,31,3189092.73,North,2026-09-30
1001123,50001123,Retail,Mortgage,1132405.94,729,702,0,0,9.77,331,32,1071034.54,West,2026-09-30
1001124,50001124,SME,SME Loan,1434899.32,622,628,0,0,12.04,79,60,,South,2026-09-30
1001125,50001125,Retail,Auto Loan,2013642.38,628,633,0,0,8.31,79,53,1350691.88,West,2026-09-30
1001126,50001126,SME,SME Loan,12977720.28,864,804,0,0,11.37,69,47,,South,2026-09-30
1001127,50001127,Retail,Credit Card,165007.44,690,669,0,0,28.75,49,8,,South,2026-09-30
1001128,50001128,Retail,Mortgage,3860323.03,706,698,0,0,7.16,181,5,4880727.17,West,2026-09-30
1001129,50001129,Retail,Mortgage,695455.68,774,787,0,0,8.84,155,54,808975.09,West,2026-09-30
1001130,50001130,Retail,Credit Card,164867.44,587,572,0,15,40.61,21,17,,South,2026-09-30
1001131,50001131,Retail,Personal Loan,1316014.66,,643,0,0,14.21,79,9,,West,2026-09-30
1001132,50001132,Retail,Mortgage,10488614.78,580,634,0,30,7.55,290,233,10144020.43,West,2026-09-30
1001133,50001133,Retail,Personal Loan,1427084.9,743,748,0,0,18.98,46,2,,Central,2026-09-30
1001134,50001134,SME,SME Loan,5468163.47,700,704,0,15,15.35,50,44,,East,2026-09-30
1001135,50001135,Retail,Personal Loan,1023818.35,730,680,0,0,11.77,67,49,,South,2026-09-30
1001136,50001136,Retail,Mortgage,1917167.34,760,765,0,0,7.79,348,283,1699433.74,South,2026-09-30
1001137,50001137,Retail,Credit Card,445940.3,758,729,0,0,24.37,30,14,,North,2026-09-30
1001138,50001138,SME,SME Loan,2567812.39,711,735,0,0,12.44,67,38,,Central,2026-09-30
1001139,50001139,Retail,Personal Loan,261184.37,799,816,0,0,10.29,40,34,,West,2026-09-30
1001140,50001140,Retail,Personal Loan,727002.7,682,688,0,15,13.46,36,16,,Central,2026-09-30
1001141,50001141,SME,SME Loan,8026542.7,639,699,0,15,12.33,30,16,,West,2026-09-30
1001142,50001142,Retail,Mortgage,10326923.85,690,650,0,0,9.69,355,222,14837565.95,Central,2026-09-30
1001143,50001143,Retail,Personal Loan,1755561.98,734,705,0,30,17.89,36,28,,North,2026-09-30
1001144,50001144,Retail,Mortgage,9733023.05,638,690,0,0,9.88,140,140,8381905.31,East,2026-09-30
1001145,50001145,Retail,Mortgage,3403560.23,680,695,0,0,9.61,271,18,3995753.82,East,2026-09-30
1001146,50001146,Retail,Personal Loan,1032698.95,709,713,0,15,11.55,13,1,,South,2026-09-30
1001147,50001147,Retail,Mortgage,9505704.98,830,822,0,0,7.21,202,41,9597406.19,Central,2026-09-30
1001148,50001148,Retail,Personal Loan,96021.58,639,646,0,0,14.94,46,10,,South,2026-09-30
1001149,50001149,SME,SME Loan,5478877.03,667,687,0,0,12.93,109,50,,West,2026-09-30
1001150,50001150,SME,SME Loan,6468313.31,638,629,90,90,13.33,94,90,,South,2026-09-30
1001151,50001151,Retail,Mortgage,9806003.31,731,727,0,0,8.06,307,22,11911920.82,West,2026-09-30
1001152,50001152,SME,SME Loan,968150.97,707,699,0,0,15.38,64,16,,West,2026-09-30
1001153,50001153,Retail,Credit Card,243533.99,848,850,0,0,41.88,36,34,,North,2026-09-30
1001154,50001154,Retail,Auto Loan,852159.77,686,686,0,15,12.01,29,21,,North,2026-09-30
1001155,50001155,SME,Mortgage,3610198.08,,716,0,0,8.45,168,121,4155035.6,South,2026-09-30
1001156,50001156,Retail,Personal Loan,1739487.96,627,614,60,90,16.61,65,50,,North,2026-09-30
1001157,50001157,SME,SME Loan,5112609.43,720,749,0,15,13.47,51,46,,North,2026-09-30
1001158,50001158,Retail,Auto Loan,1254136.73,654,672,0,0,9.14,79,10,1207323.82,West,2026-09-30
1001159,50001159,Retail,Personal Loan,1724775.58,733,744,0,0,18.11,71,19,,South,2026-09-30
1001160,50001160,Retail,Auto Loan,461214.19,666,667,45,60,9.7,76,14,485466.03,South,2026-09-30
1001161,50001161,Retail,Personal Loan,1893344.09,645,625,0,0,11.81,57,46,,East,2026-09-30
1001162,50001162,Retail,Mortgage,9790067.79,727,722,0,0,9.92,291,62,11212506.22,North,2026-09-30
1001163,50001163,Retail,Mortgage,11680109.81,597,640,0,15,9.77,138,27,17706005.51,East,2026-09-30
1001164,50001164,SME,SME Loan,8713729.37,744,771,0,0,17.02,112,19,,South,2026-09-30
1001165,50001165,SME,SME Loan,8136403.78,817,786,0,0,16.24,113,89,,West,2026-09-30
1001166,50001166,SME,Auto Loan,595904.33,643,658,0,0,11.76,54,40,457548.27,East,2026-09-30
1001167,50001167,Retail,Auto Loan,2332417.47,663,678,0,0,13.93,31,1,2087464.38,North,2026-09-30
1001168,50001168,Retail,Credit Card,327511.23,762,739,0,0,35.11,50,2,,Central,2026-09-30
1001169,50001169,Retail,Credit Card,310916.22,671,665,0,15,38.72,54,53,,South,2026-09-30
1001170,50001170,Retail,Auto Loan,2974781.27,773,789,0,0,9.57,81,57,1815092.76,East,2026-09-30
1001171,50001171,Retail,Mortgage,2337164.06,679,678,0,0,8.46,120,98,2476051.29,South,2026-09-30
1001172,50001172,Retail,Mortgage,6307097.64,688,652,0,15,8.35,291,126,7332341.24,North,2026-09-30
1001173,50001173,SME,Mortgage,2660863.58,804,779,0,15,7.23,315,90,3384688.74,East,2026-09-30
1001174,50001174,Retail,Credit Card,181596.22,775,751,0,15,29.38,44,38,,South,2026-09-30
1001175,50001175,Retail,Personal Loan,1901842.81,676,695,15,15,13.83,16,11,,North,2026-09-30
1001176,50001176,Retail,Credit Card,288053.73,682,673,0,0,28.77,16,9,,West,2026-09-30
1001177,50001177,Retail,Mortgage,6912773.2,765,787,0,0,9.27,255,233,7372485.17,East,2026-09-30
1001178,50001178,Retail,Auto Loan,2566435.21,836,827,0,0,8.6,79,62,2405159.4,South,2026-09-30
1001179,50001179,Retail,Mortgage,8489235.6,657,657,0,0,8.2,266,129,12689967.36,East,2026-09-30
1001180,50001180,Retail,Auto Loan,3289238.76,748,721,0,30,13.87,74,9,1993464.66,Central,2026-09-30
1001181,50001181,Retail,Personal Loan,781824.61,808,813,0,0,11.95,69,39,,South,2026-09-30
1001182,50001182,Retail,Credit Card,351836.66,758,744,0,0,37.77,58,8,,East,2026-09-30
1001183,50001183,Retail,Mortgage,6154330.36,684,682,0,0,8.95,275,50,8275753.68,South,2026-09-30
1001184,50001184,Retail,Mortgage,9657423.23,766,758,0,15,9.7,121,75,10674626.0,South,2026-09-30
1001185,50001185,Retail,Credit Card,48518.32,626,632,0,0,27.06,15,15,,West,2026-09-30
1001186,50001186,Retail,Mortgage,4018046.94,655,652,0,0,10.04,251,89,4841733.02,North,2026-09-30
1001187,50001187,Retail,Auto Loan,2442248.36,695,667,0,0,11.04,38,24,2585415.87,North,2026-09-30
1001188,50001188,Retail,Personal Loan,146322.65,762,793,0,0,11.45,54,49,,North,2026-09-30
1001189,50001189,SME,Auto Loan,3453932.26,656,608,30,30,13.97,77,1,3309903.81,West,2026-09-30
1001190,50001190,SME,SME Loan,5408131.88,728,725,0,0,10.48,55,36,,South,2026-09-30
1001191,50001191,SME,Mortgage,2702076.47,844,798,0,0,9.15,166,53,3161352.9,North,2026-09-30
1001192,50001192,Retail,Credit Card,399213.52,707,690,,0,26.24,54,39,,Central,2026-09-30
1001193,50001193,Retail,Auto Loan,2761513.4,696,714,0,0,13.27,36,27,3233037.28,West,2026-09-30
1001194,50001194,Retail,Mortgage,1210511.56,613,630,0,30,10.1,277,113,1507518.96,North,2026-09-30
1001195,50001195,Retail,Auto Loan,1240041.34,565,579,0,0,11.51,59,28,1187313.04,East,2026-09-30
1001196,50001196,Retail,Auto Loan,211784.36,740,714,0,15,9.57,46,8,219672.26,West,2026-09-30
1001197,50001197,Retail,Mortgage,11981772.23,739,722,0,0,9.13,152,138,18430839.12,South,2026-09-30
1001198,50001198,Retail,Credit Card,52925.86,599,586,15,0,37.56,29,13,,North,2026-09-30
1001199,50001199,Retail,Personal Loan,1514524.6,765,768,0,0,13.94,12,4,,South,2026-09-30
1001200,50001200,Retail,Mortgage,1553316.0,580,594,60,30,9.75,135,14,1766815.37,West,2026-09-30
1001201,50001201,Retail,Mortgage,6088400.46,705,731,0,0,7.03,281,60,6181324.52,South,2026-09-30
1001202,50001202,Retail,Mortgage,11419217.56,654,641,0,0,7.75,141,45,10986802.48,North,2026-09-30
1001203,50001203,Retail,Personal Loan,1962011.16,682,694,0,0,16.29,33,22,,West,2026-09-30
1001204,50001204,SME,SME Loan,5939557.19,662,684,90,90,12.84,72,66,,West,2026-09-30
1001205,50001205,Retail,Personal Loan,603888.09,727,718,0,0,11.63,22,22,,West,2026-09-30
1001206,50001206,Retail,Credit Card,30698.26,636,665,0,15,33.85,54,3,,East,2026-09-30
1001207,50001207,SME,SME Loan,3748527.26,849,837,0,0,9.11,52,30,,East,2026-09-30
1001208,50001208,Retail,Auto Loan,1802410.82,769,753,0,15,10.51,29,10,1461432.7,South,2026-09-30
1001209,50001209,Retail,Personal Loan,1425706.96,790,781,0,0,18.44,59,57,,West,2026-09-30
1001210,50001210,Retail,Personal Loan,761534.32,797,798,30,0,17.84,77,53,,West,2026-09-30
1001211,50001211,Retail,Auto Loan,3323140.6,799,793,0,15,10.16,54,28,3377941.83,South,2026-09-30
1001212,50001212,Retail,Auto Loan,2507310.76,771,733,0,0,12.35,31,2,1537555.63,West,2026-09-30
1001213,50001213,Retail,Mortgage,2751249.6,744,720,0,0,7.41,315,174,3839630.11,South,2026-09-30
1001214,50001214,Retail,Credit Card,276044.72,653,673,0,0,28.54,21,13,,East,2026-09-30
1001215,50001215,Retail,Credit Card,5688.98,653,666,0,0,25.16,50,40,,Central,2026-09-30
1001216,50001216,SME,SME Loan,8493553.76,820,769,0,15,10.27,44,23,,East,2026-09-30
1001217,50001217,Retail,Mortgage,8077358.0,663,660,0,15,8.27,244,105,8992302.69,North,2026-09-30
1001218,50001218,Retail,Auto Loan,2689973.28,650,652,0,15,12.5,39,18,2415472.89,East,2026-09-30
1001219,50001219,Retail,Credit Card,64058.04,706,724,0,0,34.34,23,2,,West,2026-09-30
1001220,50001220,Retail,Mortgage,10388407.01,697,687,0,30,7.96,120,16,12163480.47,West,2026-09-30
1001221,50001221,SME,Auto Loan,820343.2,719,738,0,0,9.24,67,45,790655.98,North,2026-09-30
1001222,50001222,SME,SME Loan,2515646.35,570,588,0,30,16.5,108,60,,North,2026-09-30
1001223,50001223,Retail,Auto Loan,1119868.01,730,725,0,30,9.4,80,42,1165338.93,East,2026-09-30
1001224,50001224,Retail,Personal Loan,170398.9,743,734,0,30,11.7,19,8,,East,2026-09-30
1001225,50001225,Retail,Credit Card,150766.8,781,774,0,0,25.02,13,6,,West,2026-09-30
1001226,50001226,Retail,Personal Loan,1509833.43,566,551,180,165,19.4,17,9,,West,2026-09-30
1001227,50001227,SME,SME Loan,1503451.46,713,708,0,0,17.56,68,9,,South,2026-09-30
1001228,50001228,Retail,Mortgage,11300215.68,761,769,0,0,7.87,323,216,16931485.09,Central,2026-09-30
1001229,50001229,Retail,Personal Loan,814439.43,642,668,0,0,17.36,37,3,,North,2026-09-30
1001230,50001230,Retail,Personal Loan,1864036.8,660,653,0,0,13.46,73,15,,West,2026-09-30
1001231,50001231,Retail,Personal Loan,1005440.12,613,628,30,30,16.09,45,9,,West,2026-09-30
1001232,50001232,Retail,Mortgage,11843386.46,751,759,0,0,7.5,233,48,14281399.4,South,2026-09-30
1001233,50001233,Retail,Auto Loan,3339250.85,705,713,0,0,10.0,24,17,2784409.42,West,2026-09-30
1001234,50001234,SME,SME Loan,10220844.04,724,720,0,0,10.51,46,31,,Central,2026-09-30
1001235,50001235,SME,Auto Loan,2141818.4,751,731,0,0,10.78,27,17,2012080.15,West,2026-09-30
1001236,50001236,Retail,Credit Card,226686.45,770,763,0,0,29.2,24,21,,North,2026-09-30
1001237,50001237,SME,SME Loan,13326783.47,770,782,0,0,9.94,18,9,,East,2026-09-30
1001238,50001238,Retail,Personal Loan,682777.44,697,710,0,0,10.21,33,12,,East,2026-09-30
1001239,50001239,Retail,Personal Loan,738953.65,688,670,0,0,14.77,84,78,,West,2026-09-30
1001240,50001240,Retail,Auto Loan,1282800.68,714,718,0,0,8.33,62,43,978321.45,North,2026-09-30
1001241,50001241,Retail,Credit Card,62695.12,808,788,0,0,36.85,56,30,,East,2026-09-30
1001242,50001242,Retail,Mortgage,8268174.18,715,702,15,15,9.05,207,56,7216273.42,South,2026-09-30
1001243,50001243,Retail,Credit Card,432876.89,644,665,0,0,25.03,20,16,,North,2026-09-30
1001244,50001244,Retail,Personal Loan,1010138.47,590,615,15,15,15.17,68,29,,East,2026-09-30
1001245,50001245,Retail,Personal Loan,297147.57,580,588,0,0,18.01,18,14,,South,2026-09-30
1001246,50001246,Retail,Auto Loan,1774613.71,611,610,15,15,12.27,31,23,1511629.01,South,2026-09-30
1001247,50001247,SME,SME Loan,6514202.52,805,803,0,0,14.56,95,39,,West,2026-09-30
1001248,50001248,Retail,Auto Loan,926047.42,704,690,0,0,8.81,45,4,569546.7,South,2026-09-30
1001249,50001249,Retail,Personal Loan,502637.1,701,716,0,0,15.45,36,24,,West,2026-09-30
1001250,50001250,Retail,Credit Card,318408.12,645,652,0,0,35.46,13,4,,East,2026-09-30
1001251,50001251,Retail,Credit Card,377498.01,687,673,0,0,33.97,60,36,,West,2026-09-30
1001252,50001252,Retail,Auto Loan,1993865.4,629,617,45,15,11.94,74,31,1511389.38,North,2026-09-30
1001253,50001253,Retail,Personal Loan,532104.51,646,684,0,0,12.95,32,30,,South,2026-09-30
1001254,50001254,Retail,Auto Loan,2123218.38,597,588,30,30,13.1,43,32,2132598.97,West,2026-09-30
1001255,50001255,Retail,Mortgage,2546035.14,600,615,75,60,10.03,229,119,2456499.6,East,2026-09-30
1001256,50001256,Retail,Mortgage,10249748.67,652,685,0,0,10.42,350,176,10335103.69,West,2026-09-30
1001257,50001257,Retail,Mortgage,2471528.46,644,635,0,0,8.0,358,347,2890205.62,East,2026-09-30
1001258,50001258,Retail,Credit Card,199762.58,712,721,0,0,36.72,13,9,,West,2026-09-30
1001259,50001259,Retail,Auto Loan,780798.7,687,699,0,0,8.88,27,26,570077.43,West,2026-09-30
1001260,50001260,Retail,Mortgage,11276435.41,587,594,0,0,8.24,347,27,12584439.13,South,2026-09-30
1001261,50001261,Retail,Mortgage,4569839.54,748,735,0,0,7.41,306,13,5544614.2,South,2026-09-30
1001262,50001262,Retail,Auto Loan,1106828.53,582,582,0,0,10.84,68,56,963959.07,East,2026-09-30
1001263,50001263,Retail,Personal Loan,143688.59,863,843,0,0,15.75,57,14,,East,2026-09-30
1001264,50001264,Retail,Mortgage,8771018.29,825,833,0,15,7.98,354,248,11809403.43,South,2026-09-30
1001265,50001265,Retail,Mortgage,11584618.04,729,705,0,0,9.28,236,129,12633456.19,South,2026-09-30
1001266,50001266,SME,Auto Loan,222755.87,660,647,0,15,9.5,83,81,213929.34,West,2026-09-30
1001267,50001267,Retail,Personal Loan,1447336.01,719,750,0,15,10.72,58,41,,East,2026-09-30
1001268,50001268,Retail,Mortgage,4506325.96,634,663,0,0,8.47,136,82,6771774.48,West,2026-09-30
1001269,50001269,Retail,Personal Loan,467039.79,713,716,0,0,16.87,22,19,,South,2026-09-30
1001270,50001270,Retail,Mortgage,9919187.76,,673,0,15,8.82,218,62,14253320.57,South,2026-09-30
1001271,50001271,Retail,Personal Loan,279667.93,814,787,0,30,11.97,51,17,,North,2026-09-30
1001272,50001272,Corporate,Corporate Loan,40987361.62,814,815,0,15,10.28,71,21,,Central,2026-09-30
1001273,50001273,SME,Auto Loan,2234309.72,702,683,0,15,8.64,48,19,2593649.26,West,2026-09-30
1001274,50001274,Retail,Mortgage,4582661.27,804,759,0,15,8.3,345,163,6334002.5,North,2026-09-30
1001275,50001275,Retail,Mortgage,2703071.83,797,795,0,0,7.13,270,178,2444462.18,Central,2026-09-30
1001276,50001276,Retail,Auto Loan,3095997.42,835,793,0,0,9.8,41,24,2835046.44,West,2026-09-30
1001277,50001277,SME,SME Loan,439323.87,615,626,0,0,13.8,92,11,,Central,2026-09-30
1001278,50001278,SME,Auto Loan,2617414.48,741,761,0,30,9.9,54,5,1945010.7,West,2026-09-30
1001279,50001279,Retail,Personal Loan,911797.4,703,717,0,0,12.78,24,22,,North,2026-09-30
1001280,50001280,SME,SME Loan,9521342.54,743,768,0,0,11.54,99,38,,Central,2026-09-30
1001281,50001281,Retail,Credit Card,133182.28,725,723,0,0,41.12,19,16,,North,2026-09-30
1001282,50001282,Retail,Auto Loan,3080083.31,683,679,0,0,11.03,72,12,2575554.53,South,2026-09-30
1001283,50001283,Retail,Credit Card,156967.52,746,733,0,0,36.64,35,28,,West,2026-09-30
1001284,50001284,Retail,Personal Loan,1863089.96,783,776,0,0,12.49,57,33,,South,2026-09-30
1001285,50001285,SME,SME Loan,5438597.93,706,702,0,0,10.86,76,26,,South,2026-09-30
1001286,50001286,SME,Auto Loan,1137930.17,690,678,0,0,10.24,79,7,1307761.58,East,2026-09-30
1001287,50001287,Retail,Mortgage,11346612.73,673,661,15,0,8.78,221,155,17232898.12,North,2026-09-30
1001288,50001288,Retail,Credit Card,193820.12,709,760,0,0,41.39,42,36,,West,2026-09-30
1001289,50001289,Retail,Mortgage,2214849.8,705,741,0,15,10.24,325,165,3307938.81,West,2026-09-30
1001290,50001290,Retail,Auto Loan,781678.01,748,757,0,0,8.41,24,2,877055.2,West,2026-09-30
1001291,50001291,Retail,Personal Loan,545145.77,597,613,0,0,14.4,57,44,,Central,2026-09-30
1001292,50001292,Retail,Credit Card,344505.92,688,698,0,0,38.64,12,1,,East,2026-09-30
1001293,50001293,Retail,Personal Loan,624986.99,795,785,0,15,14.59,28,28,,North,2026-09-30
1001294,50001294,Retail,Credit Card,243501.78,710,704,0,0,35.87,23,14,,Central,2026-09-30
1001295,50001295,Retail,Auto Loan,1476848.39,716,702,0,0,9.69,27,8,1459748.19,West,2026-09-30
1001296,50001296,Retail,Credit Card,388792.68,585,552,0,0,32.38,18,5,,South,2026-09-30
1001297,50001297,Retail,Mortgage,6460692.89,601,605,30,15,7.48,202,23,7669770.52,West,2026-09-30
1001298,50001298,Retail,Mortgage,8047628.52,,639,45,75,9.65,176,154,7178412.34,North,2026-09-30
1001299,50001299,Retail,Auto Loan,281669.45,733,728,0,0,9.62,83,39,240269.82,West,2026-09-30
1001300,50001300,Retail,Personal Loan,1041683.74,556,547,75,60,19.91,67,56,,West,2026-09-30
1001301,50001301,Retail,Credit Card,413218.1,670,636,0,0,31.99,16,11,,West,2026-09-30
1001302,50001302,Retail,Mortgage,6654946.88,755,751,0,0,10.28,201,135,9477392.68,East,2026-09-30
1001303,50001303,Retail,Auto Loan,1388246.28,637,657,0,0,11.9,62,15,1640271.62,South,2026-09-30
1001304,50001304,SME,SME Loan,12778569.93,657,651,30,45,16.78,102,5,,North,2026-09-30
1001305,50001305,Retail,Mortgage,9994708.69,614,610,30,0,9.64,269,43,9709972.2,East,2026-09-30
1001306,50001306,Retail,Auto Loan,1102875.77,685,705,0,0,11.59,40,13,1192298.11,North,2026-09-30
1001307,50001307,Retail,Mortgage,750131.39,580,630,0,15,8.42,313,178,800403.07,West,2026-09-30
1001308,50001308,SME,SME Loan,7995711.16,705,726,0,15,12.32,92,34,,North,2026-09-30
1001309,50001309,Retail,Auto Loan,2496456.8,769,768,0,0,9.27,49,42,2448027.05,East,2026-09-30
1001310,50001310,Retail,Mortgage,3904814.52,661,652,0,0,10.06,270,183,3679605.74,North,2026-09-30
1001311,50001311,Retail,Personal Loan,535456.43,780,745,0,30,19.94,15,3,,South,2026-09-30
1001312,50001312,SME,SME Loan,11422388.98,602,612,0,15,15.76,61,17,,South,2026-09-30
1001313,50001313,Retail,Credit Card,409977.83,670,655,0,0,34.95,14,3,,Central,2026-09-30
1001314,50001314,Retail,Credit Card,217450.31,538,545,15,0,36.85,21,1,,West,2026-09-30
1001315,50001315,Retail,Mortgage,2420878.4,787,767,0,30,8.07,275,118,3386079.85,South,2026-09-30
1001316,50001316,Retail,Auto Loan,2694403.91,670,632,0,30,12.16,49,47,2353855.22,East,2026-09-30
1001317,50001317,SME,Mortgage,2930096.18,641,638,60,75,9.19,277,183,2589052.07,East,2026-09-30
1001318,50001318,Retail,Mortgage,11184629.03,763,754,0,15,8.44,333,33,14547190.37,West,2026-09-30
1001319,50001319,SME,SME Loan,12627187.61,681,639,15,45,13.89,75,24,,West,2026-09-30
1001320,50001320,Retail,Mortgage,3256084.96,713,762,0,0,9.62,124,78,4521942.28,South,2026-09-30
1001321,50001321,SME,SME Loan,9606656.66,766,752,0,0,11.54,114,15,,West,2026-09-30
1001322,50001322,SME,Auto Loan,2972865.23,794,813,0,15,11.42,30,4,2470084.28,North,2026-09-30
1001323,50001323,SME,SME Loan,4032864.81,838,838,0,0,13.47,27,17,,West,2026-09-30
1001324,50001324,Retail,Auto Loan,1574323.4,702,691,0,0,12.63,48,45,1483657.97,North,2026-09-30
1001325,50001325,Retail,Auto Loan,1277199.85,,691,0,30,11.7,67,49,1523423.98,South,2026-09-30
1001326,50001326,SME,SME Loan,2089813.05,608,553,0,0,15.79,78,9,,East,2026-09-30
1001327,50001327,Retail,Auto Loan,1958888.81,697,692,0,0,10.97,77,44,1354737.87,West,2026-09-30
1001328,50001328,Retail,Credit Card,300752.51,708,713,0,0,39.17,46,16,,South,2026-09-30
1001329,50001329,SME,Auto Loan,287160.65,533,541,45,75,12.44,38,11,229746.6,East,2026-09-30
1001330,50001330,Corporate,Corporate Loan,34990623.16,684,670,0,15,11.32,34,7,,Central,2026-09-30
1001331,50001331,Retail,Personal Loan,1370546.45,786,804,0,0,14.78,16,8,,East,2026-09-30
1001332,50001332,Retail,Mortgage,4534822.34,783,796,0,15,10.2,250,24,6354484.32,East,2026-09-30
1001333,50001333,Retail,Credit Card,215256.38,635,649,0,0,33.29,23,4,,South,2026-09-30
1001334,50001334,SME,SME Loan,2521937.56,650,671,0,0,16.0,90,66,,West,2026-09-30
1001335,50001335,Retail,Auto Loan,1108572.38,656,655,0,0,12.65,50,28,838774.02,West,2026-09-30
1001336,50001336,Retail,Mortgage,3823108.19,640,651,0,15,7.24,146,31,5160423.34,West,2026-09-30
1001337,50001337,SME,SME Loan,14219780.62,,644,0,0,14.58,59,40,,West,2026-09-30
1001338,50001338,Retail,Mortgage,8316884.29,695,726,0,0,8.51,221,182,10541587.02,West,2026-09-30
1001339,50001339,Retail,Auto Loan,1250838.48,741,764,0,0,10.38,27,13,1491803.45,South,2026-09-30
1001340,50001340,Retail,Personal Loan,1617254.69,798,793,0,0,18.06,68,34,,North,2026-09-30
1001341,50001341,SME,SME Loan,11932370.58,550,582,0,15,11.77,99,33,,North,2026-09-30
1001342,50001342,SME,SME Loan,3262044.2,673,635,0,0,14.27,75,20,,North,2026-09-30
1001343,50001343,Retail,Auto Loan,1903937.69,796,801,0,15,11.59,61,2,1722440.51,West,2026-09-30
1001344,50001344,Retail,Mortgage,7533310.88,684,698,60,30,7.5,165,147,11426227.52,South,2026-09-30
1001345,50001345,Retail,Personal Loan,1043443.71,755,779,0,0,11.27,76,22,,South,2026-09-30
1001346,50001346,Retail,Credit Card,51885.31,767,757,0,15,41.47,47,46,,Central,2026-09-30
1001347,50001347,Retail,Mortgage,4960641.2,622,643,0,0,8.49,224,220,6078224.11,East,2026-09-30
1001348,50001348,Retail,Mortgage,5493907.02,727,746,0,0,7.85,227,155,4678170.14,South,2026-09-30
1001349,50001349,Retail,Personal Loan,820374.95,756,739,0,0,12.38,40,37,,North,2026-09-30
1001350,50001350,Retail,Personal Loan,1715252.67,689,721,0,0,10.47,27,6,,North,2026-09-30
1001351,50001351,Retail,Auto Loan,1403850.26,707,702,0,0,9.23,46,32,1340765.51,West,2026-09-30
1001352,50001352,Retail,Mortgage,6652682.37,718,723,60,60,8.39,126,36,7708159.62,East,2026-09-30
1001353,50001353,Retail,Auto Loan,1879151.42,752,751,0,15,10.89,59,9,2011843.23,South,2026-09-30
1001354,50001354,Retail,Credit Card,109487.83,676,675,0,0,41.82,39,28,,North,2026-09-30
1001355,50001355,Retail,Personal Loan,1767355.81,677,679,0,0,14.85,73,46,,East,2026-09-30
1001356,50001356,Retail,Auto Loan,3248310.03,801,826,0,0,10.79,76,55,,South,2026-09-30
1001357,50001357,Corporate,Mortgage,4058004.97,586,596,45,75,8.23,286,129,4908919.0,South,2026-09-30
1001358,50001358,Retail,Credit Card,224007.26,620,599,0,0,24.74,37,23,,West,2026-09-30
1001359,50001359,Retail,Credit Card,468814.08,657,620,0,15,40.03,34,7,,West,2026-09-30
1001360,50001360,Retail,Personal Loan,1768644.8,723,699,0,0,15.7,43,3,,North,2026-09-30
1001361,50001361,Retail,Mortgage,2116934.8,630,647,15,0,7.17,281,27,2982667.61,East,2026-09-30
1001362,50001362,Retail,Auto Loan,3380983.51,723,732,0,0,12.22,60,18,2097134.49,East,2026-09-30
1001363,50001363,Retail,Mortgage,3322196.71,624,643,0,0,9.3,222,90,3715601.24,West,2026-09-30
1001364,50001364,Retail,Credit Card,296175.4,607,613,0,0,41.72,37,24,,East,2026-09-30
1001365,50001365,SME,Auto Loan,2843493.45,719,721,0,0,8.57,38,22,1737450.75,North,2026-09-30
1001366,50001366,Retail,Mortgage,3550966.22,634,676,0,30,9.53,245,157,4697554.56,North,2026-09-30
1001367,50001367,Retail,Auto Loan,1327958.33,810,784,0,15,10.35,76,14,1472910.0,South,2026-09-30
1001368,50001368,Retail,Credit Card,293426.34,687,709,0,15,34.08,19,8,,North,2026-09-30
1001369,50001369,SME,SME Loan,333559.82,665,703,0,0,14.55,87,70,,South,2026-09-30
1001370,50001370,Retail,Auto Loan,2612162.11,650,645,0,0,11.19,36,30,1649441.33,Central,2026-09-30
1001371,50001371,Retail,Mortgage,6779168.74,661,662,0,0,10.19,262,72,5901911.12,West,2026-09-30
1001372,50001372,Retail,Mortgage,10677638.2,736,758,0,0,9.67,218,161,9891731.66,East,2026-09-30
1001373,50001373,Retail,Personal Loan,1335108.65,626,645,0,0,13.41,14,8,,East,2026-09-30
1001374,50001374,Retail,Personal Loan,666386.57,776,806,0,0,19.25,48,15,,North,2026-09-30
1001375,50001375,Retail,Mortgage,2250725.17,785,782,0,0,9.06,272,83,2013021.25,West,2026-09-30
1001376,50001376,SME,Auto Loan,2021282.41,699,672,0,0,9.0,30,27,2141864.47,South,2026-09-30
1001377,50001377,Retail,Credit Card,85644.49,683,678,0,0,26.45,15,14,,Central,2026-09-30
1001378,50001378,Retail,Mortgage,5949650.7,757,766,0,15,9.61,279,137,9052840.03,West,2026-09-30
1001379,50001379,Retail,Auto Loan,950972.07,690,739,0,0,12.45,76,24,896160.64,North,2026-09-30
1001380,50001380,SME,Mortgage,11996496.42,682,661,0,0,10.12,203,120,13916385.13,South,2026-09-30
1001381,50001381,Retail,Mortgage,10867637.8,714,720,0,0,9.85,301,78,10870180.21,South,2026-09-30
1001382,50001382,Retail,Mortgage,7622605.43,626,628,45,45,8.26,275,94,11538345.82,North,2026-09-30
1001383,50001383,Retail,Personal Loan,250720.06,702,678,30,45,17.13,57,12,,Central,2026-09-30
1001384,50001384,Retail,Auto Loan,3252925.4,740,760,0,0,11.67,40,15,3732035.89,South,2026-09-30
1001385,50001385,Retail,Mortgage,9483847.76,734,754,0,0,7.2,293,65,8849240.56,East,2026-09-30
1001386,50001386,SME,Auto Loan,310687.12,693,701,,0,12.98,43,1,365133.77,West,2026-09-30
1001387,50001387,Retail,Mortgage,2432495.72,696,727,0,0,7.82,359,321,2982263.6,West,2026-09-30
1001388,50001388,Retail,Personal Loan,1843296.45,633,651,45,60,16.09,74,7,,South,2026-09-30
1001389,50001389,Retail,Auto Loan,2804687.38,791,777,0,30,13.6,28,14,2540633.83,West,2026-09-30
1001390,50001390,Retail,Mortgage,4052380.99,716,703,0,0,7.59,222,112,4830066.94,North,2026-09-30
1001391,50001391,Retail,Mortgage,7282518.05,724,713,60,60,7.04,241,76,6476446.11,West,2026-09-30
1001392,50001392,Retail,Auto Loan,303246.55,737,738,0,0,13.65,67,17,341477.58,West,2026-09-30
1001393,50001393,Retail,Auto Loan,3409727.87,671,673,0,0,10.6,57,54,3488427.34,Central,2026-09-30
1001394,50001394,Corporate,Corporate Loan,56059344.63,630,629,15,45,13.95,131,104,,Central,2026-09-30
1001395,50001395,Retail,Mortgage,9159192.63,662,675,0,0,9.41,202,168,11336278.05,Central,2026-09-30
1001396,50001396,Retail,Mortgage,8892085.69,654,638,30,0,8.82,258,39,11554826.15,North,2026-09-30
1001397,50001397,Corporate,Corporate Loan,24048797.6,621,624,120,150,11.16,114,59,,North,2026-09-30
1001398,50001398,SME,Mortgage,8440189.51,770,765,0,0,8.86,278,58,12654933.7,West,2026-09-30
1001399,50001399,SME,SME Loan,10878997.11,832,855,0,15,11.58,97,11,,East,2026-09-30
1001400,50001400,SME,SME Loan,13341611.67,768,768,0,0,12.04,24,21,,South,2026-09-30
1001401,50001401,Retail,Mortgage,10227874.85,781,740,0,30,9.18,224,177,12770575.82,Central,2026-09-30
1001402,50001402,Retail,Personal Loan,541247.37,700,671,0,0,18.76,42,1,,South,2026-09-30
1001403,50001403,Corporate,Corporate Loan,7562459.46,825,786,0,0,12.06,178,11,,South,2026-09-30
1001404,50001404,Retail,Mortgage,10876712.03,677,691,0,0,8.49,322,22,13677164.16,South,2026-09-30
1001405,50001405,Retail,Auto Loan,778195.66,600,589,0,0,12.89,74,24,610752.48,West,2026-09-30
1001406,50001406,SME,SME Loan,8620876.69,687,730,0,0,12.71,77,49,,North,2026-09-30
1001407,50001407,SME,SME Loan,8431246.2,800,796,0,0,10.36,43,11,,South,2026-09-30
1001408,50001408,SME,Mortgage,3576148.31,614,653,0,15,9.41,221,7,5441970.59,West,2026-09-30
1001409,50001409,Retail,Personal Loan,1923833.17,788,782,0,30,16.29,47,28,,South,2026-09-30
1001410,50001410,Retail,Auto Loan,478846.21,643,649,90,75,8.48,27,3,519108.47,South,2026-09-30
1001411,50001411,Retail,Personal Loan,1348233.05,781,775,0,30,18.65,13,6,,South,2026-09-30
1001412,50001412,Retail,Mortgage,3543133.32,638,612,0,0,10.3,337,113,3753301.76,South,2026-09-30
1001413,50001413,SME,SME Loan,12103597.33,674,687,0,0,11.74,26,15,,North,2026-09-30
1001414,50001414,Retail,Credit Card,141919.37,701,695,0,0,40.69,48,43,,North,2026-09-30
1001415,50001415,SME,SME Loan,7676787.0,720,709,0,30,12.82,92,41,,West,2026-09-30
1001416,50001416,Retail,Mortgage,11944187.95,687,691,0,0,10.32,191,30,14557399.25,East,2026-09-30
1001417,50001417,Retail,Credit Card,348246.64,596,555,0,0,29.49,17,16,,West,2026-09-30
1001418,50001418,SME,SME Loan,2411568.81,606,579,0,0,16.82,103,94,,West,2026-09-30
1001419,50001419,Retail,Personal Loan,984203.85,671,652,0,15,14.19,52,52,,West,2026-09-30
1001420,50001420,Retail,Credit Card,479177.13,638,639,0,30,24.25,28,18,,West,2026-09-30
1001421,50001421,Retail,Personal Loan,1480657.46,627,623,0,0,15.46,60,53,,Central,2026-09-30
1001422,50001422,Corporate,Corporate Loan,5199106.65,562,596,0,30,7.63,21,20,,West,2026-09-30
1001423,50001423,Retail,Personal Loan,1566780.11,700,721,0,15,13.54,25,14,,West,2026-09-30
1001424,50001424,Retail,Auto Loan,3237248.48,800,811,0,0,8.3,24,5,2456074.76,East,2026-09-30
1001425,50001425,Corporate,Corporate Loan,72825667.04,723,733,0,0,10.37,83,63,,South,2026-09-30
1001426,50001426,Retail,Mortgage,2444230.91,633,662,0,0,9.22,210,91,2448206.02,West,2026-09-30
1001427,50001427,Retail,Auto Loan,1258807.52,620,611,0,0,10.51,26,10,798919.83,East,2026-09-30
1001428,50001428,Retail,Mortgage,10417820.37,746,755,0,15,8.55,286,136,9333633.97,Central,2026-09-30
1001429,50001429,SME,SME Loan,3665210.83,787,802,0,0,17.61,63,51,,South,2026-09-30
1001430,50001430,Retail,Mortgage,10516908.59,699,703,0,15,9.51,356,3,11677190.66,South,2026-09-30
1001431,50001431,Retail,Auto Loan,1276733.25,774,760,0,0,11.31,82,22,1493419.92,North,2026-09-30
1001432,50001432,Retail,Mortgage,1830700.18,733,719,0,0,7.12,249,184,1920591.54,West,2026-09-30
1001433,50001433,Retail,Personal Loan,386340.34,845,814,0,0,18.32,43,12,,South,2026-09-30
1001434,50001434,Retail,Auto Loan,1457044.66,711,726,0,0,12.21,84,67,1230593.34,Central,2026-09-30
1001435,50001435,Retail,Auto Loan,1823037.43,615,639,45,45,13.46,79,27,1790461.93,East,2026-09-30
1001436,50001436,Retail,Mortgage,3783359.35,691,728,15,15,10.22,275,95,3561868.83,South,2026-09-30
1001437,50001437,Retail,Auto Loan,2041555.79,687,725,0,0,13.41,44,29,1726972.76,Central,2026-09-30
1001438,50001438,Retail,Mortgage,9196419.58,627,612,0,0,7.79,188,175,,West,2026-09-30
1001439,50001439,Retail,Personal Loan,514739.67,614,668,60,60,14.33,53,52,,West,2026-09-30
1001440,50001440,Retail,Auto Loan,3382456.5,680,659,0,0,10.37,28,8,2052542.47,West,2026-09-30
1001441,50001441,Retail,Auto Loan,1043520.22,704,712,0,0,13.68,46,44,996940.91,North,2026-09-30
1001442,50001442,Retail,Credit Card,337266.29,740,734,0,15,28.44,44,42,,West,2026-09-30
1001443,50001443,Retail,Credit Card,487351.36,648,639,0,0,34.87,27,2,,East,2026-09-30
1001444,50001444,Retail,Auto Loan,2936263.5,666,652,0,0,13.49,35,32,3354282.17,South,2026-09-30
1001445,50001445,Retail,Personal Loan,948869.6,749,725,0,0,11.08,82,38,,East,2026-09-30
1001446,50001446,Retail,Auto Loan,3476703.74,692,674,0,0,8.2,77,21,2294143.74,West,2026-09-30
1001447,50001447,Corporate,Corporate Loan,55857824.96,609,612,30,30,10.29,12,9,,West,2026-09-30
1001448,50001448,Retail,Credit Card,390153.61,496,515,15,45,41.79,56,44,,West,2026-09-30
1001449,50001449,Retail,Auto Loan,2128964.45,629,644,0,0,10.73,84,71,2057002.86,Central,2026-09-30
1001450,50001450,Retail,Personal Loan,1559945.23,765,783,0,15,11.2,20,16,,East,2026-09-30
1001451,50001451,SME,SME Loan,2964135.7,695,699,0,0,17.8,50,33,,South,2026-09-30
1001452,50001452,SME,SME Loan,2411879.16,804,774,0,0,9.68,86,80,,North,2026-09-30
1001453,50001453,SME,Auto Loan,3317497.93,737,701,0,0,12.28,47,43,3165291.26,West,2026-09-30
1001454,50001454,Retail,Auto Loan,359077.36,710,688,0,30,13.14,46,33,309187.43,North,2026-09-30
1001455,50001455,Retail,Auto Loan,1074702.36,712,688,0,30,10.65,75,36,1035762.71,East,2026-09-30
1001456,50001456,Retail,Mortgage,2548025.25,690,695,0,0,9.17,289,268,2679549.15,West,2026-09-30
1001457,50001457,Retail,Personal Loan,1802370.3,749,758,0,0,15.05,28,21,,West,2026-09-30
1001458,50001458,Retail,Mortgage,6886773.67,616,652,0,0,9.58,203,122,10558307.28,South,2026-09-30
1001459,50001459,Retail,Personal Loan,1102155.61,667,623,0,15,15.93,35,25,,West,2026-09-30
1001460,50001460,Retail,Personal Loan,935336.3,728,733,0,0,16.54,34,13,,West,2026-09-30
1001461,50001461,Retail,Mortgage,3040653.61,719,749,0,15,7.07,249,2,4036211.32,West,2026-09-30
1001462,50001462,Retail,Credit Card,57861.97,636,678,0,0,25.28,43,39,,West,2026-09-30
1001463,50001463,Retail,Personal Loan,1864065.83,785,783,0,0,15.21,12,11,,East,2026-09-30
1001464,50001464,SME,Auto Loan,2955868.41,774,792,0,0,8.5,51,14,2589518.56,South,2026-09-30
1001465,50001465,Retail,Mortgage,7130095.67,779,804,0,0,7.75,318,318,6366140.9,South,2026-09-30
1001466,50001466,Retail,Auto Loan,1031039.59,720,720,0,15,9.21,25,10,1076289.86,South,2026-09-30
1001467,50001467,Retail,Personal Loan,384932.41,699,725,0,0,14.63,46,3,,West,2026-09-30
1001468,50001468,Retail,Mortgage,7606309.83,598,594,0,0,8.02,314,298,7531627.75,South,2026-09-30
1001469,50001469,Retail,Mortgage,690185.74,708,696,0,0,10.12,215,160,1034434.96,South,2026-09-30
1001470,50001470,Retail,Mortgage,6184557.8,684,697,60,90,8.62,287,86,6332417.59,East,2026-09-30
1001471,50001471,Retail,Mortgage,10358196.36,685,732,0,0,8.31,192,125,14363700.99,Central,2026-09-30
1001472,50001472,Retail,Auto Loan,1117527.72,700,698,0,0,11.03,79,55,781383.2,Central,2026-09-30
1001473,50001473,Retail,Mortgage,4846678.14,,687,30,45,8.35,120,34,6210988.14,South,2026-09-30
1001474,50001474,Retail,Personal Loan,1938687.73,607,591,0,0,10.54,43,40,,West,2026-09-30
1001475,50001475,Retail,Auto Loan,1535294.53,662,714,60,60,9.89,42,3,1299246.96,South,2026-09-30
1001476,50001476,SME,SME Loan,5110783.9,712,683,90,60,12.72,104,48,,West,2026-09-30
1001477,50001477,Retail,Auto Loan,2881386.37,671,672,15,15,11.8,41,35,2924749.93,East,2026-09-30
1001478,50001478,Retail,Mortgage,8903001.89,714,662,0,0,8.08,202,166,12939738.06,North,2026-09-30
1001479,50001479,Retail,Personal Loan,1985987.01,643,657,0,0,12.76,35,6,,North,2026-09-30
1001480,50001480,Retail,Mortgage,1637198.78,743,770,0,0,8.07,283,231,2302728.61,South,2026-09-30
1001481,50001481,Retail,Credit Card,112758.32,677,672,0,30,27.06,42,41,,West,2026-09-30
1001482,50001482,SME,SME Loan,7421883.37,769,751,0,0,9.18,44,36,,West,2026-09-30
1001483,50001483,Retail,Auto Loan,1122067.79,664,678,0,30,12.11,73,56,687174.82,Central,2026-09-30
1001484,50001484,Retail,Credit Card,259290.78,800,791,0,0,35.29,30,7,,South,2026-09-30
1001485,50001485,Retail,Auto Loan,2082913.6,702,694,75,90,10.65,81,60,2233912.84,West,2026-09-30
1001486,50001486,SME,Auto Loan,960537.2,736,748,45,45,12.0,33,16,603117.59,South,2026-09-30
1001487,50001487,Retail,Auto Loan,2691483.59,737,723,0,15,12.62,40,8,3120965.17,North,2026-09-30
1001488,50001488,Retail,Auto Loan,1211341.4,776,772,0,0,9.91,40,1,755504.76,West,2026-09-30
1001489,50001489,Retail,Auto Loan,887446.89,696,729,0,0,11.31,45,21,729943.03,West,2026-09-30
1001490,50001490,Retail,Auto Loan,2432798.77,,724,45,45,12.58,55,48,2340099.93,North,2026-09-30
1001491,50001491,Retail,Credit Card,110647.0,618,632,0,30,30.7,22,18,,South,2026-09-30
1001492,50001492,Retail,Auto Loan,1894688.25,690,726,0,0,8.09,66,43,1841711.73,South,2026-09-30
1001493,50001493,SME,Auto Loan,2747141.91,605,599,0,0,9.97,56,44,1734936.36,South,2026-09-30
1001494,50001494,Retail,Mortgage,5665545.77,674,674,60,30,9.83,264,16,5039096.95,Central,2026-09-30
1001495,50001495,Retail,Auto Loan,3401607.3,742,694,0,0,12.35,39,37,2374700.2,West,2026-09-30
1001496,50001496,Retail,Personal Loan,1036707.77,810,788,0,0,13.98,18,14,,South,2026-09-30
1001497,50001497,Retail,Credit Card,38724.62,624,596,60,45,28.15,20,9,,South,2026-09-30
1001498,50001498,Retail,Auto Loan,2247461.0,661,653,75,105,11.26,27,1,2091604.68,North,2026-09-30
1001499,50001499,Retail,Auto Loan,268350.64,720,708,0,15,9.13,46,41,317924.27,South,2026-09-30
1001500,50001500,SME,SME Loan,1105059.14,688,700,30,30,11.25,66,10,,West,2026-09-30
1001501,50001501,Retail,Auto Loan,2809722.49,716,721,0,0,10.19,70,4,2059368.16,South,2026-09-30
1001502,50001502,Retail,Credit Card,256954.65,664,690,0,0,31.49,25,18,,West,2026-09-30
1001503,50001503,Retail,Mortgage,10396397.38,802,800,0,0,7.97,190,177,15766243.78,South,2026-09-30
1001504,50001504,SME,Auto Loan,1710806.89,609,622,15,0,10.68,76,4,1809161.12,West,2026-09-30
1001505,50001505,Corporate,Corporate Loan,67156351.99,693,714,0,0,9.24,135,77,,South,2026-09-30
1001506,50001506,Retail,Personal Loan,1269582.75,632,703,45,45,15.8,77,19,,West,2026-09-30
1001507,50001507,Retail,Mortgage,4778263.5,595,629,0,15,9.67,271,7,7185379.3,North,2026-09-30
1001508,50001508,Retail,Auto Loan,292934.93,723,724,0,0,12.05,24,17,329750.24,South,2026-09-30
1001509,50001509,SME,SME Loan,7075442.25,709,735,90,90,14.31,86,55,,South,2026-09-30
1001510,50001510,Retail,Auto Loan,3415218.61,762,753,0,0,9.36,65,45,3973561.99,North,2026-09-30
1001511,50001511,SME,Auto Loan,2850094.74,676,687,0,0,11.66,64,14,3348835.83,Central,2026-09-30
1001512,50001512,SME,SME Loan,7414501.79,529,522,30,30,17.69,107,71,,Central,2026-09-30
1001513,50001513,Retail,Credit Card,479573.38,,763,15,15,36.54,41,4,,West,2026-09-30
1001514,50001514,Retail,Mortgage,873167.79,703,709,0,0,9.6,354,55,971299.63,South,2026-09-30
1001515,50001515,Corporate,Corporate Loan,26611852.6,845,792,0,15,10.12,174,35,,West,2026-09-30
1001516,50001516,Retail,Personal Loan,513606.33,647,668,15,15,13.21,27,1,,West,2026-09-30
1001517,50001517,Retail,Personal Loan,454887.94,745,755,0,0,14.2,19,5,,West,2026-09-30
1001518,50001518,Retail,Personal Loan,1994379.03,751,750,0,0,16.12,63,33,,Central,2026-09-30
1001519,50001519,Retail,Personal Loan,1797662.58,700,717,0,15,13.82,49,37,,East,2026-09-30
1001520,50001520,Retail,Credit Card,18693.29,712,675,0,30,28.65,32,11,,West,2026-09-30
1001521,50001521,Retail,Mortgage,966633.18,689,698,15,15,9.77,213,207,963268.72,West,2026-09-30
1001522,50001522,Corporate,Corporate Loan,10834027.3,639,665,0,0,11.49,31,6,,East,2026-09-30
1001523,50001523,SME,SME Loan,10580711.74,666,674,0,30,15.09,65,11,,Central,2026-09-30
1001524,50001524,Corporate,Corporate Loan,44924563.35,774,732,0,0,7.89,72,44,,North,2026-09-30
1001525,50001525,Retail,Auto Loan,2250317.59,773,773,0,0,9.74,32,14,2063757.13,East,2026-09-30
1001526,50001526,Retail,Credit Card,154648.01,725,693,0,0,31.5,36,15,,West,2026-09-30
1001527,50001527,Retail,Personal Loan,207315.44,624,627,0,0,19.29,75,54,,South,2026-09-30
1001528,50001528,Retail,Auto Loan,1136313.05,746,720,0,0,10.33,36,30,1070183.44,North,2026-09-30
1001529,50001529,Retail,Auto Loan,1005621.11,722,749,0,30,10.92,54,11,804602.89,South,2026-09-30
1001530,50001530,Retail,Auto Loan,1232747.95,649,674,0,0,11.04,78,2,1471066.24,West,2026-09-30
1001531,50001531,Retail,Credit Card,50929.7,,691,0,0,25.96,20,9,,North,2026-09-30
1001532,50001532,Retail,Mortgage,7810062.06,674,684,0,0,7.28,236,131,9927474.53,South,2026-09-30
1001533,50001533,Retail,Personal Loan,1916053.57,793,780,0,0,14.38,41,25,,North,2026-09-30
1001534,50001534,SME,SME Loan,7945504.88,619,622,0,0,11.85,31,25,,Central,2026-09-30
1001535,50001535,Retail,Personal Loan,589099.69,765,770,30,0,15.07,78,33,,East,2026-09-30
1001536,50001536,Retail,Personal Loan,1899464.25,727,743,0,0,14.42,30,11,,South,2026-09-30
1001537,50001537,Retail,Auto Loan,506006.42,695,683,,0,10.58,71,54,513780.43,East,2026-09-30
1001538,50001538,SME,SME Loan,3350644.38,807,788,0,0,14.09,95,18,,North,2026-09-30
1001539,50001539,Retail,Mortgage,10226833.24,540,580,0,0,8.79,315,185,12860169.07,Central,2026-09-30
1001540,50001540,SME,Auto Loan,251654.02,529,557,45,45,10.9,84,49,165340.94,East,2026-09-30
1001541,50001541,Retail,Credit Card,85302.04,673,669,0,0,32.38,16,7,,East,2026-09-30
1001542,50001542,Retail,Mortgage,5598111.01,721,733,0,0,7.67,245,188,8232836.62,North,2026-09-30
1001543,50001543,Corporate,Corporate Loan,67637225.55,545,562,0,0,12.87,64,63,,North,2026-09-30
1001544,50001544,Retail,Mortgage,2374195.42,702,736,0,15,10.32,254,181,3320455.75,West,2026-09-30
1001545,50001545,Retail,Mortgage,3903283.24,,754,0,0,9.26,208,98,4682668.9,South,2026-09-30
1001546,50001546,Retail,Personal Loan,1906927.17,588,586,0,0,16.51,74,11,,South,2026-09-30
1001547,50001547,Retail,Mortgage,5816192.85,788,818,0,15,8.79,219,123,8982154.28,North,2026-09-30
1001548,50001548,Retail,Personal Loan,553543.92,657,671,0,0,18.2,19,15,,North,2026-09-30
1001549,50001549,SME,SME Loan,10293521.52,,639,0,15,13.65,23,12,,South,2026-09-30
1001550,50001550,Retail,Mortgage,1048971.73,756,766,0,0,7.45,235,155,1063439.69,West,2026-09-30
1001551,50001551,Retail,Mortgage,1724929.23,615,619,75,60,7.35,323,230,2200413.82,East,2026-09-30
1001552,50001552,Retail,Auto Loan,2842711.52,660,680,0,0,9.04,79,68,2797328.62,West,2026-09-30
1001553,50001553,Retail,Mortgage,4514628.99,674,645,0,0,8.4,359,320,5510514.59,West,2026-09-30
1001554,50001554,Retail,Mortgage,3703464.86,590,605,15,15,9.22,206,51,3607575.66,South,2026-09-30
1001555,50001555,Retail,Personal Loan,1941589.25,744,698,0,0,14.88,46,28,,East,2026-09-30
1001556,50001556,SME,Auto Loan,1868680.97,769,792,0,30,9.95,60,54,1191651.84,North,2026-09-30
1001557,50001557,Retail,Mortgage,2315686.73,885,891,0,0,9.83,352,145,3324056.9,South,2026-09-30
1001558,50001558,SME,SME Loan,10533627.71,756,741,0,0,15.85,16,9,,South,2026-09-30
1001559,50001559,SME,SME Loan,11544414.76,806,840,0,15,16.47,47,12,,North,2026-09-30
1001560,50001560,Retail,Mortgage,3881868.84,643,642,0,0,9.08,177,66,5149612.2,Central,2026-09-30
1001561,50001561,Retail,Mortgage,3305997.74,680,681,0,15,10.24,318,219,3759799.92,Central,2026-09-30
1001562,50001562,SME,Mortgage,11218597.1,606,624,0,15,9.8,327,239,12509414.01,South,2026-09-30
1001563,50001563,SME,Auto Loan,1543550.51,715,714,0,0,10.47,57,36,980802.31,North,2026-09-30
1001564,50001564,Retail,Mortgage,9707104.74,616,639,0,0,8.26,181,156,9733870.35,South,2026-09-30
1001565,50001565,Retail,Mortgage,3737649.96,747,728,0,0,7.22,231,88,4528986.66,West,2026-09-30
1001566,50001566,Retail,Auto Loan,1662042.18,835,826,0,0,12.72,53,45,1009177.41,West,2026-09-30
1001567,50001567,Retail,Auto Loan,2903191.22,685,700,0,15,12.4,52,49,2565222.63,West,2026-09-30
1001568,50001568,Retail,Mortgage,1927005.73,729,731,0,0,9.44,237,69,2442609.7,Central,2026-09-30
1001569,50001569,Retail,Auto Loan,2918926.68,790,742,0,30,11.21,47,38,3416658.36,West,2026-09-30
1001570,50001570,Retail,Auto Loan,1040225.27,689,721,15,0,13.55,44,22,1224779.42,West,2026-09-30
1001571,50001571,SME,Auto Loan,1537249.49,703,718,0,0,12.82,38,9,1699222.1,North,2026-09-30
1001572,50001572,Retail,Personal Loan,1630787.76,814,844,0,15,15.28,73,57,,Central,2026-09-30
1001573,50001573,Retail,Mortgage,5811392.75,763,792,0,0,9.38,203,42,8822178.42,South,2026-09-30
1001574,50001574,SME,SME Loan,2467189.01,729,737,0,15,13.3,45,35,,South,2026-09-30
1001575,50001575,Retail,Credit Card,323462.43,679,694,0,0,25.13,47,23,,South,2026-09-30
1001576,50001576,Retail,Mortgage,856426.7,672,681,0,0,9.52,303,71,1050670.64,South,2026-09-30
1001577,50001577,SME,Mortgage,506493.18,672,636,0,0,9.39,174,161,579130.41,South,2026-09-30
1001578,50001578,Retail,Personal Loan,1153171.8,625,654,75,75,15.24,26,24,,South,2026-09-30
1001579,50001579,Retail,Credit Card,36740.85,818,834,0,0,26.85,15,3,,Central,2026-09-30
1001580,50001580,SME,SME Loan,12780338.33,747,702,0,0,10.88,60,16,,West,2026-09-30
1001581,50001581,SME,SME Loan,10693141.77,712,704,0,30,12.4,40,3,,North,2026-09-30
1001582,50001582,SME,SME Loan,13681488.81,660,669,45,45,13.12,78,8,,South,2026-09-30
1001583,50001583,Retail,Personal Loan,103559.37,621,649,0,0,13.15,24,8,,West,2026-09-30
1001584,50001584,Retail,Credit Card,473788.7,734,739,0,0,32.35,27,1,,South,2026-09-30
1001585,50001585,Retail,Personal Loan,794229.58,633,599,0,0,13.45,17,9,,West,2026-09-30
1001586,50001586,Retail,Auto Loan,448612.32,673,667,45,15,12.17,61,9,319643.62,South,2026-09-30
1001587,50001587,Retail,Mortgage,8107539.87,,647,0,0,9.72,353,211,10079715.0,East,2026-09-30
1001588,50001588,Retail,Mortgage,1237317.8,651,634,0,15,9.75,260,226,1891903.9,South,2026-09-30
1001589,50001589,Retail,Credit Card,313902.06,702,704,0,30,38.12,47,42,,South,2026-09-30
1001590,50001590,SME,SME Loan,9223240.98,687,687,0,0,11.32,17,9,,North,2026-09-30
1001591,50001591,Retail,Mortgage,955366.98,589,576,0,0,9.22,193,177,1084206.66,Central,2026-09-30
1001592,50001592,Retail,Credit Card,393056.69,686,715,0,30,40.01,32,23,,West,2026-09-30
1001593,50001593,Retail,Auto Loan,1989121.9,572,531,0,0,10.29,61,11,2228952.24,Central,2026-09-30
1001594,50001594,Retail,Auto Loan,3247013.17,631,674,0,0,12.12,46,44,3378228.87,South,2026-09-30
1001595,50001595,Retail,Mortgage,8037181.93,643,672,0,0,9.49,338,109,8259308.1,West,2026-09-30
1001596,50001596,Retail,Auto Loan,2588644.05,600,619,90,105,9.18,50,39,2736461.99,West,2026-09-30
1001597,50001597,Retail,Auto Loan,826359.94,664,640,0,0,8.24,79,15,585460.77,East,2026-09-30
1001598,50001598,Retail,Auto Loan,3188754.19,723,726,30,0,8.44,31,17,2173157.28,West,2026-09-30
1001599,50001599,SME,SME Loan,10783242.12,732,752,0,0,14.21,28,25,,West,2026-09-30
1001600,50001600,Retail,Personal Loan,770770.35,660,676,0,0,15.45,16,14,,East,2026-09-30
1001601,50001601,Retail,Credit Card,11999.43,768,803,0,0,30.65,19,19,,South,2026-09-30
1001602,50001602,Retail,Credit Card,383812.14,662,698,60,75,28.28,14,3,,North,2026-09-30
1001603,50001603,Retail,Auto Loan,1967114.5,693,695,0,15,12.41,41,15,1799167.58,North,2026-09-30
1001604,50001604,Retail,Auto Loan,255841.03,512,494,0,0,12.47,27,26,267758.24,South,2026-09-30
1001605,50001605,Retail,Auto Loan,2614496.13,833,840,0,0,9.54,74,48,,East,2026-09-30
1001606,50001606,SME,SME Loan,8509870.95,816,802,0,15,11.01,90,49,,South,2026-09-30
1001607,50001607,Retail,Credit Card,183689.5,685,672,0,15,40.86,30,11,,West,2026-09-30
1001608,50001608,Retail,Personal Loan,1120758.36,767,760,0,15,14.34,38,25,,Central,2026-09-30
1001609,50001609,Retail,Auto Loan,1396331.28,727,741,0,0,9.21,74,73,989499.44,North,2026-09-30
1001610,50001610,SME,SME Loan,3751546.58,528,519,0,0,10.14,51,50,,East,2026-09-30
1001611,50001611,Retail,Mortgage,9514121.38,758,757,0,0,9.49,181,109,8964137.15,East,2026-09-30
1001612,50001612,Retail,Personal Loan,202595.25,799,788,0,15,15.61,78,54,,Central,2026-09-30
1001613,50001613,Retail,Mortgage,6212747.1,743,740,0,0,9.04,168,55,6733495.25,West,2026-09-30
1001614,50001614,Retail,Personal Loan,1338473.31,599,600,0,0,18.38,65,34,,West,2026-09-30
1001615,50001615,Retail,Mortgage,1629366.69,716,732,0,0,9.67,309,116,2242812.38,West,2026-09-30
1001616,50001616,Retail,Credit Card,90550.57,600,607,0,0,39.42,23,18,,South,2026-09-30
1001617,50001617,Retail,Mortgage,1123957.71,823,833,0,0,7.07,326,16,1020100.64,South,2026-09-30
1001618,50001618,Retail,Auto Loan,727809.37,754,787,0,0,13.45,39,9,676791.76,East,2026-09-30
1001619,50001619,SME,Mortgage,5573768.5,734,735,0,0,10.41,337,173,6213990.94,East,2026-09-30
1001620,50001620,Retail,Mortgage,9687395.43,723,668,0,0,8.34,141,1,,East,2026-09-30
1001621,50001621,Corporate,Corporate Loan,44910094.14,722,699,0,15,12.35,163,116,,West,2026-09-30
1001622,50001622,SME,SME Loan,5414244.72,765,758,0,0,9.38,45,45,,North,2026-09-30
1001623,50001623,Corporate,Mortgage,11644653.88,701,701,0,0,8.04,185,33,14853498.33,South,2026-09-30
1001624,50001624,Retail,Auto Loan,760910.96,712,730,0,0,9.5,75,56,692880.7,South,2026-09-30
1001625,50001625,Retail,Credit Card,135891.68,726,729,0,0,41.86,38,34,,Central,2026-09-30
1001626,50001626,SME,SME Loan,13579369.64,562,572,0,0,10.8,67,16,,West,2026-09-30
1001627,50001627,Retail,Personal Loan,1932869.15,717,694,0,15,12.82,71,68,,East,2026-09-30
1001628,50001628,Corporate,Corporate Loan,43420258.72,776,762,0,15,8.05,100,77,,West,2026-09-30
1001629,50001629,Retail,Credit Card,59718.91,542,571,0,15,30.95,59,28,,South,2026-09-30
1001630,50001630,Retail,Auto Loan,1941667.99,638,603,0,15,9.05,42,26,1577643.98,North,2026-09-30
1001631,50001631,Retail,Personal Loan,910291.0,595,608,0,0,11.58,13,10,,West,2026-09-30
1001632,50001632,Retail,Credit Card,335314.59,648,698,0,0,37.99,18,1,,South,2026-09-30
1001633,50001633,Retail,Personal Loan,378380.81,626,679,0,0,11.89,84,18,,East,2026-09-30
1001634,50001634,SME,SME Loan,7340953.46,807,784,0,0,13.7,64,54,,East,2026-09-30
1001635,50001635,Retail,Personal Loan,920497.29,609,639,180,165,12.56,63,11,,South,2026-09-30
1001636,50001636,Retail,Auto Loan,2313294.58,686,716,0,0,11.03,47,45,2587595.98,East,2026-09-30
1001637,50001637,Retail,Mortgage,10597670.67,825,804,0,0,9.02,301,206,11749307.71,West,2026-09-30
1001638,50001638,SME,SME Loan,4303451.71,756,751,0,30,15.96,34,12,,West,2026-09-30
1001639,50001639,SME,SME Loan,7627484.82,771,788,0,15,11.81,99,93,,West,2026-09-30
1001640,50001640,Retail,Credit Card,170293.69,632,636,0,0,24.51,17,11,,West,2026-09-30
1001641,50001641,Retail,Mortgage,4839719.36,681,706,0,0,7.28,340,37,4695121.32,South,2026-09-30
1001642,50001642,Retail,Auto Loan,2224554.48,732,732,0,0,12.51,37,22,1963672.93,West,2026-09-30
1001643,50001643,Retail,Auto Loan,1644357.78,659,694,75,60,9.42,68,66,1027266.48,West,2026-09-30
1001644,50001644,Retail,Personal Loan,725752.64,734,775,0,0,15.11,15,12,,West,2026-09-30
1001645,50001645,Retail,Auto Loan,3358282.38,715,706,0,0,12.24,46,4,2496640.58,East,2026-09-30
1001646,50001646,Retail,Credit Card,321878.1,819,798,0,15,27.03,49,19,,West,2026-09-30
1001647,50001647,Retail,Credit Card,493571.96,712,695,0,0,40.18,43,8,,South,2026-09-30
1001648,50001648,Retail,Credit Card,127818.26,704,701,0,0,41.32,20,15,,West,2026-09-30
1001649,50001649,Retail,Mortgage,9970691.59,775,771,0,0,8.98,297,40,9564932.71,West,2026-09-30
1001650,50001650,SME,Mortgage,3425754.71,685,682,0,0,7.54,224,6,4858469.52,West,2026-09-30
1001651,50001651,Retail,Mortgage,9707324.25,653,635,0,15,9.99,173,156,10909477.17,South,2026-09-30
1001652,50001652,Retail,Mortgage,6192925.52,668,693,0,0,7.84,288,83,7242523.98,West,2026-09-30
1001653,50001653,SME,SME Loan,14068473.39,765,747,0,0,17.24,74,36,,East,2026-09-30
1001654,50001654,SME,SME Loan,5496012.74,698,687,0,0,17.59,17,8,,West,2026-09-30
1001655,50001655,SME,SME Loan,7251699.73,750,745,0,0,13.07,62,22,,North,2026-09-30
1001656,50001656,Retail,Mortgage,7264449.75,742,722,0,0,9.25,283,120,10201736.96,South,2026-09-30
1001657,50001657,Corporate,Mortgage,7089605.13,699,687,0,0,7.01,226,50,10642617.86,North,2026-09-30
1001658,50001658,Retail,Personal Loan,352909.79,751,762,0,0,12.44,65,15,,West,2026-09-30
1001659,50001659,Retail,Personal Loan,221838.91,696,706,0,30,15.65,56,18,,West,2026-09-30
1001660,50001660,SME,Auto Loan,498116.45,594,601,0,0,10.49,55,8,382777.24,West,2026-09-30
1001661,50001661,Retail,Auto Loan,364628.35,809,789,0,30,13.69,72,26,359496.66,East,2026-09-30
1001662,50001662,Retail,Mortgage,1942204.46,693,677,0,0,8.25,120,67,1843666.47,Central,2026-09-30
1001663,50001663,SME,SME Loan,6002291.12,660,640,0,0,9.05,56,12,,West,2026-09-30
1001664,50001664,Retail,Auto Loan,915674.6,704,687,0,0,8.5,82,77,783735.5,West,2026-09-30
1001665,50001665,Retail,Auto Loan,1666590.39,697,664,0,0,10.47,26,4,1510632.5,Central,2026-09-30
1001666,50001666,SME,SME Loan,9174718.79,693,724,90,105,17.9,54,16,,Central,2026-09-30
1001667,50001667,Retail,Credit Card,130077.16,696,728,0,0,30.92,57,37,,Central,2026-09-30
1001668,50001668,Retail,Personal Loan,920008.52,778,773,0,0,15.24,46,37,,West,2026-09-30
1001669,50001669,Retail,Credit Card,209026.12,524,495,0,0,35.85,49,35,,East,2026-09-30
1001670,50001670,Retail,Mortgage,2394653.32,900,870,120,105,7.91,208,82,2545584.47,North,2026-09-30
1001671,50001671,Retail,Personal Loan,428577.46,682,638,0,0,11.84,68,32,,North,2026-09-30
1001672,50001672,Retail,Personal Loan,1092238.83,795,783,0,0,15.56,67,33,,South,2026-09-30
1001673,50001673,Retail,Mortgage,3390599.52,628,622,45,45,8.59,300,10,3788853.93,East,2026-09-30
1001674,50001674,Retail,Personal Loan,1935315.19,672,654,0,0,15.2,69,33,,East,2026-09-30
1001675,50001675,Retail,Auto Loan,2231468.13,672,671,0,0,12.52,32,30,2473773.53,South,2026-09-30
1001676,50001676,Retail,Mortgage,8799345.29,664,630,0,15,9.77,145,48,10515358.69,West,2026-09-30
1001677,50001677,Retail,Credit Card,165037.18,641,667,0,0,37.64,23,11,,East,2026-09-30
1001678,50001678,Retail,Mortgage,7485150.68,651,670,0,15,9.83,323,126,6936935.63,South,2026-09-30
1001679,50001679,SME,SME Loan,3600373.14,798,793,0,15,14.0,56,17,,North,2026-09-30
1001680,50001680,Retail,Auto Loan,1954513.09,788,751,0,0,11.17,61,23,1254929.12,West,2026-09-30
1001681,50001681,SME,SME Loan,5071590.23,733,756,0,0,15.09,65,54,,North,2026-09-30
1001682,50001682,SME,SME Loan,11179283.98,672,663,0,0,13.68,58,14,,South,2026-09-30
1001683,50001683,Retail,Credit Card,497195.05,587,565,45,15,37.42,30,23,,East,2026-09-30
1001684,50001684,Retail,Mortgage,10436750.51,774,792,0,0,10.27,214,2,12749031.0,North,2026-09-30
1001685,50001685,Retail,Mortgage,4415953.13,740,718,0,15,8.12,288,255,5339065.19,South,2026-09-30
1001686,50001686,Retail,Mortgage,5570232.32,684,696,0,0,7.17,253,165,6781855.39,South,2026-09-30
1001687,50001687,Retail,Personal Loan,1311785.91,785,756,0,0,10.41,58,22,,South,2026-09-30
1001688,50001688,Retail,Mortgage,6939420.21,802,807,0,0,10.45,343,56,7620174.23,South,2026-09-30
1001689,50001689,Retail,Mortgage,3443769.71,700,663,0,0,9.8,164,54,,South,2026-09-30
1001690,50001690,Retail,Mortgage,6856508.87,640,647,0,0,10.26,227,101,7214822.92,South,2026-09-30
1001691,50001691,Retail,Auto Loan,2023021.55,672,734,0,0,10.57,71,62,1342136.83,South,2026-09-30
1001692,50001692,Retail,Mortgage,10202434.82,776,746,0,15,9.69,246,2,12237365.8,West,2026-09-30
1001693,50001693,SME,SME Loan,14310861.78,554,608,0,0,12.85,72,69,,East,2026-09-30
1001694,50001694,Retail,Personal Loan,599235.28,712,720,60,60,12.45,82,1,,Central,2026-09-30
1001695,50001695,SME,SME Loan,13028651.99,642,678,0,0,11.18,49,34,,East,2026-09-30
1001696,50001696,Retail,Auto Loan,2700558.91,640,660,,0,13.08,76,27,1918536.35,West,2026-09-30
1001697,50001697,Retail,Mortgage,7331486.02,673,663,0,0,8.8,171,120,6645178.26,East,2026-09-30
1001698,50001698,SME,Auto Loan,1246462.75,565,539,0,0,13.76,29,1,1431842.6,Central,2026-09-30
1001699,50001699,Retail,Credit Card,314393.25,763,769,0,0,30.63,12,12,,West,2026-09-30
1001700,50001700,Retail,Personal Loan,1530599.91,746,785,0,30,17.47,13,9,,West,2026-09-30
1001701,50001701,Retail,Personal Loan,1416052.35,625,593,0,30,13.37,72,57,,North,2026-09-30
1001702,50001702,Retail,Mortgage,8160435.96,673,699,0,0,8.6,220,17,8424160.4,East,2026-09-30
1001703,50001703,Retail,Personal Loan,1996618.54,622,641,0,0,12.28,46,10,,Central,2026-09-30
1001704,50001704,Retail,Mortgage,3440364.8,632,652,0,0,7.05,232,184,3793813.87,North,2026-09-30
1001705,50001705,SME,Mortgage,3244039.35,719,680,0,0,10.03,277,233,3968544.04,South,2026-09-30
1001706,50001706,Retail,Personal Loan,1906120.41,474,471,30,15,11.6,27,27,,South,2026-09-30
1001707,50001707,Retail,Personal Loan,1221667.31,678,689,0,15,12.64,60,33,,West,2026-09-30
1001708,50001708,SME,SME Loan,10899449.46,683,689,0,30,11.47,40,5,,East,2026-09-30
1001709,50001709,Retail,Mortgage,11761524.21,661,652,75,45,9.68,329,116,17278007.24,West,2026-09-30
1001710,50001710,SME,SME Loan,13738591.41,614,630,0,0,11.45,99,63,,West,2026-09-30
1001711,50001711,SME,SME Loan,6409467.35,765,779,0,0,10.86,47,34,,Central,2026-09-30
1001712,50001712,SME,SME Loan,11092370.54,617,633,15,15,11.75,60,51,,West,2026-09-30
1001713,50001713,Retail,Personal Loan,911289.28,693,694,0,30,16.67,40,9,,East,2026-09-30
1001714,50001714,Retail,Mortgage,5159957.9,733,743,0,0,7.68,143,53,6651694.61,South,2026-09-30
1001715,50001715,Retail,Mortgage,7518524.37,771,735,0,0,9.49,229,67,9793242.29,West,2026-09-30
1001716,50001716,Retail,Personal Loan,1148291.8,661,648,0,15,17.7,57,33,,Central,2026-09-30
1001717,50001717,Retail,Auto Loan,1363126.6,719,688,0,0,8.32,61,37,1224852.58,West,2026-09-30
1001718,50001718,Retail,Mortgage,2994410.59,754,752,0,0,10.44,320,248,3319352.66,West,2026-09-30
1001719,50001719,SME,SME Loan,13915064.51,750,748,0,0,14.25,58,23,,North,2026-09-30
1001720,50001720,Retail,Personal Loan,202547.94,649,691,15,15,17.99,46,12,,West,2026-09-30
1001721,50001721,SME,SME Loan,5165592.79,706,724,0,0,15.76,100,2,,East,2026-09-30
1001722,50001722,Retail,Personal Loan,365544.47,808,832,0,0,12.05,15,6,,South,2026-09-30
1001723,50001723,Retail,Auto Loan,259384.09,646,668,0,0,10.5,71,33,,South,2026-09-30
1001724,50001724,Retail,Personal Loan,265537.78,776,771,0,0,15.94,23,2,,North,2026-09-30
1001725,50001725,Retail,Auto Loan,2952863.39,589,616,0,30,13.56,68,1,2394112.0,West,2026-09-30
1001726,50001726,Retail,Personal Loan,1890623.17,683,682,0,0,17.91,57,21,,North,2026-09-30
1001727,50001727,Retail,Personal Loan,1806007.06,707,715,0,30,17.03,17,2,,East,2026-09-30
1001728,50001728,Retail,Auto Loan,1250298.74,731,732,0,15,8.66,42,2,808247.18,North,2026-09-30
1001729,50001729,Retail,Mortgage,1363633.36,701,693,0,30,8.69,235,85,1343641.53,South,2026-09-30
1001730,50001730,Retail,Mortgage,883074.08,639,639,0,15,7.12,347,18,776873.97,West,2026-09-30
1001731,50001731,Retail,Personal Loan,1854898.73,666,673,0,15,18.51,82,8,,North,2026-09-30
1001732,50001732,SME,SME Loan,9382903.37,549,562,75,60,15.71,61,57,,South,2026-09-30
1001733,50001733,SME,SME Loan,9886469.68,618,623,0,0,17.54,113,59,,East,2026-09-30
1001734,50001734,Retail,Mortgage,8444560.12,703,683,0,0,9.71,219,55,11704530.69,East,2026-09-30
1001735,50001735,SME,Auto Loan,1406567.85,750,767,0,15,8.76,45,12,1686488.94,West,2026-09-30
1001736,50001736,Retail,Credit Card,410817.03,729,687,0,0,24.05,56,18,,North,2026-09-30
1001737,50001737,Retail,Personal Loan,1684878.58,711,713,0,0,11.93,80,14,,East,2026-09-30
1001738,50001738,Retail,Mortgage,4367686.03,599,584,0,0,10.01,356,55,4930051.1,West,2026-09-30
1001739,50001739,Retail,Credit Card,277582.69,610,638,0,0,40.21,25,21,,South,2026-09-30
1001740,50001740,SME,SME Loan,14587535.27,641,624,0,0,13.67,104,15,,South,2026-09-30
1001741,50001741,Retail,Credit Card,426378.21,624,625,0,0,37.79,35,31,,West,2026-09-30
1001742,50001742,SME,Auto Loan,1063169.58,643,635,90,90,13.35,68,40,1060286.44,North,2026-09-30
1001743,50001743,Retail,Auto Loan,391390.8,579,570,0,15,10.5,75,49,369257.58,South,2026-09-30
1001744,50001744,SME,SME Loan,12676914.53,,580,60,60,12.36,100,98,,North,2026-09-30
1001745,50001745,SME,SME Loan,14522412.78,665,648,0,0,13.28,29,18,,West,2026-09-30
1001746,50001746,Retail,Auto Loan,2589281.58,711,725,0,15,11.33,31,12,2432044.63,South,2026-09-30
1001747,50001747,Retail,Mortgage,1572219.09,750,785,0,0,9.76,170,117,1665059.11,West,2026-09-30
1001748,50001748,SME,SME Loan,5221094.84,656,632,0,0,15.34,50,45,,East,2026-09-30
1001749,50001749,Retail,Credit Card,52020.58,699,697,0,15,27.5,49,38,,West,2026-09-30
1001750,50001750,Retail,Credit Card,19269.67,651,651,0,0,25.88,25,5,,East,2026-09-30
1001751,50001751,Retail,Personal Loan,1707254.91,570,581,15,15,17.33,15,13,,Central,2026-09-30
1001752,50001752,Retail,Mortgage,11783677.35,810,818,0,0,7.08,145,59,11163420.97,Central,2026-09-30
1001753,50001753,Retail,Mortgage,5180618.64,741,736,0,0,9.98,287,167,5033735.29,West,2026-09-30
1001754,50001754,Retail,Personal Loan,1792658.34,689,672,0,15,16.22,84,19,,Central,2026-09-30
1001755,50001755,Retail,Credit Card,285701.72,632,634,15,45,31.3,16,13,,West,2026-09-30
1001756,50001756,Retail,Mortgage,4182382.76,662,685,0,0,9.08,222,188,4180815.83,North,2026-09-30
1001757,50001757,Retail,Credit Card,455303.67,654,630,0,0,37.96,13,11,,East,2026-09-30
1001758,50001758,Retail,Auto Loan,1110644.35,844,863,0,15,13.04,29,7,688544.14,East,2026-09-30
1001759,50001759,SME,Mortgage,5887485.12,674,691,0,0,9.72,279,3,7251022.44,Central,2026-09-30
1001760,50001760,Retail,Mortgage,11048534.28,744,756,0,0,9.21,317,32,11862728.02,South,2026-09-30
1001761,50001761,Retail,Mortgage,3018548.41,737,724,0,0,9.28,271,58,3026447.2,East,2026-09-30
1001762,50001762,Retail,Auto Loan,712184.21,643,639,0,0,10.66,51,40,503986.87,East,2026-09-30
1001763,50001763,Retail,Mortgage,8219093.3,617,602,0,0,8.46,274,84,11941688.78,West,2026-09-30
1001764,50001764,Retail,Mortgage,6424333.24,679,673,0,0,9.15,288,177,7092496.91,West,2026-09-30
1001765,50001765,Retail,Credit Card,281347.69,707,680,0,0,34.51,28,16,,West,2026-09-30
1001766,50001766,Corporate,Corporate Loan,26419595.89,655,676,0,30,8.56,68,18,,West,2026-09-30
1001767,50001767,Retail,Mortgage,3059982.93,689,684,0,0,8.91,332,126,4507549.8,East,2026-09-30
1001768,50001768,SME,SME Loan,13980832.64,737,732,0,0,14.59,46,8,,North,2026-09-30
1001769,50001769,Corporate,Corporate Loan,19612075.71,837,832,0,30,9.51,20,1,,South,2026-09-30
1001770,50001770,SME,Auto Loan,2889597.99,795,772,0,15,12.07,29,5,2477201.41,East,2026-09-30
1001771,50001771,Retail,Auto Loan,3403122.95,713,747,45,30,12.54,41,29,2472787.82,East,2026-09-30
1001772,50001772,Retail,Auto Loan,518130.47,602,592,0,0,10.71,28,4,375416.5,West,2026-09-30
1001773,50001773,Retail,Mortgage,4088143.78,823,787,0,15,10.34,262,15,,North,2026-09-30
1001774,50001774,Retail,Auto Loan,1557975.14,589,583,15,15,8.2,79,29,1144056.9,North,2026-09-30
1001775,50001775,Retail,Credit Card,473657.72,689,692,15,15,30.42,47,24,,East,2026-09-30
1001776,50001776,Retail,Auto Loan,1345141.43,676,629,0,0,13.73,59,57,1165577.41,East,2026-09-30
1001777,50001777,Retail,Auto Loan,2438405.1,766,750,0,0,10.39,75,12,1928814.1,East,2026-09-30
1001778,50001778,Retail,Mortgage,5346487.3,718,681,0,0,7.63,132,80,6487504.11,South,2026-09-30
1001779,50001779,Retail,Personal Loan,587010.0,601,616,15,30,16.13,14,4,,West,2026-09-30
1001780,50001780,Retail,Auto Loan,1926499.18,755,765,0,0,9.42,31,3,1919785.08,West,2026-09-30
1001781,50001781,Retail,Credit Card,113475.96,706,734,0,0,38.15,47,20,,West,2026-09-30
1001782,50001782,Retail,Mortgage,2809379.99,684,722,0,0,7.17,257,68,4001388.26,West,2026-09-30
1001783,50001783,Retail,Auto Loan,1779606.61,716,713,0,15,8.48,33,19,1712019.53,West,2026-09-30
1001784,50001784,Retail,Auto Loan,1994693.3,821,832,0,0,11.5,57,49,1708567.35,West,2026-09-30
1001785,50001785,Retail,Mortgage,7384234.24,754,765,0,0,8.09,339,286,11031154.39,South,2026-09-30
1001786,50001786,Retail,Personal Loan,70531.96,633,634,0,0,12.59,25,17,,South,2026-09-30
1001787,50001787,Retail,Personal Loan,479915.5,601,591,30,15,11.2,22,4,,West,2026-09-30
1001788,50001788,Retail,Auto Loan,2051196.88,701,693,0,0,11.13,71,47,1908009.78,West,2026-09-30
1001789,50001789,Retail,Credit Card,377029.59,688,681,0,0,34.44,39,32,,West,2026-09-30
1001790,50001790,Retail,Mortgage,9718034.67,702,722,0,0,9.23,166,165,12907775.13,North,2026-09-30
1001791,50001791,SME,Auto Loan,1185643.25,678,672,0,15,13.44,75,61,765854.04,North,2026-09-30
1001792,50001792,Retail,Personal Loan,1525277.74,737,727,0,0,11.44,71,33,,East,2026-09-30
1001793,50001793,Corporate,Corporate Loan,46014369.42,612,599,60,60,12.95,133,1,,South,2026-09-30
1001794,50001794,Retail,Mortgage,2319192.5,601,613,0,0,7.55,275,256,2874210.49,West,2026-09-30
1001795,50001795,Retail,Auto Loan,1897736.76,806,759,0,0,13.19,54,14,1864833.74,East,2026-09-30
1001796,50001796,Retail,Auto Loan,3129378.79,780,743,0,0,12.8,38,35,2205099.26,East,2026-09-30
1001797,50001797,Retail,Mortgage,7977916.98,705,711,0,0,9.75,169,102,8242450.86,South,2026-09-30
1001798,50001798,SME,SME Loan,7809854.83,629,664,0,0,9.94,83,16,,West,2026-09-30
1001799,50001799,Retail,Credit Card,241744.37,699,748,0,0,40.0,18,9,,West,2026-09-30
1001800,50001800,Retail,Mortgage,5867240.55,765,785,0,30,9.61,128,107,8204543.28,Central,2026-09-30
1001801,50001801,Retail,Auto Loan,2453032.51,729,784,0,15,10.7,41,41,1973165.09,South,2026-09-30
1001802,50001802,Retail,Personal Loan,1563045.74,608,640,60,30,19.65,36,31,,West,2026-09-30
1001803,50001803,Retail,Credit Card,365720.22,,642,0,0,29.93,45,37,,West,2026-09-30
1001804,50001804,Retail,Credit Card,322282.9,637,642,75,90,32.76,14,9,,South,2026-09-30
1001805,50001805,Retail,Personal Loan,1364086.87,643,652,0,15,19.58,17,14,,West,2026-09-30
1001806,50001806,Retail,Mortgage,10019543.87,696,711,0,0,7.59,333,42,10858203.26,West,2026-09-30
1001807,50001807,Retail,Mortgage,726818.07,739,740,0,15,8.16,208,194,743104.74,South,2026-09-30
1001808,50001808,Retail,Credit Card,382496.65,721,698,0,0,34.05,17,13,,West,2026-09-30
1001809,50001809,Retail,Mortgage,4583485.2,675,688,15,45,8.09,228,79,5746197.45,West,2026-09-30
1001810,50001810,Retail,Credit Card,184881.97,620,626,75,75,30.7,39,6,,West,2026-09-30
1001811,50001811,Retail,Auto Loan,2284797.35,618,638,0,0,9.95,67,49,2378852.5,South,2026-09-30
1001812,50001812,Retail,Mortgage,606615.69,749,726,0,0,8.26,341,326,862943.77,North,2026-09-30
1001813,50001813,Retail,Credit Card,188795.45,634,632,0,0,24.81,47,21,,West,2026-09-30
1001814,50001814,SME,SME Loan,1570513.14,679,660,0,15,16.98,61,1,,North,2026-09-30
1001815,50001815,Retail,Mortgage,4380019.4,633,621,0,0,8.09,275,42,6298574.78,Central,2026-09-30
1001816,50001816,Retail,Auto Loan,2112656.99,494,517,60,45,9.43,79,20,2283584.46,West,2026-09-30
1001817,50001817,Retail,Credit Card,104090.86,650,674,0,30,34.28,34,15,,Central,2026-09-30
1001818,50001818,Retail,Mortgage,7969851.93,715,714,0,0,9.69,242,143,7665509.5,South,2026-09-30
1001819,50001819,Retail,Credit Card,453575.29,687,682,0,0,25.42,48,13,,North,2026-09-30
1001820,50001820,Retail,Personal Loan,72600.23,662,657,30,60,17.3,74,40,,West,2026-09-30
1001821,50001821,Retail,Credit Card,213502.53,748,767,60,30,30.64,40,26,,East,2026-09-30
1001822,50001822,Retail,Credit Card,406012.82,762,788,0,0,33.89,45,42,,North,2026-09-30
1001823,50001823,SME,SME Loan,14777966.49,646,651,0,30,12.76,79,35,,East,2026-09-30
1001824,50001824,Retail,Credit Card,430784.33,581,547,15,0,28.55,38,34,,West,2026-09-30
1001825,50001825,Retail,Mortgage,8256586.22,742,716,0,0,10.46,336,255,10516003.62,East,2026-09-30
1001826,50001826,Retail,Mortgage,8372932.94,809,758,0,15,9.45,130,37,12045449.18,South,2026-09-30
1001827,50001827,Retail,Mortgage,7504534.1,571,545,0,15,8.57,360,204,7822677.65,Central,2026-09-30
1001828,50001828,Retail,Auto Loan,1887349.21,685,657,0,0,10.48,54,48,2054541.3,South,2026-09-30
1001829,50001829,Retail,Auto Loan,2627900.49,895,860,0,30,9.32,77,2,3094749.97,North,2026-09-30
1001830,50001830,Retail,Credit Card,377907.89,769,709,0,0,26.35,55,5,,South,2026-09-30
1001831,50001831,Corporate,Corporate Loan,55516900.87,760,726,0,0,11.79,103,32,,South,2026-09-30
1001832,50001832,Retail,Personal Loan,1864846.92,693,696,0,15,13.94,27,10,,South,2026-09-30
1001833,50001833,Retail,Personal Loan,1932525.88,697,685,60,45,15.52,45,20,,North,2026-09-30
1001834,50001834,Retail,Mortgage,10975388.67,627,660,0,0,8.72,245,103,16026968.36,North,2026-09-30
1001835,50001835,Corporate,Corporate Loan,45280587.35,675,714,0,0,10.91,84,13,,East,2026-09-30
1001836,50001836,Retail,Mortgage,11461971.2,692,670,0,0,7.14,160,92,16669839.38,South,2026-09-30
1001837,50001837,Corporate,Corporate Loan,58806557.65,705,711,0,30,12.56,136,99,,East,2026-09-30
1001838,50001838,Retail,Mortgage,11088630.14,621,639,45,45,7.33,248,17,16104562.63,West,2026-09-30
1001839,50001839,Retail,Personal Loan,1520646.78,728,724,0,0,11.59,15,2,,West,2026-09-30
1001840,50001840,Retail,Personal Loan,363685.18,694,694,0,15,18.86,12,3,,East,2026-09-30
1001841,50001841,Corporate,Corporate Loan,43151609.52,722,745,45,45,12.22,131,50,,West,2026-09-30
1001842,50001842,Retail,Auto Loan,1037564.75,596,595,0,0,13.55,24,12,816276.92,East,2026-09-30
1001843,50001843,Retail,Mortgage,9827799.85,624,625,15,15,9.99,248,94,10440964.59,East,2026-09-30
1001844,50001844,Retail,Credit Card,381312.5,523,560,15,15,34.8,52,31,,Central,2026-09-30
1001845,50001845,SME,SME Loan,1277603.78,692,641,15,0,14.38,63,3,,Central,2026-09-30
1001846,50001846,Retail,Mortgage,5714836.21,808,786,0,0,10.39,289,20,8071980.0,Central,2026-09-30
1001847,50001847,Retail,Auto Loan,1661118.87,672,689,0,0,12.68,45,25,1848883.07,West,2026-09-30
1001848,50001848,Retail,Auto Loan,3123520.81,729,726,0,0,13.56,59,58,2768185.23,South,2026-09-30
1001849,50001849,Retail,Credit Card,173125.71,774,773,0,0,24.28,37,18,,South,2026-09-30
1001850,50001850,Retail,Auto Loan,569308.73,694,667,0,30,13.6,74,67,433102.68,South,2026-09-30
1001851,50001851,Corporate,Corporate Loan,24489662.21,844,869,0,0,10.05,101,38,,South,2026-09-30
1001852,50001852,Corporate,Mortgage,6341142.43,804,799,0,15,9.15,352,259,6709540.14,West,2026-09-30
1001853,50001853,Retail,Auto Loan,735039.72,761,723,0,0,8.07,73,30,531715.13,West,2026-09-30
1001854,50001854,SME,SME Loan,13268526.54,689,689,0,0,16.23,40,40,,North,2026-09-30
1001855,50001855,Retail,Credit Card,102591.91,705,701,0,15,25.36,37,33,,South,2026-09-30
1001856,50001856,Retail,Auto Loan,858087.44,675,746,0,15,9.89,49,17,573369.04,North,2026-09-30
1001857,50001857,SME,SME Loan,8646939.42,607,632,180,150,11.26,36,21,,North,2026-09-30
1001858,50001858,Retail,Mortgage,9465480.88,699,669,0,30,9.57,225,120,8910110.51,South,2026-09-30
1001859,50001859,Retail,Credit Card,215917.71,776,761,0,15,24.49,35,20,,West,2026-09-30
1001860,50001860,Retail,Personal Loan,1826297.45,707,705,0,0,12.9,28,26,,South,2026-09-30
1001861,50001861,Retail,Personal Loan,204541.85,688,688,0,15,10.42,25,11,,East,2026-09-30
1001862,50001862,Retail,Personal Loan,1682801.25,747,733,0,0,19.8,55,3,,North,2026-09-30
1001863,50001863,Retail,Auto Loan,2555107.6,755,761,0,0,8.56,59,43,2771767.15,West,2026-09-30
1001864,50001864,Retail,Personal Loan,483801.86,628,661,0,30,11.52,81,29,,South,2026-09-30
1001865,50001865,Retail,Auto Loan,2505567.59,753,763,0,15,12.74,27,2,2235818.84,North,2026-09-30
1001866,50001866,Retail,Personal Loan,1652084.06,802,803,0,0,19.79,79,20,,West,2026-09-30
1001867,50001867,Retail,Mortgage,7082956.11,596,575,0,0,8.98,282,202,9817697.3,South,2026-09-30
1001868,50001868,SME,SME Loan,3516435.3,751,719,0,15,14.3,39,30,,North,2026-09-30
1001869,50001869,Retail,Personal Loan,524101.71,779,784,0,15,17.19,21,3,,West,2026-09-30
1001870,50001870,Retail,Personal Loan,199776.07,773,762,0,0,17.2,25,2,,South,2026-09-30
1001871,50001871,Retail,Mortgage,6006878.42,883,896,0,0,9.17,303,33,7880629.83,South,2026-09-30
1001872,50001872,Retail,Mortgage,2188975.65,787,773,0,0,9.63,359,68,3222149.32,West,2026-09-30
1001873,50001873,Retail,Credit Card,418671.55,759,752,0,30,30.71,16,9,,South,2026-09-30
1001874,50001874,Retail,Credit Card,64180.06,771,784,0,0,29.37,51,38,,West,2026-09-30
1001875,50001875,Retail,Mortgage,655553.73,729,714,45,45,9.7,334,136,844841.53,Central,2026-09-30
1001876,50001876,Retail,Auto Loan,373211.45,637,659,0,0,8.54,69,45,353889.44,East,2026-09-30
1001877,50001877,Retail,Auto Loan,851631.82,748,793,0,0,10.37,82,52,648253.9,West,2026-09-30
1001878,50001878,Retail,Personal Loan,617507.27,555,574,0,0,18.56,53,8,,Central,2026-09-30
1001879,50001879,Retail,Auto Loan,1037089.14,711,757,0,0,13.84,73,66,1225418.53,West,2026-09-30
1001880,50001880,Retail,Personal Loan,1278520.0,738,748,0,0,16.63,20,12,,East,2026-09-30
1001881,50001881,SME,SME Loan,6845154.96,701,696,0,0,9.67,95,65,,West,2026-09-30
1001882,50001882,Retail,Personal Loan,1148126.68,774,733,0,0,17.1,37,5,,East,2026-09-30
1001883,50001883,Retail,Auto Loan,1855762.27,731,713,0,0,10.46,84,73,1844405.82,North,2026-09-30
1001884,50001884,Retail,Credit Card,233580.23,,622,60,60,39.15,47,47,,South,2026-09-30
1001885,50001885,Retail,Auto Loan,1278396.33,746,721,0,15,12.64,36,22,1241935.2,North,2026-09-30
1001886,50001886,Retail,Personal Loan,724129.09,648,633,0,0,16.16,79,41,,East,2026-09-30
1001887,50001887,Retail,Personal Loan,533029.24,670,640,0,0,15.9,74,60,,North,2026-09-30
1001888,50001888,SME,Mortgage,3928385.86,813,801,0,0,7.05,174,68,5021641.05,East,2026-09-30
1001889,50001889,Retail,Credit Card,306328.84,592,574,120,120,28.34,18,2,,Central,2026-09-30
1001890,50001890,Retail,Auto Loan,2815264.77,563,546,0,30,8.49,78,40,2727293.71,South,2026-09-30
1001891,50001891,SME,SME Loan,4865070.48,696,692,0,15,15.08,114,103,,West,2026-09-30
1001892,50001892,Retail,Mortgage,3613828.92,797,801,0,30,10.3,359,75,3315556.52,East,2026-09-30
1001893,50001893,Retail,Personal Loan,1239133.18,801,817,0,0,11.76,35,18,,West,2026-09-30
1001894,50001894,SME,SME Loan,728624.38,702,707,30,30,10.87,65,7,,West,2026-09-30
1001895,50001895,Retail,Auto Loan,781079.66,674,702,0,15,12.09,29,11,879761.56,Central,2026-09-30
1001896,50001896,Retail,Auto Loan,2475546.38,758,753,0,0,11.67,47,32,1868115.92,West,2026-09-30
1001897,50001897,Retail,Credit Card,414587.44,663,670,0,0,29.92,25,23,,South,2026-09-30
1001898,50001898,Retail,Credit Card,98913.39,713,690,0,0,32.45,60,33,,Central,2026-09-30
1001899,50001899,Corporate,Mortgage,7363357.78,690,665,0,0,9.78,297,249,7084965.39,West,2026-09-30
1001900,50001900,Retail,Personal Loan,1996575.67,712,705,0,15,17.84,28,9,,East,2026-09-30
1001901,50001901,Retail,Auto Loan,1312329.39,681,668,0,0,8.89,38,2,1031742.11,Central,2026-09-30
1001902,50001902,Retail,Credit Card,20868.38,731,751,0,15,41.78,30,13,,West,2026-09-30
1001903,50001903,Retail,Credit Card,103173.1,665,681,0,30,38.69,43,19,,South,2026-09-30
1001904,50001904,Retail,Personal Loan,1416529.54,709,715,0,0,16.81,36,31,,South,2026-09-30
1001905,50001905,Retail,Personal Loan,1210263.41,754,744,0,0,11.39,81,78,,South,2026-09-30
1001906,50001906,Retail,Auto Loan,2128445.78,759,704,0,0,10.33,81,69,2109330.36,West,2026-09-30
1001907,50001907,SME,SME Loan,12355580.18,813,812,0,0,15.38,113,31,,South,2026-09-30
1001908,50001908,SME,Mortgage,11710609.97,815,790,0,0,8.11,129,32,10826926.83,South,2026-09-30
1001909,50001909,SME,SME Loan,10284393.28,689,681,0,0,11.8,37,23,,West,2026-09-30
1001910,50001910,Retail,Mortgage,11834128.37,714,654,0,0,8.69,225,34,18162069.91,South,2026-09-30
1001911,50001911,Retail,Auto Loan,2951271.48,745,710,0,30,8.5,27,21,1907308.67,Central,2026-09-30
1001912,50001912,Retail,Personal Loan,1640831.88,779,769,0,15,19.82,25,25,,North,2026-09-30
1001913,50001913,Retail,Personal Loan,1533515.22,759,729,0,0,17.98,29,5,,South,2026-09-30
1001914,50001914,Retail,Personal Loan,969570.83,571,572,45,60,14.0,27,15,,East,2026-09-30
1001915,50001915,Retail,Credit Card,365944.24,666,680,0,30,41.3,28,18,,North,2026-09-30
1001916,50001916,Retail,Mortgage,5995605.8,815,800,0,15,10.37,260,135,6812594.6,West,2026-09-30
1001917,50001917,Retail,Credit Card,287150.11,794,796,0,0,36.89,19,17,,North,2026-09-30
1001918,50001918,Retail,Credit Card,180200.12,616,664,0,0,41.29,41,32,,South,2026-09-30
1001919,50001919,Retail,Credit Card,254955.8,637,642,120,120,37.43,56,49,,South,2026-09-30
1001920,50001920,SME,SME Loan,6072203.12,657,693,180,180,17.09,95,4,,South,2026-09-30
1001921,50001921,Retail,Mortgage,8456977.25,616,625,0,0,9.85,322,64,9150378.45,South,2026-09-30
1001922,50001922,Retail,Mortgage,1825969.31,791,754,0,0,9.72,166,41,1858683.84,West,2026-09-30
1001923,50001923,Retail,Mortgage,878993.24,776,793,90,90,9.12,300,24,977305.11,South,2026-09-30
1001924,50001924,SME,SME Loan,6455621.37,672,671,0,0,13.77,60,50,,Central,2026-09-30
1001925,50001925,SME,SME Loan,1545136.78,853,816,0,30,14.06,56,53,,South,2026-09-30
1001926,50001926,Retail,Personal Loan,1957811.34,671,649,0,0,14.86,75,55,,North,2026-09-30
1001927,50001927,Retail,Mortgage,11534341.87,512,551,0,0,8.67,123,78,16277266.14,East,2026-09-30
1001928,50001928,Retail,Personal Loan,1462136.08,614,631,0,0,17.96,45,14,,East,2026-09-30
1001929,50001929,SME,SME Loan,11447770.99,627,596,0,0,12.04,62,28,,North,2026-09-30
1001930,50001930,Retail,Personal Loan,1676104.76,684,689,0,0,14.72,43,19,,East,2026-09-30
1001931,50001931,Retail,Mortgage,8708523.72,697,691,0,0,10.3,127,119,12328368.11,North,2026-09-30
1001932,50001932,Retail,Credit Card,196944.88,752,735,0,15,31.98,47,39,,South,2026-09-30
1001933,50001933,Retail,Auto Loan,585449.38,647,664,0,30,8.32,76,40,578682.26,South,2026-09-30
1001934,50001934,Retail,Mortgage,5254586.16,682,680,0,0,9.58,151,151,4605876.1,South,2026-09-30
1001935,50001935,SME,SME Loan,1599965.45,650,672,0,0,12.5,56,27,,North,2026-09-30
1001936,50001936,Retail,Mortgage,3434437.2,823,818,0,0,8.75,306,73,4008233.85,South,2026-09-30
1001937,50001937,Retail,Personal Loan,1583323.04,677,664,0,0,12.67,36,21,,Central,2026-09-30
1001938,50001938,Retail,Personal Loan,1168600.48,695,639,0,0,14.22,70,41,,West,2026-09-30
1001939,50001939,Retail,Credit Card,161255.58,703,690,0,0,35.85,41,2,,East,2026-09-30
1001940,50001940,Retail,Mortgage,8034055.64,756,747,0,0,7.54,163,134,9797777.56,East,2026-09-30
1001941,50001941,Retail,Personal Loan,1077318.48,707,675,0,0,10.21,19,4,,South,2026-09-30
1001942,50001942,Retail,Auto Loan,385746.83,763,773,0,0,13.32,66,36,450516.64,South,2026-09-30
1001943,50001943,SME,SME Loan,6180856.17,641,635,0,0,16.71,77,56,,North,2026-09-30
1001944,50001944,Retail,Credit Card,74803.17,720,725,0,0,39.3,43,3,,East,2026-09-30
1001945,50001945,Corporate,Corporate Loan,53970302.17,736,735,0,0,10.53,18,4,,North,2026-09-30
1001946,50001946,Retail,Mortgage,1212134.52,787,779,0,0,9.11,150,100,1148140.91,North,2026-09-30
1001947,50001947,Retail,Mortgage,8178488.46,689,667,30,30,8.32,294,240,7919175.09,North,2026-09-30
1001948,50001948,Retail,Personal Loan,1391820.42,690,714,0,30,15.61,66,18,,South,2026-09-30
1001949,50001949,Retail,Personal Loan,1521289.07,759,722,0,0,14.07,46,31,,West,2026-09-30
1001950,50001950,Retail,Credit Card,255929.18,630,660,60,75,30.9,46,43,,East,2026-09-30
1001951,50001951,Retail,Mortgage,8963922.22,774,768,0,15,7.8,140,66,8718486.3,South,2026-09-30
1001952,50001952,Retail,Personal Loan,527157.22,686,684,0,0,18.5,57,38,,South,2026-09-30
1001953,50001953,Retail,Auto Loan,1076271.58,675,678,0,0,13.71,36,26,963903.95,West,2026-09-30
1001954,50001954,Retail,Credit Card,268520.83,743,750,0,30,32.72,44,19,,West,2026-09-30
1001955,50001955,Corporate,Corporate Loan,17646686.31,673,674,0,15,13.99,135,6,,West,2026-09-30
1001956,50001956,Retail,Personal Loan,1210183.27,709,758,0,30,17.32,48,48,,West,2026-09-30
1001957,50001957,Retail,Auto Loan,576614.45,670,670,90,105,11.15,76,29,689355.93,Central,2026-09-30
1001958,50001958,SME,SME Loan,10072019.46,731,750,45,60,17.78,54,14,,East,2026-09-30
1001959,50001959,Retail,Mortgage,2270911.98,669,654,45,30,9.6,310,74,3064321.54,West,2026-09-30
1001960,50001960,Retail,Personal Loan,53302.19,766,775,0,0,16.05,59,24,,West,2026-09-30
1001961,50001961,Retail,Personal Loan,1147864.43,467,494,30,15,14.21,22,1,,Central,2026-09-30
1001962,50001962,Retail,Mortgage,3679535.11,640,634,0,15,10.03,273,104,3373523.84,West,2026-09-30
1001963,50001963,SME,SME Loan,12251204.27,686,678,0,0,17.15,24,7,,North,2026-09-30
1001964,50001964,Retail,Mortgage,2154851.64,,688,0,0,7.34,355,133,2173226.44,East,2026-09-30
1001965,50001965,Retail,Personal Loan,1400393.01,759,744,0,0,16.63,76,8,,West,2026-09-30
1001966,50001966,Retail,Personal Loan,675043.12,660,693,0,0,11.48,67,40,,West,2026-09-30
1001967,50001967,Retail,Mortgage,8857086.83,489,497,30,30,9.71,289,48,8857775.12,Central,2026-09-30
1001968,50001968,Retail,Credit Card,84896.49,798,780,0,15,37.28,22,4,,South,2026-09-30
1001969,50001969,Retail,Mortgage,5149604.76,663,644,0,0,8.56,171,109,5547598.79,South,2026-09-30
1001970,50001970,Corporate,Corporate Loan,6433601.37,770,797,0,0,8.57,128,110,,West,2026-09-30
1001971,50001971,Retail,Credit Card,321603.04,606,600,0,30,25.68,42,24,,Central,2026-09-30
1001972,50001972,Retail,Auto Loan,2738100.54,742,715,0,0,13.11,38,1,3199660.38,Central,2026-09-30
1001973,50001973,Corporate,Corporate Loan,60519123.58,665,664,0,30,8.09,15,15,,North,2026-09-30
1001974,50001974,Retail,Credit Card,368089.27,771,766,0,0,37.35,48,22,,South,2026-09-30
1001975,50001975,Retail,Mortgage,7547857.45,661,670,30,15,9.43,174,74,11600770.85,South,2026-09-30
1001976,50001976,Retail,Credit Card,238792.4,694,685,15,45,32.29,28,8,,West,2026-09-30
1001977,50001977,Retail,Credit Card,242874.15,722,718,90,75,24.69,46,7,,South,2026-09-30
1001978,50001978,SME,SME Loan,9190980.02,597,590,0,0,15.2,30,3,,North,2026-09-30
1001979,50001979,Retail,Personal Loan,203239.11,642,647,0,0,10.54,26,4,,East,2026-09-30
1001980,50001980,Corporate,Corporate Loan,46388726.9,798,795,0,0,8.19,152,73,,North,2026-09-30
1001981,50001981,Retail,Mortgage,957720.43,813,796,0,0,7.8,277,107,1196070.35,South,2026-09-30
1001982,50001982,Retail,Mortgage,5229737.45,516,510,0,0,9.24,300,53,6839032.52,West,2026-09-30
1001983,50001983,SME,Auto Loan,2205218.76,625,648,0,30,10.46,75,9,2549820.66,Central,2026-09-30
1001984,50001984,Retail,Auto Loan,3450802.2,745,726,0,0,11.7,46,33,2760755.85,West,2026-09-30
1001985,50001985,Retail,Auto Loan,1730534.26,652,646,0,0,12.31,33,19,2031640.29,East,2026-09-30
1001986,50001986,Retail,Personal Loan,861718.58,789,790,0,15,19.65,66,19,,South,2026-09-30
1001987,50001987,SME,SME Loan,3262448.81,552,575,0,15,9.73,48,34,,West,2026-09-30
1001988,50001988,Retail,Mortgage,2628057.96,720,701,0,30,7.96,353,180,2239798.38,East,2026-09-30
1001989,50001989,SME,Mortgage,5743285.08,776,778,0,0,9.59,350,237,4997258.9,South,2026-09-30
1001990,50001990,Retail,Credit Card,445234.56,700,696,0,0,39.11,30,1,,South,2026-09-30
1001991,50001991,Retail,Personal Loan,501412.37,705,685,0,0,13.36,17,13,,East,2026-09-30
1001992,50001992,SME,Auto Loan,1377274.31,788,766,0,0,8.26,80,22,911920.62,South,2026-09-30
1001993,50001993,Retail,Auto Loan,1172408.1,776,761,0,0,13.5,63,2,1375950.2,West,2026-09-30
1001994,50001994,Retail,Personal Loan,1358669.8,677,682,0,0,10.18,63,14,,North,2026-09-30
1001995,50001995,Retail,Credit Card,494272.83,811,801,0,0,27.63,58,25,,South,2026-09-30
1001996,50001996,Retail,Mortgage,10493337.44,629,626,0,15,10.03,125,23,11111520.93,West,2026-09-30
1001997,50001997,Retail,Personal Loan,767382.65,692,647,0,30,15.19,27,13,,West,2026-09-30
1001998,50001998,SME,SME Loan,12102557.48,758,733,0,0,10.34,32,7,,East,2026-09-30
1001999,50001999,SME,SME Loan,13270974.21,640,629,0,0,14.33,33,7,,West,2026-09-30
1002000,50002000,Retail,Credit Card,162031.93,761,772,0,0,35.35,38,9,,North,2026-09-30
1002001,50002001,Retail,Mortgage,819670.85,676,660,0,0,8.48,298,36,883525.9,East,2026-09-30
1002002,50002002,SME,Mortgage,6340609.44,811,763,0,0,9.96,275,24,7192121.54,East,2026-09-30
1002003,50002003,Corporate,Corporate Loan,57618402.01,676,678,0,0,10.16,135,116,,East,2026-09-30
1002004,50002004,Retail,Credit Card,235196.01,732,720,0,0,34.34,27,3,,West,2026-09-30
1002005,50002005,Retail,Personal Loan,1850348.94,701,667,0,0,18.57,54,1,,Central,2026-09-30
1002006,50002006,Retail,Auto Loan,1573084.24,616,649,0,0,8.39,68,36,1847709.14,North,2026-09-30
1002007,50002007,Retail,Mortgage,9456889.45,723,696,0,0,9.59,133,70,12246768.79,West,2026-09-30
1002008,50002008,Corporate,Corporate Loan,20029238.28,706,688,0,0,10.04,180,91,,North,2026-09-30
1002009,50002009,Retail,Mortgage,6041937.97,622,642,0,0,10.19,252,248,7839784.66,South,2026-09-30
1002010,50002010,Retail,Personal Loan,290501.47,745,767,0,0,12.13,68,63,,West,2026-09-30
1002011,50002011,Retail,Mortgage,2276968.8,772,794,0,0,7.14,217,204,2883807.47,North,2026-09-30
1002012,50002012,SME,SME Loan,3276351.44,694,660,0,0,10.44,54,1,,South,2026-09-30
1002013,50002013,Retail,Credit Card,433558.13,651,617,0,0,39.7,35,18,,North,2026-09-30
1002014,50002014,SME,Mortgage,6553956.78,642,647,15,15,10.12,258,98,7484618.13,West,2026-09-30
1002015,50002015,Retail,Auto Loan,2741528.12,699,655,0,0,8.06,41,5,2148496.45,South,2026-09-30
1002016,50002016,Corporate,Corporate Loan,10416292.44,682,664,0,0,13.38,142,127,,West,2026-09-30
1002017,50002017,SME,Mortgage,11286825.66,641,659,30,30,10.26,200,67,11654045.54,East,2026-09-30
1002018,50002018,Retail,Personal Loan,319485.54,575,586,90,75,18.44,48,35,,South,2026-09-30
1002019,50002019,Retail,Mortgage,2861483.03,667,673,0,0,7.76,226,225,4143093.93,South,2026-09-30
1002020,50002020,Retail,Auto Loan,2994115.51,797,766,0,0,10.81,45,31,1989383.57,South,2026-09-30
1002021,50002021,Retail,Mortgage,5290012.73,677,672,0,15,10.12,247,220,6281124.02,Central,2026-09-30
1002022,50002022,Retail,Mortgage,3816466.7,610,618,0,15,8.58,350,221,3833515.97,North,2026-09-30
1002023,50002023,Retail,Auto Loan,2272216.25,703,694,0,15,12.78,54,5,2421390.44,West,2026-09-30
1002024,50002024,Retail,Auto Loan,2128924.57,679,694,30,30,11.45,56,44,1661724.77,South,2026-09-30
1002025,50002025,Retail,Credit Card,100349.05,685,687,15,15,34.74,55,54,,West,2026-09-30
1002026,50002026,Corporate,Corporate Loan,22790865.79,623,604,0,0,13.59,114,14,,South,2026-09-30
1002027,50002027,Retail,Mortgage,5088092.97,686,675,0,15,9.76,131,131,6936022.6,North,2026-09-30
1002028,50002028,Retail,Mortgage,5781369.9,662,679,0,0,9.19,233,171,7486291.69,East,2026-09-30
1002029,50002029,Retail,Auto Loan,3461919.92,727,690,0,30,10.11,54,52,3305604.19,West,2026-09-30
1002030,50002030,Retail,Auto Loan,776265.63,,579,0,0,12.56,66,23,925114.87,West,2026-09-30
1002031,50002031,SME,Mortgage,11218445.4,723,690,0,0,7.6,122,51,14104001.45,South,2026-09-30
1002032,50002032,Retail,Credit Card,285803.64,623,640,75,75,26.97,35,16,,North,2026-09-30
1002033,50002033,Corporate,Corporate Loan,40357008.09,712,699,0,0,11.95,152,40,,North,2026-09-30
1002034,50002034,Retail,Credit Card,207808.62,614,627,45,45,34.77,58,22,,North,2026-09-30
1002035,50002035,Retail,Mortgage,7837167.86,664,680,0,0,9.06,123,41,11097284.7,Central,2026-09-30
1002036,50002036,Retail,Credit Card,268918.71,631,629,0,0,26.16,30,30,,South,2026-09-30
1002037,50002037,Retail,Personal Loan,323472.05,622,650,0,0,18.25,47,2,,South,2026-09-30
1002038,50002038,Retail,Auto Loan,2227762.71,638,652,0,0,12.68,80,77,2168446.02,West,2026-09-30
1002039,50002039,Retail,Auto Loan,3011715.65,589,584,30,30,12.41,56,15,2285373.8,South,2026-09-30
1002040,50002040,Retail,Mortgage,9533274.66,752,775,0,0,9.0,346,13,9131942.27,East,2026-09-30
1002041,50002041,SME,SME Loan,2366091.42,706,709,0,0,12.31,68,37,,West,2026-09-30
1002042,50002042,Retail,Auto Loan,1351809.07,818,832,0,0,12.58,74,14,1428913.14,North,2026-09-30
1002043,50002043,SME,SME Loan,13737047.65,696,661,0,0,10.53,22,21,,East,2026-09-30
1002044,50002044,Retail,Credit Card,269592.67,720,735,0,0,28.39,43,15,,South,2026-09-30
1002045,50002045,Retail,Mortgage,11177120.24,633,627,45,75,7.21,326,149,11706395.35,South,2026-09-30
1002046,50002046,SME,SME Loan,14123222.49,630,643,30,45,9.15,65,22,,East,2026-09-30
1002047,50002047,Retail,Mortgage,3336651.31,746,751,0,15,8.3,216,126,3867979.93,North,2026-09-30
1002048,50002048,Retail,Credit Card,481372.86,508,499,45,30,39.61,25,9,,East,2026-09-30
1002049,50002049,Retail,Mortgage,9380633.73,675,691,0,0,8.49,321,139,11688640.6,North,2026-09-30
1002050,50002050,Retail,Mortgage,7802971.52,738,730,0,0,7.79,166,1,8896134.65,East,2026-09-30
1002051,50002051,Retail,Mortgage,6379987.87,847,839,0,0,7.04,158,65,5700977.11,South,2026-09-30
1002052,50002052,SME,SME Loan,7746218.1,705,704,0,0,10.21,94,86,,West,2026-09-30
1002053,50002053,Retail,Personal Loan,1884403.08,820,799,0,15,19.44,64,39,,North,2026-09-30
1002054,50002054,Retail,Personal Loan,1281447.7,823,804,0,15,14.36,33,3,,North,2026-09-30
1002055,50002055,Retail,Personal Loan,544239.27,693,695,0,30,19.35,25,1,,South,2026-09-30
1002056,50002056,Retail,Credit Card,254402.89,813,776,0,0,34.76,46,19,,Central,2026-09-30
1002057,50002057,Retail,Personal Loan,845268.97,632,581,0,30,15.66,77,70,,East,2026-09-30
1002058,50002058,Retail,Personal Loan,1752860.1,581,562,0,0,14.21,35,20,,Central,2026-09-30
1002059,50002059,SME,SME Loan,3397925.22,610,596,0,0,9.33,58,39,,South,2026-09-30
1002060,50002060,Retail,Credit Card,84479.51,749,771,0,0,39.6,45,31,,Central,2026-09-30
1002061,50002061,Retail,Mortgage,1521025.9,733,751,30,0,9.48,203,10,2130030.0,West,2026-09-30
1002062,50002062,Retail,Auto Loan,2609733.48,634,670,180,180,9.81,61,26,2406399.92,Central,2026-09-30
1002063,50002063,Retail,Mortgage,8565711.35,750,714,0,15,10.24,230,51,8035991.57,Central,2026-09-30
1002064,50002064,Retail,Mortgage,7564299.94,761,735,0,0,8.99,122,90,8108226.92,West,2026-09-30
1002065,50002065,Retail,Credit Card,487163.09,716,706,0,0,37.17,39,18,,East,2026-09-30
1002066,50002066,Retail,Mortgage,9639491.82,786,797,0,15,7.53,319,157,10197183.85,North,2026-09-30
1002067,50002067,SME,SME Loan,6829545.84,613,629,0,0,13.09,87,75,,North,2026-09-30
1002068,50002068,Retail,Credit Card,43358.87,640,663,180,165,32.92,51,47,,East,2026-09-30
1002069,50002069,Retail,Credit Card,45319.79,882,869,0,0,34.54,25,3,,East,2026-09-30
1002070,50002070,Retail,Mortgage,3508187.14,629,666,0,30,8.97,274,206,4080506.67,Central,2026-09-30
1002071,50002071,SME,SME Loan,430024.88,737,759,0,15,10.76,14,9,,East,2026-09-30
1002072,50002072,Retail,Mortgage,554121.65,684,717,0,0,7.12,238,84,556280.5,South,2026-09-30
1002073,50002073,Retail,Mortgage,6569219.38,663,661,0,0,9.21,278,251,6992919.29,North,2026-09-30
1002074,50002074,Retail,Mortgage,7043947.33,629,664,0,0,8.78,232,70,6728606.24,North,2026-09-30
1002075,50002075,SME,Auto Loan,1168578.36,725,717,0,0,13.67,36,21,718462.94,West,2026-09-30
1002076,50002076,Retail,Personal Loan,1873842.77,641,690,15,15,17.35,33,3,,North,2026-09-30
1002077,50002077,Corporate,Corporate Loan,18328765.25,678,646,15,0,12.34,79,29,,West,2026-09-30
1002078,50002078,Retail,Credit Card,466459.89,707,714,30,30,38.24,48,21,,North,2026-09-30
1002079,50002079,Retail,Mortgage,5233368.26,682,694,0,30,8.07,227,13,6310731.7,South,2026-09-30
1002080,50002080,Retail,Personal Loan,1475929.51,639,615,0,15,14.01,70,49,,South,2026-09-30
1002081,50002081,Retail,Auto Loan,2674352.94,729,715,120,90,10.81,66,27,3106502.64,East,2026-09-30
1002082,50002082,Retail,Auto Loan,3482119.61,734,730,0,30,10.99,40,29,3880482.18,South,2026-09-30
1002083,50002083,Retail,Personal Loan,1412566.6,787,781,0,0,16.62,33,26,,North,2026-09-30
1002084,50002084,SME,SME Loan,5775755.07,720,715,0,0,14.39,111,1,,South,2026-09-30
1002085,50002085,Retail,Credit Card,10188.22,678,682,0,0,26.2,26,8,,South,2026-09-30
1002086,50002086,Retail,Credit Card,256461.1,750,781,0,0,32.82,59,4,,Central,2026-09-30
1002087,50002087,SME,SME Loan,6367040.5,721,736,0,0,16.66,51,5,,North,2026-09-30
1002088,50002088,Retail,Personal Loan,527535.78,764,763,0,0,17.08,46,29,,South,2026-09-30
1002089,50002089,Retail,Personal Loan,1742323.26,706,670,0,0,11.51,58,27,,West,2026-09-30
1002090,50002090,Retail,Mortgage,6199144.29,757,757,0,0,7.16,259,240,6412558.94,South,2026-09-30
1002091,50002091,Retail,Mortgage,6864158.43,727,752,0,0,10.17,205,174,8506150.06,South,2026-09-30
1002092,50002092,Retail,Auto Loan,303519.95,763,765,0,0,9.02,35,33,346268.88,Central,2026-09-30
1002093,50002093,Retail,Mortgage,4926661.45,778,801,0,0,7.15,240,182,7282699.91,South,2026-09-30
1002094,50002094,Retail,Personal Loan,1408240.81,766,737,0,0,18.57,41,19,,Central,2026-09-30
1002095,50002095,Retail,Auto Loan,2028025.48,650,627,45,30,8.8,76,51,2193638.0,South,2026-09-30
1002096,50002096,Retail,Personal Loan,1111972.61,769,755,0,15,18.68,20,18,,North,2026-09-30
1002097,50002097,Retail,Auto Loan,3464129.7,707,737,0,30,8.36,33,2,2467583.15,South,2026-09-30
1002098,50002098,Retail,Personal Loan,1185333.07,696,706,90,60,13.85,15,9,,West,2026-09-30
1002099,50002099,Corporate,Corporate Loan,68634600.33,750,761,0,0,9.36,110,49,,East,2026-09-30
1002100,50002100,Retail,Credit Card,242272.56,650,626,0,30,25.73,31,23,,South,2026-09-30
1002101,50002101,SME,SME Loan,5707129.66,838,808,0,0,17.44,17,4,,South,2026-09-30
1002102,50002102,SME,Auto Loan,2408583.79,744,750,0,0,11.5,82,38,2689349.91,North,2026-09-30
1002103,50002103,Retail,Auto Loan,3306347.93,770,736,0,0,13.78,58,30,,West,2026-09-30
1002104,50002104,Retail,Auto Loan,1761202.67,727,730,0,30,12.75,24,3,1352841.44,West,2026-09-30
1002105,50002105,SME,SME Loan,9937453.86,536,557,0,0,14.35,71,6,,Central,2026-09-30
1002106,50002106,Corporate,Mortgage,4709449.6,662,636,0,15,9.42,145,126,7056406.75,North,2026-09-30
1002107,50002107,SME,SME Loan,8258444.29,731,731,45,60,16.57,115,108,,South,2026-09-30
1002108,50002108,Retail,Personal Loan,1377329.32,770,753,0,0,10.05,23,21,,South,2026-09-30
1002109,50002109,Retail,Mortgage,5879185.65,648,618,0,0,8.29,227,95,7602492.52,West,2026-09-30
1002110,50002110,Retail,Credit Card,228107.41,635,631,30,30,34.19,21,13,,South,2026-09-30
1002111,50002111,Corporate,Corporate Loan,71325549.06,651,643,0,0,11.15,19,7,,East,2026-09-30
1002112,50002112,Retail,Credit Card,100932.58,776,758,0,0,41.56,30,3,,West,2026-09-30
1002113,50002113,Retail,Mortgage,9983629.17,695,722,0,0,9.8,150,142,9938377.66,South,2026-09-30
1002114,50002114,Retail,Mortgage,934385.65,650,633,0,0,9.39,288,36,1304616.39,Central,2026-09-30
1002115,50002115,Retail,Personal Loan,1517887.01,683,662,90,60,10.62,69,30,,East,2026-09-30
1002116,50002116,Retail,Auto Loan,2549687.62,640,632,0,0,10.7,52,5,1745702.83,West,2026-09-30
1002117,50002117,Retail,Auto Loan,2528397.78,553,564,180,195,10.47,61,20,1572733.41,West,2026-09-30
1002118,50002118,Retail,Mortgage,827571.08,641,653,15,0,9.7,191,120,1244601.54,North,2026-09-30
1002119,50002119,Corporate,Corporate Loan,52561732.22,628,642,15,30,13.33,54,17,,Central,2026-09-30
1002120,50002120,Retail,Personal Loan,1202177.83,699,703,90,75,16.26,23,16,,North,2026-09-30
1002121,50002121,Retail,Personal Loan,619311.72,677,698,0,0,13.57,64,33,,North,2026-09-30
1002122,50002122,SME,SME Loan,2590761.22,670,706,0,0,15.08,115,19,,North,2026-09-30
1002123,50002123,Retail,Auto Loan,2005326.06,778,786,0,0,10.69,53,24,1305763.79,West,2026-09-30
1002124,50002124,Retail,Credit Card,201239.0,704,741,0,30,38.63,19,7,,South,2026-09-30
1002125,50002125,Retail,Auto Loan,2107078.84,666,677,0,0,9.72,43,35,2012789.07,South,2026-09-30
1002126,50002126,Retail,Personal Loan,219183.95,730,789,0,0,18.47,46,26,,South,2026-09-30
1002127,50002127,SME,Mortgage,5838479.57,663,651,0,30,9.62,136,29,6915812.76,North,2026-09-30
1002128,50002128,Retail,Credit Card,318888.32,673,660,0,15,37.08,17,1,,West,2026-09-30
1002129,50002129,SME,SME Loan,11550308.99,782,781,0,0,10.53,22,18,,West,2026-09-30
1002130,50002130,Retail,Personal Loan,1501840.3,701,696,0,0,19.96,44,13,,West,2026-09-30
1002131,50002131,Retail,Auto Loan,3408618.93,662,675,0,15,10.04,49,19,3995543.01,West,2026-09-30
1002132,50002132,Retail,Personal Loan,1823050.32,676,649,0,15,11.34,18,17,,South,2026-09-30
1002133,50002133,SME,SME Loan,9443079.77,751,742,0,0,10.52,17,9,,East,2026-09-30
1002134,50002134,Retail,Credit Card,287597.12,746,750,0,0,33.07,58,8,,West,2026-09-30
1002135,50002135,Retail,Auto Loan,2041444.44,698,664,0,0,11.18,34,24,1970740.06,Central,2026-09-30
1002136,50002136,Corporate,Corporate Loan,28040788.02,662,674,0,15,8.56,121,97,,West,2026-09-30
1002137,50002137,Retail,Personal Loan,750154.17,653,652,180,150,18.7,75,22,,West,2026-09-30
1002138,50002138,Retail,Credit Card,452191.66,713,727,45,30,25.67,46,40,,North,2026-09-30
1002139,50002139,Retail,Auto Loan,1508799.63,672,670,75,90,12.04,63,46,1568067.76,North,2026-09-30
1002140,50002140,Retail,Credit Card,372749.47,659,685,0,0,33.29,22,11,,East,2026-09-30
1002141,50002141,Retail,Credit Card,363874.14,724,732,0,0,27.12,44,34,,Central,2026-09-30
1002142,50002142,Retail,Mortgage,9799201.78,579,610,0,0,9.92,218,122,14819138.34,South,2026-09-30
1002143,50002143,Retail,Personal Loan,227081.15,541,570,0,0,13.99,73,58,,South,2026-09-30
1002144,50002144,Retail,Personal Loan,883900.58,615,648,0,0,17.52,32,24,,West,2026-09-30
1002145,50002145,Retail,Credit Card,387033.24,719,699,0,30,37.41,23,23,,East,2026-09-30
1002146,50002146,Retail,Personal Loan,1513743.84,749,737,0,0,11.32,54,10,,West,2026-09-30
1002147,50002147,Retail,Credit Card,25067.52,667,672,0,0,24.01,38,4,,South,2026-09-30
1002148,50002148,Retail,Mortgage,5611533.61,669,676,0,0,7.37,153,103,6574978.23,South,2026-09-30
1002149,50002149,Retail,Mortgage,614860.54,674,687,0,0,9.27,360,111,629011.7,East,2026-09-30
1002150,50002150,Retail,Personal Loan,1007111.14,835,803,0,0,13.28,39,8,,West,2026-09-30
1002151,50002151,Retail,Auto Loan,1204390.72,900,890,0,0,8.68,79,43,1436153.14,West,2026-09-30
1002152,50002152,Retail,Auto Loan,840014.53,731,728,0,0,11.9,58,48,673630.1,North,2026-09-30
1002153,50002153,Retail,Mortgage,4690666.97,796,831,0,0,10.11,180,164,6449835.67,West,2026-09-30
1002154,50002154,Retail,Credit Card,397706.75,713,701,0,0,26.37,46,13,,West,2026-09-30
1002155,50002155,Retail,Auto Loan,3420175.94,739,732,0,0,11.44,63,16,3610118.15,South,2026-09-30
1002156,50002156,Retail,Mortgage,5076485.98,835,879,0,0,7.88,218,91,7073033.64,South,2026-09-30
1002157,50002157,Retail,Personal Loan,572112.04,783,725,0,0,19.61,55,52,,West,2026-09-30
1002158,50002158,Retail,Mortgage,11822477.36,712,732,0,0,9.64,238,126,17849211.4,West,2026-09-30
1002159,50002159,Retail,Personal Loan,754292.61,750,756,0,0,15.44,40,37,,West,2026-09-30
1002160,50002160,Retail,Mortgage,8597257.96,616,624,0,0,8.18,276,109,8955526.27,South,2026-09-30
1002161,50002161,SME,Auto Loan,514786.23,605,615,0,15,10.98,57,6,401249.14,South,2026-09-30
1002162,50002162,Retail,Mortgage,4566491.31,596,606,0,0,7.66,152,117,4647591.6,West,2026-09-30
1002163,50002163,Retail,Mortgage,3736074.16,558,555,0,0,10.21,225,59,4706677.58,South,2026-09-30
1002164,50002164,SME,SME Loan,710800.28,643,664,90,90,14.07,24,1,,East,2026-09-30
1002165,50002165,Retail,Mortgage,5044171.92,756,750,60,60,9.59,130,90,7132313.44,East,2026-09-30
1002166,50002166,SME,Auto Loan,2554209.92,662,676,0,0,11.3,48,31,2169389.11,North,2026-09-30
1002167,50002167,Retail,Credit Card,351045.58,765,752,0,0,40.6,22,15,,East,2026-09-30
1002168,50002168,Retail,Credit Card,122389.6,747,746,0,0,28.99,15,5,,South,2026-09-30
1002169,50002169,Retail,Mortgage,5761108.26,667,656,0,0,7.73,163,69,8852034.12,South,2026-09-30
1002170,50002170,Retail,Mortgage,1440325.8,,803,0,0,8.03,192,26,2160839.54,Central,2026-09-30
1002171,50002171,SME,SME Loan,9059710.05,583,585,0,30,16.55,22,19,,South,2026-09-30
1002172,50002172,Retail,Personal Loan,1050154.22,680,691,0,0,18.17,82,65,,West,2026-09-30
1002173,50002173,Retail,Personal Loan,1491255.94,794,787,0,0,18.21,53,22,,West,2026-09-30
1002174,50002174,Retail,Mortgage,3546699.52,767,761,0,0,8.56,234,108,3261844.11,West,2026-09-30
1002175,50002175,Retail,Mortgage,6350619.79,550,528,0,0,10.03,338,257,7823860.96,Central,2026-09-30
1002176,50002176,Retail,Credit Card,125057.18,668,683,0,0,32.3,60,54,,South,2026-09-30
1002177,50002177,Retail,Personal Loan,687153.53,615,588,0,15,12.79,48,43,,East,2026-09-30
1002178,50002178,Retail,Personal Loan,619081.41,784,802,0,0,11.03,34,17,,North,2026-09-30
1002179,50002179,Retail,Personal Loan,898717.17,723,699,0,0,18.0,83,43,,East,2026-09-30
1002180,50002180,Retail,Mortgage,10883133.86,704,681,0,0,10.16,164,119,16117707.69,Central,2026-09-30
1002181,50002181,Retail,Credit Card,174079.34,707,720,15,45,41.41,42,16,,West,2026-09-30
1002182,50002182,Retail,Credit Card,335955.56,627,641,0,0,24.22,27,17,,South,2026-09-30
1002183,50002183,Retail,Auto Loan,3229582.67,790,805,0,0,13.41,54,9,2912634.57,East,2026-09-30
1002184,50002184,Retail,Credit Card,370944.92,682,688,0,15,24.47,17,4,,West,2026-09-30
1002185,50002185,Retail,Personal Loan,397836.54,684,689,45,60,10.28,33,24,,South,2026-09-30
1002186,50002186,Retail,Personal Loan,665217.48,537,564,45,75,17.89,34,20,,South,2026-09-30
1002187,50002187,Retail,Mortgage,7300940.94,708,725,0,0,9.92,245,155,8365315.46,South,2026-09-30
1002188,50002188,Retail,Personal Loan,877486.61,792,772,0,0,16.74,46,3,,South,2026-09-30
1002189,50002189,Retail,Auto Loan,3109360.72,619,642,30,30,13.72,51,8,3007524.6,Central,2026-09-30
1002190,50002190,Retail,Auto Loan,2938133.57,711,717,0,15,13.22,29,25,2236957.31,North,2026-09-30
1002191,50002191,SME,SME Loan,6640156.57,747,754,0,0,13.68,81,61,,West,2026-09-30
1002192,50002192,Corporate,Corporate Loan,11647135.15,723,728,0,0,8.2,175,163,,East,2026-09-30
1002193,50002193,Retail,Credit Card,15627.76,655,633,0,0,31.09,58,26,,West,2026-09-30
1002194,50002194,SME,SME Loan,1801379.05,712,695,0,0,9.52,85,1,,West,2026-09-30
1002195,50002195,Retail,Mortgage,4443070.31,743,756,0,0,7.04,251,10,5004712.42,Central,2026-09-30
1002196,50002196,Retail,Personal Loan,1026477.4,733,728,0,0,12.43,84,43,,North,2026-09-30
1002197,50002197,Retail,Mortgage,8139113.13,615,655,0,0,10.13,338,34,12061470.55,West,2026-09-30
1002198,50002198,SME,SME Loan,5482969.49,697,704,0,0,13.3,112,112,,West,2026-09-30
1002199,50002199,Retail,Credit Card,438280.91,778,768,0,15,29.58,48,5,,South,2026-09-30
1002200,50002200,Retail,Mortgage,2319947.19,614,608,0,0,7.82,194,64,2725781.46,East,2026-09-30
1002201,50002201,SME,SME Loan,11193471.3,811,821,0,0,13.45,35,35,,South,2026-09-30
1002202,50002202,Retail,Mortgage,2196162.2,668,677,0,15,8.22,279,236,2555706.28,Central,2026-09-30
1002203,50002203,Retail,Auto Loan,2849974.25,696,691,0,0,9.69,27,10,2650479.32,West,2026-09-30
1002204,50002204,Retail,Credit Card,430733.38,657,682,0,0,41.44,23,19,,East,2026-09-30
1002205,50002205,Retail,Mortgage,6044775.46,581,616,15,45,10.1,122,96,6750254.21,North,2026-09-30
1002206,50002206,Retail,Personal Loan,333782.34,736,724,0,15,18.75,33,8,,South,2026-09-30
1002207,50002207,Retail,Mortgage,8962787.29,732,753,0,0,9.08,280,29,12228048.23,North,2026-09-30
1002208,50002208,Retail,Mortgage,5502610.56,667,676,45,45,8.47,210,183,8476607.96,West,2026-09-30
1002209,50002209,Retail,Personal Loan,1825777.12,787,778,0,0,17.19,62,50,,West,2026-09-30
1002210,50002210,Retail,Credit Card,334554.78,729,700,0,0,33.96,37,29,,North,2026-09-30
1002211,50002211,Retail,Mortgage,7035025.17,684,664,0,0,8.81,293,43,7469075.51,North,2026-09-30
1002212,50002212,SME,SME Loan,5801968.63,735,717,0,0,14.59,53,35,,East,2026-09-30
1002213,50002213,Retail,Mortgage,2048477.85,572,564,0,0,10.03,280,26,2871823.54,South,2026-09-30
1002214,50002214,SME,SME Loan,9304990.07,645,665,0,0,13.23,81,8,,South,2026-09-30
1002215,50002215,Retail,Mortgage,5832318.28,649,655,0,0,8.97,128,61,8694604.96,South,2026-09-30
1002216,50002216,SME,Auto Loan,1631203.0,607,610,0,15,9.28,50,49,1783443.48,South,2026-09-30
1002217,50002217,Retail,Auto Loan,948732.06,803,744,0,0,9.68,72,33,841295.07,West,2026-09-30
1002218,50002218,Retail,Credit Card,410807.31,653,632,0,0,33.24,50,31,,North,2026-09-30
1002219,50002219,Retail,Mortgage,683753.13,699,682,0,15,10.07,156,78,904035.31,Central,2026-09-30
1002220,50002220,Retail,Mortgage,1582291.89,672,644,0,0,7.6,265,157,2441302.69,South,2026-09-30
1002221,50002221,SME,SME Loan,11542114.26,713,684,0,15,13.48,47,41,,South,2026-09-30
1002222,50002222,Retail,Personal Loan,1372262.06,776,770,0,0,12.98,25,10,,South,2026-09-30
1002223,50002223,Retail,Mortgage,3404448.59,571,589,15,15,9.61,205,178,4414050.35,Central,2026-09-30
1002224,50002224,SME,SME Loan,12539117.38,547,550,60,60,17.57,15,12,,East,2026-09-30
1002225,50002225,Corporate,Corporate Loan,48675629.43,736,743,0,0,13.64,171,8,,North,2026-09-30
1002226,50002226,Retail,Credit Card,89672.37,742,712,0,0,24.26,54,28,,East,2026-09-30
1002227,50002227,SME,Mortgage,7937686.09,626,620,30,0,7.32,294,255,6807703.47,West,2026-09-30
1002228,50002228,Retail,Mortgage,6215514.98,744,767,0,0,8.88,172,16,6001971.4,Central,2026-09-30
1002229,50002229,Retail,Mortgage,11961046.19,655,660,0,0,8.82,296,103,11329761.68,West,2026-09-30
1002230,50002230,SME,Mortgage,10619051.6,693,670,0,0,8.26,192,59,12473704.15,South,2026-09-30
1002231,50002231,Retail,Auto Loan,2504122.88,614,601,0,0,12.34,52,38,2494082.72,South,2026-09-30
1002232,50002232,Retail,Credit Card,103758.14,583,611,0,0,37.92,24,2,,South,2026-09-30
1002233,50002233,Retail,Personal Loan,220668.58,782,753,0,0,14.27,17,5,,Central,2026-09-30
1002234,50002234,Retail,Credit Card,211463.9,,663,0,30,40.53,53,6,,North,2026-09-30
1002235,50002235,Retail,Personal Loan,973536.75,657,663,0,15,18.41,62,5,,South,2026-09-30
1002236,50002236,Retail,Mortgage,11464886.58,595,601,0,15,7.55,123,41,17346637.84,South,2026-09-30
1002237,50002237,SME,SME Loan,2827736.79,692,680,0,0,16.52,75,59,,West,2026-09-30
1002238,50002238,Retail,Credit Card,390834.39,797,774,0,0,31.93,17,3,,Central,2026-09-30
1002239,50002239,Corporate,Corporate Loan,12954372.71,633,662,0,0,13.88,83,64,,North,2026-09-30
1002240,50002240,Retail,Mortgage,3659946.44,613,621,0,15,7.09,354,269,5666083.04,East,2026-09-30
1002241,50002241,SME,SME Loan,4348504.23,630,651,,0,13.29,57,23,,East,2026-09-30
1002242,50002242,Corporate,Corporate Loan,64125340.34,765,793,0,0,12.08,87,61,,East,2026-09-30
1002243,50002243,Retail,Auto Loan,1869632.73,773,804,0,0,9.22,61,20,2140495.1,West,2026-09-30
1002244,50002244,Retail,Auto Loan,229427.23,649,659,0,15,9.26,66,60,261167.69,West,2026-09-30
1002245,50002245,Retail,Auto Loan,819357.32,666,700,0,15,10.85,54,51,668718.1,East,2026-09-30
1002246,50002246,SME,SME Loan,9931528.52,788,806,0,30,11.54,69,61,,West,2026-09-30
1002247,50002247,Retail,Mortgage,8569421.66,810,792,0,0,7.33,291,43,12592409.01,West,2026-09-30
1002248,50002248,Retail,Mortgage,4332496.36,674,663,0,0,9.28,294,166,3925208.08,Central,2026-09-30
1002249,50002249,SME,Mortgage,3159338.94,810,792,0,0,8.52,164,78,4200683.64,South,2026-09-30
1002250,50002250,Retail,Personal Loan,1765715.6,688,700,0,0,15.23,46,21,,West,2026-09-30
1002251,50002251,Retail,Mortgage,10988592.72,848,848,0,30,9.88,178,4,17014429.7,North,2026-09-30
1002252,50002252,Retail,Credit Card,361619.73,708,698,0,0,41.66,57,43,,South,2026-09-30
1002253,50002253,Retail,Mortgage,10500047.73,673,629,180,180,7.85,232,52,9171818.13,West,2026-09-30
1002254,50002254,Retail,Mortgage,3524555.65,711,727,0,15,7.53,154,52,5244682.91,West,2026-09-30
1002255,50002255,Retail,Credit Card,365722.84,669,695,0,0,28.83,25,10,,East,2026-09-30
1002256,50002256,Retail,Personal Loan,728732.87,769,802,0,0,17.89,37,5,,South,2026-09-30
1002257,50002257,Corporate,Corporate Loan,4557685.98,659,671,0,0,12.73,106,16,,West,2026-09-30
1002258,50002258,Retail,Credit Card,330655.16,631,622,0,0,28.11,45,1,,West,2026-09-30
1002259,50002259,SME,SME Loan,3895074.75,764,770,0,15,10.61,115,75,,East,2026-09-30
1002260,50002260,SME,Auto Loan,1429118.47,604,614,0,0,13.02,72,22,947802.3,East,2026-09-30
1002261,50002261,SME,SME Loan,6011910.54,697,689,0,0,10.68,69,42,,South,2026-09-30
1002262,50002262,Retail,Auto Loan,1505252.67,647,639,0,0,9.26,61,56,,West,2026-09-30
1002263,50002263,Retail,Credit Card,218072.03,631,620,0,0,27.08,39,2,,Central,2026-09-30
1002264,50002264,Retail,Mortgage,9188762.45,737,692,0,15,7.03,158,25,14224604.71,Central,2026-09-30
1002265,50002265,Retail,Credit Card,320141.86,553,551,0,0,31.2,12,11,,Central,2026-09-30
1002266,50002266,SME,Auto Loan,666612.77,666,674,75,75,9.99,71,67,466022.12,Central,2026-09-30
1002267,50002267,Retail,Mortgage,6460379.13,809,784,0,0,8.25,159,157,9339950.27,South,2026-09-30
1002268,50002268,Retail,Mortgage,6041194.63,652,641,15,30,8.0,272,4,8800306.36,South,2026-09-30
1002269,50002269,SME,SME Loan,4439576.2,752,715,0,0,10.26,91,83,,West,2026-09-30
1002270,50002270,Corporate,Corporate Loan,32061226.67,737,697,0,0,7.53,25,21,,South,2026-09-30
1002271,50002271,Retail,Personal Loan,1910139.43,853,837,0,0,12.25,25,15,,West,2026-09-30
1002272,50002272,Retail,Mortgage,8661008.27,685,683,0,0,8.64,142,117,11625456.93,West,2026-09-30
1002273,50002273,Retail,Credit Card,277211.89,656,625,0,30,31.58,54,16,,East,2026-09-30
1002274,50002274,SME,SME Loan,12088279.44,789,759,0,0,12.96,71,17,,East,2026-09-30
1002275,50002275,Corporate,Mortgage,11750807.45,700,738,90,105,10.11,338,294,,South,2026-09-30
1002276,50002276,Corporate,Mortgage,6441647.71,791,805,0,0,9.67,280,198,5998032.07,West,2026-09-30
1002277,50002277,Retail,Personal Loan,1651553.62,732,706,0,30,11.59,78,4,,North,2026-09-30
1002278,50002278,Retail,Mortgage,7029889.05,713,725,0,0,8.36,298,129,6178310.85,East,2026-09-30
1002279,50002279,Retail,Mortgage,7041550.13,654,660,0,15,8.72,200,2,6236897.98,East,2026-09-30
1002280,50002280,Retail,Personal Loan,474813.87,788,802,0,15,12.02,30,3,,East,2026-09-30
1002281,50002281,Retail,Credit Card,382768.34,713,737,0,15,39.95,54,22,,West,2026-09-30
1002282,50002282,Retail,Credit Card,35975.14,741,727,0,0,25.26,43,28,,West,2026-09-30
1002283,50002283,Retail,Credit Card,87071.82,732,723,0,0,29.78,17,7,,Central,2026-09-30
1002284,50002284,SME,Auto Loan,324692.28,617,631,120,120,9.17,35,5,272451.09,East,2026-09-30
1002285,50002285,Retail,Mortgage,11503320.83,710,706,0,0,8.51,270,169,13896581.34,South,2026-09-30
1002286,50002286,Retail,Auto Loan,1923782.49,682,643,0,30,11.54,80,51,1445800.6,West,2026-09-30
1002287,50002287,Retail,Mortgage,1127612.33,744,722,0,0,8.53,178,14,1201727.99,South,2026-09-30
1002288,50002288,Corporate,Corporate Loan,5720795.77,733,720,0,0,11.82,140,135,,Central,2026-09-30
1002289,50002289,Retail,Auto Loan,2560001.8,788,802,0,30,11.59,30,5,2257900.79,North,2026-09-30
1002290,50002290,SME,SME Loan,1299951.46,696,675,0,0,17.85,101,15,,East,2026-09-30
1002291,50002291,Retail,Credit Card,185708.3,706,689,0,0,30.95,48,38,,West,2026-09-30
1002292,50002292,Retail,Auto Loan,1137152.46,678,680,0,0,13.97,40,32,904797.01,West,2026-09-30
1002293,50002293,Retail,Credit Card,387722.51,563,588,75,75,24.66,54,30,,West,2026-09-30
1002294,50002294,SME,Auto Loan,2136837.07,713,693,0,30,11.21,34,3,1297482.38,East,2026-09-30
1002295,50002295,Retail,Mortgage,11395629.26,631,663,0,0,9.1,286,108,13898106.35,South,2026-09-30
1002296,50002296,Retail,Auto Loan,2314984.58,712,698,0,15,13.54,24,24,2119945.89,Central,2026-09-30
1002297,50002297,SME,SME Loan,10461857.46,734,710,0,15,17.41,112,72,,South,2026-09-30
1002298,50002298,Retail,Mortgage,11211141.94,758,735,0,15,10.33,179,50,13283357.21,South,2026-09-30
1002299,50002299,SME,Auto Loan,2936929.43,672,661,120,120,8.58,62,32,1845903.67,West,2026-09-30
1002300,50002300,SME,Mortgage,6408647.04,638,660,0,0,9.23,249,43,8127017.14,West,2026-09-30
1002301,50002301,SME,Auto Loan,1863325.47,674,669,0,0,9.78,43,18,,North,2026-09-30
1002302,50002302,SME,SME Loan,11329627.68,704,682,0,0,13.59,87,80,,West,2026-09-30
1002303,50002303,Retail,Personal Loan,1402004.66,697,708,0,0,17.21,46,1,,West,2026-09-30
1002304,50002304,SME,Mortgage,10782249.62,684,708,0,0,8.06,319,230,11705065.07,North,2026-09-30
1002305,50002305,Retail,Auto Loan,208186.43,684,711,0,0,13.61,31,8,168368.08,West,2026-09-30
1002306,50002306,Retail,Auto Loan,1223073.85,823,780,0,0,12.29,29,7,781516.81,West,2026-09-30
1002307,50002307,SME,Auto Loan,2641086.87,709,720,30,45,8.65,43,19,2116941.95,West,2026-09-30
1002308,50002308,Retail,Credit Card,475397.84,773,792,0,0,25.27,18,18,,South,2026-09-30
1002309,50002309,Retail,Mortgage,4842564.2,642,633,15,15,9.08,163,16,6222528.03,Central,2026-09-30
1002310,50002310,Retail,Mortgage,10418341.94,697,699,0,30,9.46,320,120,15692261.48,West,2026-09-30
1002311,50002311,Retail,Auto Loan,386653.55,841,833,15,15,8.79,77,45,391737.87,West,2026-09-30
1002312,50002312,Retail,Auto Loan,3230068.06,666,671,0,0,13.67,76,15,3433878.82,West,2026-09-30
1002313,50002313,Retail,Mortgage,2489582.7,671,678,0,0,7.38,211,37,2203169.34,North,2026-09-30
1002314,50002314,Retail,Personal Loan,1217377.29,850,833,0,0,14.26,80,34,,South,2026-09-30
1002315,50002315,SME,Auto Loan,3205140.12,658,679,0,0,11.25,69,41,2528010.46,East,2026-09-30
1002316,50002316,Retail,Personal Loan,620300.83,674,685,30,45,19.52,58,16,,Central,2026-09-30
1002317,50002317,SME,SME Loan,12117504.11,655,677,0,0,17.0,115,102,,West,2026-09-30
1002318,50002318,Retail,Mortgage,8535146.66,584,605,0,15,9.31,121,80,8186149.73,Central,2026-09-30
1002319,50002319,Retail,Mortgage,4405705.05,642,613,0,0,7.65,333,151,6329087.07,East,2026-09-30
1002320,50002320,Retail,Auto Loan,770896.59,701,721,0,15,12.83,84,50,463068.44,East,2026-09-30
1002321,50002321,SME,SME Loan,2868993.81,774,769,0,0,16.97,66,9,,North,2026-09-30
1002322,50002322,Retail,Personal Loan,1108252.49,658,677,0,30,12.66,12,12,,South,2026-09-30
1002323,50002323,Retail,Personal Loan,641495.95,738,709,0,30,14.49,69,40,,South,2026-09-30
1002324,50002324,Retail,Mortgage,10284656.39,592,592,0,15,8.52,168,73,11036136.69,West,2026-09-30
1002325,50002325,Retail,Mortgage,9225765.67,753,756,0,0,9.77,295,36,11946983.49,West,2026-09-30
1002326,50002326,Retail,Auto Loan,2181842.88,658,667,0,0,13.8,24,14,1817984.39,West,2026-09-30
1002327,50002327,Retail,Auto Loan,765394.63,692,713,0,0,12.77,50,24,728814.46,South,2026-09-30
1002328,50002328,Retail,Auto Loan,457894.42,720,673,30,0,11.26,39,36,330815.27,East,2026-09-30
1002329,50002329,Retail,Mortgage,11464459.32,714,735,0,0,7.36,240,142,16682084.7,North,2026-09-30
1002330,50002330,Retail,Personal Loan,1181792.87,653,655,0,0,16.55,57,38,,South,2026-09-30
1002331,50002331,Retail,Auto Loan,1563206.1,737,753,0,0,9.82,62,54,1292735.03,North,2026-09-30
1002332,50002332,Retail,Credit Card,190590.14,707,679,0,0,40.75,53,11,,East,2026-09-30
1002333,50002333,Retail,Mortgage,3701922.98,717,759,0,0,9.3,248,27,5215975.41,East,2026-09-30
1002334,50002334,SME,SME Loan,2559151.07,766,788,0,15,15.92,96,56,,East,2026-09-30
1002335,50002335,Retail,Personal Loan,1713781.38,729,713,120,135,13.09,54,25,,West,2026-09-30
1002336,50002336,SME,SME Loan,6361342.5,681,670,0,0,12.92,97,92,,South,2026-09-30
1002337,50002337,Retail,Mortgage,6296294.18,700,654,180,165,8.31,271,270,6156954.58,Central,2026-09-30
1002338,50002338,SME,SME Loan,4584301.01,738,706,0,15,14.95,100,27,,North,2026-09-30
1002339,50002339,Retail,Personal Loan,1390791.74,722,689,0,0,17.89,63,62,,North,2026-09-30
1002340,50002340,Retail,Personal Loan,1585318.54,881,898,0,0,11.47,19,12,,North,2026-09-30
1002341,50002341,Retail,Personal Loan,1634139.96,603,610,0,0,11.74,60,60,,North,2026-09-30
1002342,50002342,Retail,Personal Loan,583852.69,681,676,0,0,11.34,57,56,,Central,2026-09-30
1002343,50002343,Retail,Personal Loan,1700128.44,528,533,0,30,18.17,66,19,,Central,2026-09-30
1002344,50002344,Retail,Auto Loan,2474874.3,698,714,0,0,13.58,45,12,2760113.85,West,2026-09-30
1002345,50002345,SME,SME Loan,8544628.98,633,671,30,30,16.13,45,33,,West,2026-09-30
1002346,50002346,Retail,Personal Loan,1714077.48,668,672,0,15,10.42,46,6,,South,2026-09-30
1002347,50002347,Retail,Mortgage,8739877.4,739,739,0,15,8.97,145,127,8507772.64,West,2026-09-30
1002348,50002348,Retail,Mortgage,3048840.42,720,673,0,15,10.37,141,116,3344098.24,East,2026-09-30
1002349,50002349,Retail,Personal Loan,137411.84,617,652,0,0,14.05,69,27,,South,2026-09-30
1002350,50002350,Retail,Auto Loan,764438.53,723,725,75,75,13.75,50,2,876968.66,East,2026-09-30
1002351,50002351,Retail,Mortgage,10184821.85,721,683,0,0,9.78,147,107,,North,2026-09-30
1002352,50002352,Retail,Auto Loan,3229202.83,651,681,0,0,9.85,43,22,3140802.89,South,2026-09-30
1002353,50002353,Retail,Mortgage,9338504.31,698,693,90,90,10.23,294,36,10057319.67,West,2026-09-30
1002354,50002354,Retail,Mortgage,11013094.46,637,610,0,0,8.78,166,63,9995096.53,South,2026-09-30
1002355,50002355,Retail,Mortgage,10267096.79,648,634,0,0,7.86,271,21,9331813.37,West,2026-09-30
1002356,50002356,Retail,Mortgage,6076665.13,767,777,0,0,7.47,326,235,5513556.18,South,2026-09-30
1002357,50002357,Retail,Auto Loan,3482501.77,754,745,0,0,11.34,30,20,3165714.28,West,2026-09-30
1002358,50002358,Retail,Personal Loan,855010.43,689,733,0,0,12.8,13,1,,South,2026-09-30
1002359,50002359,Retail,Personal Loan,1638087.48,748,757,0,0,13.01,60,31,,West,2026-09-30
1002360,50002360,SME,SME Loan,2096384.42,563,611,0,0,9.22,72,19,,South,2026-09-30
1002361,50002361,Retail,Credit Card,397364.29,591,665,0,0,31.47,54,5,,West,2026-09-30
1002362,50002362,Retail,Auto Loan,1683430.36,674,688,0,0,13.03,79,4,1346442.1,North,2026-09-30
1002363,50002363,Retail,Mortgage,6752615.97,703,672,0,0,9.35,179,107,7450811.5,West,2026-09-30
1002364,50002364,Retail,Personal Loan,993205.24,772,796,0,0,19.26,48,9,,East,2026-09-30
1002365,50002365,Corporate,Mortgage,8134491.56,663,635,0,15,8.48,342,176,11779325.15,South,2026-09-30
1002366,50002366,SME,SME Loan,5581097.32,640,631,0,0,14.2,18,9,,South,2026-09-30
1002367,50002367,SME,SME Loan,11419616.03,818,798,0,0,17.93,47,40,,East,2026-09-30
1002368,50002368,Corporate,Corporate Loan,37289741.9,706,718,0,0,9.69,139,76,,South,2026-09-30
1002369,50002369,Retail,Mortgage,581347.22,623,623,0,0,7.15,197,108,856055.93,East,2026-09-30
1002370,50002370,Retail,Auto Loan,2345537.71,738,728,0,30,11.58,55,38,1991827.15,South,2026-09-30
1002371,50002371,Retail,Personal Loan,1723293.76,738,707,0,15,15.96,82,62,,South,2026-09-30
1002372,50002372,Retail,Personal Loan,224798.81,749,766,0,0,11.46,32,2,,South,2026-09-30
1002373,50002373,Retail,Credit Card,278548.86,618,596,0,15,40.35,34,32,,West,2026-09-30
1002374,50002374,Retail,Auto Loan,366411.2,650,657,0,0,8.35,68,48,275696.08,East,2026-09-30
1002375,50002375,Retail,Credit Card,228754.08,760,743,0,0,41.28,33,31,,East,2026-09-30
1002376,50002376,Retail,Mortgage,4747811.3,646,652,0,0,7.91,290,154,4894790.79,West,2026-09-30
1002377,50002377,Retail,Auto Loan,1431397.67,831,788,0,15,11.72,44,40,1129700.68,North,2026-09-30
1002378,50002378,SME,Auto Loan,280030.08,691,687,0,0,9.32,26,16,264252.86,West,2026-09-30
1002379,50002379,Retail,Mortgage,11471653.25,739,771,0,0,7.31,227,37,16578907.51,East,2026-09-30
1002380,50002380,Retail,Mortgage,9879878.62,831,866,0,15,7.49,167,150,14544871.72,Central,2026-09-30
1002381,50002381,Retail,Mortgage,2961147.84,856,829,0,0,7.29,268,256,4431860.32,East,2026-09-30
1002382,50002382,Retail,Auto Loan,296180.2,559,583,0,0,11.52,55,23,236167.19,South,2026-09-30
1002383,50002383,Retail,Auto Loan,1757664.02,661,645,0,0,9.68,41,20,2008810.53,West,2026-09-30
1002384,50002384,Retail,Auto Loan,1436837.76,652,653,0,0,12.85,28,18,1659111.59,West,2026-09-30
1002385,50002385,Retail,Personal Loan,1511628.84,734,744,0,0,13.36,78,67,,West,2026-09-30
1002386,50002386,Retail,Personal Loan,1078548.42,644,624,0,0,18.72,74,54,,North,2026-09-30
1002387,50002387,Retail,Auto Loan,3015827.81,638,665,0,15,9.25,35,8,2484461.96,East,2026-09-30
1002388,50002388,Retail,Credit Card,480251.87,741,722,0,0,24.98,49,16,,West,2026-09-30
1002389,50002389,Retail,Credit Card,391262.41,842,816,0,15,25.29,32,26,,West,2026-09-30
1002390,50002390,Retail,Mortgage,6845505.19,713,722,180,180,9.82,241,38,5860581.2,East,2026-09-30
1002391,50002391,Retail,Personal Loan,427064.55,659,655,0,15,12.68,27,25,,North,2026-09-30
1002392,50002392,Retail,Mortgage,11755798.09,702,678,0,0,8.64,299,41,11111416.31,South,2026-09-30
1002393,50002393,Retail,Credit Card,427574.86,679,639,0,15,31.93,39,32,,South,2026-09-30
1002394,50002394,Retail,Credit Card,7791.26,607,630,30,15,39.71,22,12,,South,2026-09-30
1002395,50002395,SME,SME Loan,5282624.37,511,500,90,60,12.11,49,31,,North,2026-09-30
1002396,50002396,Retail,Mortgage,8354446.79,643,615,0,0,7.32,282,274,10331882.3,South,2026-09-30
1002397,50002397,SME,SME Loan,13866759.9,872,865,0,0,11.03,66,55,,West,2026-09-30
1002398,50002398,Retail,Credit Card,316227.66,664,672,0,0,36.39,54,43,,West,2026-09-30
1002399,50002399,SME,SME Loan,13076292.72,659,650,0,0,15.95,83,42,,North,2026-09-30
1002400,50002400,SME,SME Loan,3434588.94,644,638,0,15,9.34,90,64,,West,2026-09-30
1002401,50002401,Retail,Personal Loan,127319.65,698,733,0,0,15.13,45,11,,West,2026-09-30
1002402,50002402,Retail,Personal Loan,701624.12,722,721,0,0,12.14,37,27,,Central,2026-09-30
1002403,50002403,Retail,Personal Loan,69483.37,695,739,0,0,12.23,66,58,,West,2026-09-30
1002404,50002404,Retail,Credit Card,121673.54,680,665,0,15,36.47,48,1,,West,2026-09-30
1002405,50002405,Retail,Mortgage,8857189.29,787,815,0,30,7.47,254,128,13660587.64,North,2026-09-30
1002406,50002406,SME,SME Loan,8237075.73,811,824,0,0,16.63,43,23,,West,2026-09-30
1002407,50002407,Retail,Mortgage,10939511.61,640,620,0,0,8.44,172,160,12970381.77,South,2026-09-30
1002408,50002408,Retail,Auto Loan,2838362.71,815,802,0,0,10.92,61,48,2568484.05,South,2026-09-30
1002409,50002409,Retail,Mortgage,7764879.52,633,611,180,210,8.0,239,175,10668548.3,West,2026-09-30
1002410,50002410,Retail,Mortgage,1613791.57,667,665,45,15,9.55,344,179,1894926.19,West,2026-09-30
1002411,50002411,Retail,Mortgage,4576894.39,783,773,0,0,8.99,174,38,4210376.56,South,2026-09-30
1002412,50002412,Retail,Mortgage,3103064.93,661,644,0,0,7.59,126,53,3874480.36,West,2026-09-30
1002413,50002413,Retail,Auto Loan,550521.7,727,706,0,0,10.96,66,37,553067.09,South,2026-09-30
1002414,50002414,Retail,Credit Card,245138.72,690,689,0,15,26.0,24,23,,North,2026-09-30
1002415,50002415,SME,SME Loan,950220.4,689,729,75,75,13.48,53,25,,Central,2026-09-30
1002416,50002416,Retail,Credit Card,292873.18,544,560,0,30,40.65,43,15,,South,2026-09-30
1002417,50002417,Retail,Auto Loan,543257.19,799,782,0,0,8.4,79,73,353606.12,East,2026-09-30
1002418,50002418,SME,Mortgage,3912923.57,695,725,180,195,8.38,154,145,4407527.39,North,2026-09-30
1002419,50002419,Retail,Personal Loan,753980.65,752,766,0,0,15.78,47,46,,East,2026-09-30
1002420,50002420,Retail,Personal Loan,1629303.33,625,619,0,0,17.44,59,46,,West,2026-09-30
1002421,50002421,Retail,Auto Loan,1796460.94,591,582,30,60,13.76,80,57,1159572.15,North,2026-09-30
1002422,50002422,Retail,Mortgage,3806016.68,784,792,0,0,7.86,180,75,5188155.79,North,2026-09-30
1002423,50002423,SME,SME Loan,12286447.71,558,551,0,0,12.25,71,47,,East,2026-09-30
1002424,50002424,Retail,Auto Loan,3164968.08,693,693,0,0,12.6,40,1,2732647.38,West,2026-09-30
1002425,50002425,Retail,Credit Card,325776.71,803,802,0,0,38.93,21,21,,East,2026-09-30
1002426,50002426,Retail,Credit Card,407531.25,702,703,0,0,39.59,40,29,,Central,2026-09-30
1002427,50002427,Retail,Auto Loan,1786752.99,709,675,0,0,12.79,78,5,1581745.25,North,2026-09-30
1002428,50002428,Retail,Auto Loan,686792.73,788,775,0,0,11.42,51,14,767326.37,North,2026-09-30
1002429,50002429,Retail,Mortgage,1390250.04,860,834,0,0,9.54,153,125,2061198.2,West,2026-09-30
1002430,50002430,SME,SME Loan,6393625.06,742,715,0,0,12.17,83,17,,Central,2026-09-30
1002431,50002431,Retail,Mortgage,8639289.57,660,673,0,0,7.64,159,19,9457678.18,North,2026-09-30
1002432,50002432,Retail,Auto Loan,2642559.16,801,779,0,0,10.88,24,23,2312460.28,West,2026-09-30
1002433,50002433,Retail,Personal Loan,1181039.62,733,750,0,15,16.41,31,31,,Central,2026-09-30
1002434,50002434,SME,SME Loan,2074805.0,682,691,0,0,10.15,83,19,,East,2026-09-30
1002435,50002435,Retail,Auto Loan,1377084.45,600,560,0,15,13.57,70,3,1600579.13,South,2026-09-30
1002436,50002436,Retail,Mortgage,9713325.68,726,725,0,15,7.73,184,131,14873197.76,South,2026-09-30
1002437,50002437,Corporate,Corporate Loan,43212852.28,723,727,0,30,7.57,111,2,,South,2026-09-30
1002438,50002438,SME,SME Loan,7308628.71,616,575,0,0,17.05,13,4,,East,2026-09-30
1002439,50002439,Retail,Mortgage,7885562.07,720,729,0,0,9.87,211,164,12024772.61,North,2026-09-30
1002440,50002440,Retail,Mortgage,8517388.16,704,674,0,15,7.18,210,71,11904666.75,East,2026-09-30
1002441,50002441,Retail,Mortgage,4413910.07,754,784,0,15,7.6,179,129,6066429.27,South,2026-09-30
1002442,50002442,Retail,Personal Loan,528087.69,566,562,0,30,17.02,74,57,,West,2026-09-30
1002443,50002443,Retail,Mortgage,7273937.68,636,623,0,30,9.66,218,139,10138703.39,East,2026-09-30
1002444,50002444,Retail,Mortgage,8840729.22,682,677,0,30,8.92,142,72,13235546.85,South,2026-09-30
1002445,50002445,Retail,Personal Loan,1440478.4,706,728,0,30,17.81,54,14,,East,2026-09-30
1002446,50002446,Retail,Mortgage,1175242.5,693,685,15,15,8.04,284,122,1518859.72,South,2026-09-30
1002447,50002447,Retail,Personal Loan,543384.73,722,691,0,0,12.53,21,20,,West,2026-09-30
1002448,50002448,Retail,Mortgage,8007412.38,691,681,0,0,7.98,121,102,8044631.23,North,2026-09-30
1002449,50002449,Retail,Credit Card,456284.7,636,654,90,120,35.51,25,20,,Central,2026-09-30
1002450,50002450,Retail,Personal Loan,992908.93,713,748,0,0,10.09,58,20,,Central,2026-09-30
1002451,50002451,Retail,Auto Loan,1771671.08,584,586,30,0,11.89,31,6,1229325.47,South,2026-09-30
1002452,50002452,Retail,Credit Card,286092.23,752,707,0,30,38.13,23,20,,East,2026-09-30
1002453,50002453,Retail,Mortgage,11578522.76,787,728,0,0,9.36,158,109,13392404.96,North,2026-09-30
1002454,50002454,Retail,Mortgage,3253827.93,625,616,0,0,9.64,169,142,4814970.71,West,2026-09-30
1002455,50002455,Retail,Mortgage,2248480.5,669,707,0,0,10.27,250,26,3051957.41,East,2026-09-30
1002456,50002456,Corporate,Corporate Loan,70144483.9,737,690,0,15,7.7,104,10,,North,2026-09-30
1002457,50002457,SME,SME Loan,3186756.85,701,703,0,15,14.28,40,14,,South,2026-09-30
1002458,50002458,Retail,Personal Loan,1683045.35,657,660,0,15,12.93,30,29,,Central,2026-09-30
1002459,50002459,Retail,Personal Loan,657268.71,571,580,0,0,13.21,15,8,,North,2026-09-30
1002460,50002460,Retail,Auto Loan,1510791.09,828,817,0,0,9.7,83,58,929917.32,West,2026-09-30
1002461,50002461,Retail,Credit Card,13436.86,680,664,0,0,33.77,29,11,,South,2026-09-30
1002462,50002462,Retail,Mortgage,10847699.15,654,672,0,0,10.23,179,154,10952126.66,West,2026-09-30
1002463,50002463,Retail,Auto Loan,1211866.63,681,715,0,0,10.38,55,17,764061.9,West,2026-09-30
1002464,50002464,Retail,Mortgage,9162104.29,671,686,0,0,8.98,239,170,11846389.68,West,2026-09-30
1002465,50002465,SME,Auto Loan,914530.53,627,631,0,0,11.5,50,33,734058.85,North,2026-09-30
1002466,50002466,Retail,Auto Loan,379146.07,762,770,0,0,10.94,57,10,442072.7,North,2026-09-30
1002467,50002467,Retail,Personal Loan,1033990.33,744,737,0,0,19.09,46,10,,North,2026-09-30
1002468,50002468,Retail,Credit Card,231897.9,547,518,180,180,38.01,22,15,,North,2026-09-30
1002469,50002469,Retail,Mortgage,3470156.18,659,653,0,0,7.72,259,114,4829036.35,North,2026-09-30
1002470,50002470,Retail,Mortgage,7910480.3,619,627,0,0,10.33,357,43,11805584.82,West,2026-09-30
1002471,50002471,SME,SME Loan,3790873.43,602,582,0,0,15.49,42,36,,East,2026-09-30
1002472,50002472,SME,SME Loan,9223005.17,714,706,0,15,11.63,116,34,,North,2026-09-30
1002473,50002473,Retail,Mortgage,1330133.12,718,718,0,0,9.93,121,38,1669990.76,East,2026-09-30
1002474,50002474,Retail,Personal Loan,316712.22,628,622,0,0,19.24,33,21,,West,2026-09-30
1002475,50002475,Retail,Mortgage,7172526.35,830,792,0,0,10.1,157,123,6433750.41,East,2026-09-30
1002476,50002476,Retail,Personal Loan,1062976.61,722,706,0,15,12.43,70,49,,East,2026-09-30
1002477,50002477,Retail,Credit Card,140022.75,631,641,30,30,40.25,32,1,,East,2026-09-30
1002478,50002478,Retail,Credit Card,256471.18,593,622,0,0,30.45,18,5,,West,2026-09-30
1002479,50002479,Retail,Mortgage,7811231.76,711,725,0,0,7.45,259,240,9101365.19,West,2026-09-30
1002480,50002480,Retail,Mortgage,9356052.51,772,748,0,0,7.92,164,100,12358745.99,South,2026-09-30
1002481,50002481,Retail,Mortgage,7016637.15,628,600,0,30,7.59,173,152,10036460.6,West,2026-09-30
1002482,50002482,Retail,Mortgage,7407293.5,796,791,0,0,10.22,223,132,8717264.87,Central,2026-09-30
1002483,50002483,Retail,Mortgage,4587175.64,640,624,0,0,8.32,316,186,6736377.38,West,2026-09-30
1002484,50002484,Retail,Credit Card,472370.99,659,669,0,30,37.12,20,8,,North,2026-09-30
1002485,50002485,Retail,Auto Loan,714879.34,544,535,0,0,11.65,79,51,503329.96,South,2026-09-30
1002486,50002486,Retail,Personal Loan,928704.54,704,729,0,0,15.88,54,6,,West,2026-09-30
1002487,50002487,Retail,Credit Card,333648.7,757,750,0,0,30.07,60,53,,South,2026-09-30
1002488,50002488,Retail,Mortgage,4143107.62,677,685,0,15,7.01,167,120,4381488.62,South,2026-09-30
1002489,50002489,Retail,Credit Card,46797.11,683,679,0,15,37.09,39,31,,North,2026-09-30
1002490,50002490,Retail,Mortgage,5772380.32,723,690,0,15,9.56,195,86,6360631.91,Central,2026-09-30
1002491,50002491,Retail,Credit Card,419389.58,724,755,0,0,32.01,58,32,,West,2026-09-30
1002492,50002492,SME,Mortgage,2097086.71,692,690,0,0,9.47,255,67,2281710.99,Central,2026-09-30
1002493,50002493,Retail,Auto Loan,3414299.89,823,822,0,15,8.4,24,16,2278021.4,South,2026-09-30
1002494,50002494,Retail,Personal Loan,1331315.38,722,753,0,0,16.27,60,39,,Central,2026-09-30
1002495,50002495,SME,SME Loan,11811306.77,730,736,180,180,13.94,34,19,,Central,2026-09-30
1002496,50002496,Retail,Credit Card,86937.41,684,678,0,0,27.43,22,21,,North,2026-09-30
1002497,50002497,Retail,Mortgage,8175729.18,769,770,0,0,9.88,251,28,9252144.57,West,2026-09-30
1002498,50002498,Corporate,Corporate Loan,7043084.39,744,733,0,15,10.62,40,33,,West,2026-09-30
1002499,50002499,Retail,Mortgage,10628484.1,760,749,0,0,9.06,150,140,11288187.36,North,2026-09-30
1002500,50002500,SME,SME Loan,14914807.24,564,573,0,30,15.02,119,50,,North,2026-09-30
1002501,50002501,Retail,Mortgage,11957205.55,700,706,0,0,10.0,190,2,16740193.3,South,2026-09-30
1002502,50002502,Retail,Credit Card,56697.21,648,662,0,0,27.1,53,21,,South,2026-09-30
1002503,50002503,Corporate,Corporate Loan,73911181.95,770,767,0,0,9.77,175,135,,West,2026-09-30
1002504,50002504,Retail,Mortgage,4261934.2,590,606,0,0,7.75,253,155,4828561.23,West,2026-09-30
1002505,50002505,Retail,Mortgage,1989616.19,760,734,0,0,9.97,223,71,2684244.4,West,2026-09-30
1002506,50002506,Retail,Auto Loan,2900832.72,631,656,0,0,12.35,47,47,2778737.12,East,2026-09-30
1002507,50002507,Retail,Mortgage,7839678.86,650,686,180,180,7.47,142,25,6803495.92,South,2026-09-30
1002508,50002508,Retail,Personal Loan,565833.76,851,815,0,15,14.14,57,12,,Central,2026-09-30
1002509,50002509,Retail,Credit Card,130714.45,765,773,0,0,41.69,46,6,,Central,2026-09-30
1002510,50002510,Retail,Personal Loan,690916.7,499,471,120,90,15.14,57,17,,West,2026-09-30
1002511,50002511,SME,SME Loan,6093533.3,755,740,0,0,13.75,74,43,,West,2026-09-30
1002512,50002512,Retail,Mortgage,5409581.21,773,759,0,15,10.3,209,49,5999237.56,South,2026-09-30
1002513,50002513,Corporate,Corporate Loan,17253115.61,730,723,0,15,9.28,158,72,,West,2026-09-30
1002514,50002514,Retail,Personal Loan,1442007.27,651,688,0,0,19.57,54,36,,West,2026-09-30
1002515,50002515,Corporate,Corporate Loan,38465219.31,794,793,0,0,13.29,179,73,,West,2026-09-30
1002516,50002516,Retail,Auto Loan,2412118.92,800,796,0,0,9.61,46,36,2200734.16,South,2026-09-30
1002517,50002517,Retail,Mortgage,3391861.28,759,779,0,15,7.45,303,6,3499647.16,South,2026-09-30
1002518,50002518,Retail,Mortgage,4815782.27,716,719,0,0,9.42,124,25,7020303.88,West,2026-09-30
1002519,50002519,Retail,Mortgage,5304564.45,483,503,0,0,9.61,255,52,4515734.04,West,2026-09-30
1002520,50002520,Retail,Auto Loan,239733.5,622,620,0,0,8.97,69,27,162772.29,East,2026-09-30
1002521,50002521,Retail,Mortgage,3662315.49,705,694,,30,7.98,175,2,4711564.87,South,2026-09-30
1002522,50002522,SME,SME Loan,6286623.49,631,603,0,0,13.5,15,3,,North,2026-09-30
1002523,50002523,Retail,Credit Card,47176.99,727,724,0,15,29.8,54,42,,East,2026-09-30
1002524,50002524,Retail,Personal Loan,641262.19,703,705,0,15,17.52,46,3,,South,2026-09-30
1002525,50002525,Retail,Credit Card,431599.76,576,584,0,15,39.14,35,21,,South,2026-09-30
1002526,50002526,Retail,Mortgage,3318769.39,733,729,0,30,10.4,216,123,4872778.68,Central,2026-09-30
1002527,50002527,Retail,Mortgage,5707443.55,763,767,0,0,8.76,351,164,8135404.92,East,2026-09-30
1002528,50002528,Retail,Credit Card,395041.01,683,651,0,0,26.9,60,51,,West,2026-09-30
1002529,50002529,Retail,Auto Loan,1751168.66,617,591,0,15,11.96,47,36,1882043.78,South,2026-09-30
1002530,50002530,Retail,Auto Loan,1089810.21,776,763,0,0,11.08,53,16,976092.8,South,2026-09-30
1002531,50002531,Retail,Auto Loan,1185619.38,787,796,0,0,11.73,42,20,896778.45,West,2026-09-30
1002532,50002532,Retail,Mortgage,3081965.13,585,560,0,0,7.67,217,105,3735830.24,East,2026-09-30
1002533,50002533,Retail,Auto Loan,2527086.96,785,741,0,0,8.23,33,14,1630356.94,North,2026-09-30
1002534,50002534,Retail,Mortgage,3511172.61,733,742,0,15,9.79,235,173,3661491.45,West,2026-09-30
1002535,50002535,Retail,Credit Card,388727.08,761,780,0,0,27.29,12,5,,North,2026-09-30
1002536,50002536,Retail,Mortgage,5761520.91,714,708,45,60,9.97,178,140,7223711.24,North,2026-09-30
1002537,50002537,SME,SME Loan,9245908.2,623,598,0,0,14.01,88,37,,North,2026-09-30
1002538,50002538,Corporate,Corporate Loan,43756075.09,749,711,0,0,11.97,85,31,,West,2026-09-30
1002539,50002539,Retail,Personal Loan,521800.9,659,707,0,0,14.46,44,38,,West,2026-09-30
1002540,50002540,SME,SME Loan,12817053.07,661,617,30,30,11.01,47,45,,Central,2026-09-30
1002541,50002541,Retail,Auto Loan,2874885.48,772,772,0,0,13.0,36,28,2268315.19,North,2026-09-30
1002542,50002542,SME,Auto Loan,347026.67,677,679,75,105,10.99,56,20,322955.03,Central,2026-09-30
1002543,50002543,Retail,Personal Loan,692677.51,715,708,0,0,13.08,31,10,,South,2026-09-30
1002544,50002544,Retail,Mortgage,2976320.12,762,765,0,30,10.49,187,124,3230904.5,East,2026-09-30
1002545,50002545,Retail,Auto Loan,2854928.2,729,731,0,0,12.81,75,24,3234896.11,North,2026-09-30
1002546,50002546,Retail,Mortgage,9861748.83,624,618,90,60,7.06,323,192,10885524.88,West,2026-09-30
1002547,50002547,Retail,Auto Loan,2276349.05,737,731,0,15,9.49,49,12,2418364.21,West,2026-09-30
1002548,50002548,SME,SME Loan,5912926.09,707,745,0,0,14.49,118,1,,North,2026-09-30
1002549,50002549,Retail,Mortgage,6932640.52,719,706,0,0,9.33,232,21,9027969.39,West,2026-09-30
1002550,50002550,Corporate,Corporate Loan,9436020.5,760,739,0,15,13.77,39,28,,South,2026-09-30
1002551,50002551,SME,Auto Loan,1361574.29,741,753,0,30,12.39,58,14,1581110.18,West,2026-09-30
1002552,50002552,Retail,Mortgage,10528986.16,610,613,0,0,10.06,146,49,14074500.97,West,2026-09-30
1002553,50002553,SME,Auto Loan,1773957.81,687,683,0,0,9.24,58,20,1585819.21,North,2026-09-30
1002554,50002554,Retail,Personal Loan,456002.5,703,698,0,0,18.07,47,14,,East,2026-09-30
1002555,50002555,Retail,Auto Loan,2797536.51,691,694,45,45,10.23,49,10,2865039.48,South,2026-09-30
1002556,50002556,Retail,Credit Card,313143.04,726,708,45,30,36.73,22,17,,West,2026-09-30
1002557,50002557,Retail,Personal Loan,1413586.54,707,704,0,0,14.11,73,6,,West,2026-09-30
1002558,50002558,Retail,Personal Loan,1693402.3,704,708,0,0,11.53,52,47,,West,2026-09-30
1002559,50002559,Retail,Auto Loan,307736.18,627,620,0,0,11.56,54,11,215339.22,Central,2026-09-30
1002560,50002560,SME,SME Loan,4380757.84,603,645,0,30,9.59,89,64,,South,2026-09-30
1002561,50002561,Retail,Credit Card,364908.11,659,660,0,15,36.5,32,3,,North,2026-09-30
1002562,50002562,Retail,Auto Loan,2090608.5,888,862,0,30,10.93,62,39,2242842.55,East,2026-09-30
1002563,50002563,Retail,Mortgage,7533907.07,719,733,0,15,9.49,226,183,7751546.08,Central,2026-09-30
1002564,50002564,Retail,Auto Loan,3301868.5,775,755,0,0,8.01,71,30,3085502.97,West,2026-09-30
1002565,50002565,Retail,Personal Loan,1060045.69,580,600,0,0,16.46,32,9,,West,2026-09-30
1002566,50002566,Retail,Auto Loan,2662851.51,661,660,0,0,13.29,67,3,1661445.88,West,2026-09-30
1002567,50002567,Retail,Mortgage,3782433.85,699,706,0,0,10.1,163,74,4593096.07,West,2026-09-30
1002568,50002568,Retail,Mortgage,1567418.08,680,704,15,30,8.23,131,5,2059559.69,East,2026-09-30
1002569,50002569,Retail,Credit Card,484656.27,647,649,0,30,25.87,25,13,,North,2026-09-30
1002570,50002570,SME,SME Loan,7570313.18,616,632,0,0,15.74,33,19,,West,2026-09-30
1002571,50002571,Retail,Mortgage,666097.04,699,715,0,15,9.55,165,29,816117.59,South,2026-09-30
1002572,50002572,SME,Auto Loan,357084.28,744,761,0,0,8.22,36,11,221016.96,East,2026-09-30
1002573,50002573,Retail,Personal Loan,1878935.51,718,716,0,0,11.77,30,21,,East,2026-09-30
1002574,50002574,Retail,Personal Loan,1910120.59,674,644,0,15,17.38,42,16,,South,2026-09-30
1002575,50002575,Retail,Personal Loan,651505.96,666,692,0,30,10.7,44,5,,South,2026-09-30
1002576,50002576,SME,Mortgage,8254606.36,725,715,0,15,10.02,316,87,11961671.31,West,2026-09-30
1002577,50002577,Retail,Mortgage,7192671.4,667,663,0,30,8.93,338,80,7756122.75,West,2026-09-30
1002578,50002578,Retail,Personal Loan,1835455.7,660,693,0,0,13.51,41,40,,West,2026-09-30
1002579,50002579,Retail,Mortgage,7877619.7,667,650,0,0,9.98,212,201,8781020.37,West,2026-09-30
1002580,50002580,Retail,Credit Card,112414.16,733,708,0,30,27.87,32,30,,West,2026-09-30
1002581,50002581,SME,SME Loan,4699258.78,575,578,15,0,9.35,25,22,,North,2026-09-30
1002582,50002582,Retail,Personal Loan,61069.5,704,715,0,0,10.05,54,47,,South,2026-09-30
1002583,50002583,Retail,Personal Loan,1579319.77,655,639,0,0,19.93,55,40,,North,2026-09-30
1002584,50002584,Retail,Personal Loan,1284970.97,666,681,0,0,19.03,80,53,,East,2026-09-30
1002585,50002585,SME,SME Loan,14323461.14,640,647,0,15,14.66,97,3,,East,2026-09-30
1002586,50002586,Retail,Credit Card,73105.58,761,770,0,15,32.68,56,40,,North,2026-09-30
1002587,50002587,Retail,Auto Loan,2899145.73,795,815,0,0,8.06,34,4,2447627.04,East,2026-09-30
1002588,50002588,Retail,Auto Loan,2588176.31,756,689,0,0,10.07,53,39,2331162.1,West,2026-09-30
1002589,50002589,Retail,Credit Card,191614.81,578,590,0,0,24.66,47,8,,North,2026-09-30
1002590,50002590,SME,SME Loan,11726179.58,720,751,0,0,17.76,93,42,,West,2026-09-30
1002591,50002591,Retail,Credit Card,99954.08,702,682,30,30,33.27,29,19,,South,2026-09-30
1002592,50002592,Retail,Auto Loan,3366944.8,,753,0,0,13.47,45,7,3677507.89,Central,2026-09-30
1002593,50002593,Retail,Credit Card,415009.54,617,618,0,0,25.48,21,6,,South,2026-09-30
1002594,50002594,Retail,Auto Loan,2889497.14,861,870,0,0,10.73,52,4,2730694.01,Central,2026-09-30
1002595,50002595,Retail,Credit Card,495636.13,766,785,0,0,32.41,42,29,,West,2026-09-30
1002596,50002596,Retail,Personal Loan,433913.67,701,730,15,15,18.41,13,7,,South,2026-09-30
1002597,50002597,Retail,Mortgage,9091447.42,723,704,0,0,9.86,276,195,10790340.71,Central,2026-09-30
1002598,50002598,Retail,Credit Card,275034.73,727,750,0,0,30.86,38,37,,East,2026-09-30
1002599,50002599,Retail,Auto Loan,3216474.05,703,661,0,0,12.5,71,2,2410536.12,East,2026-09-30
1002600,50002600,Retail,Personal Loan,901482.25,711,695,0,0,19.26,71,21,,West,2026-09-30
1002601,50002601,Retail,Personal Loan,538105.27,716,714,75,75,12.53,37,36,,South,2026-09-30
1002602,50002602,Retail,Mortgage,2699232.64,762,769,0,0,10.37,349,96,4053458.55,South,2026-09-30
1002603,50002603,Retail,Mortgage,8321902.04,735,740,0,0,7.82,120,2,7664000.74,West,2026-09-30
1002604,50002604,Retail,Personal Loan,1272680.9,762,759,0,0,13.39,42,14,,North,2026-09-30
1002605,50002605,SME,SME Loan,1451754.61,658,632,0,15,13.29,35,6,,South,2026-09-30
1002606,50002606,Retail,Personal Loan,970154.57,715,720,0,30,12.81,29,14,,West,2026-09-30
1002607,50002607,Retail,Personal Loan,1731582.21,705,717,0,0,18.05,31,28,,North,2026-09-30
1002608,50002608,Retail,Auto Loan,1066245.52,650,621,,15,9.05,48,4,1075961.98,Central,2026-09-30
1002609,50002609,Retail,Mortgage,2779982.97,784,778,0,15,7.19,205,44,2690715.46,West,2026-09-30
1002610,50002610,Retail,Auto Loan,2022390.84,669,683,0,0,13.56,50,17,1565399.05,North,2026-09-30
1002611,50002611,SME,SME Loan,8707073.08,859,850,0,0,16.79,76,75,,West,2026-09-30
1002612,50002612,Retail,Personal Loan,1949898.33,752,719,0,0,14.3,56,4,,East,2026-09-30
1002613,50002613,SME,SME Loan,2577429.63,619,631,0,0,16.01,115,9,,West,2026-09-30
1002614,50002614,Retail,Auto Loan,2908948.2,594,603,0,15,9.8,30,9,3058735.18,West,2026-09-30
1002615,50002615,Retail,Auto Loan,1298409.45,785,796,0,0,10.73,32,21,1031685.67,East,2026-09-30
1002616,50002616,Retail,Personal Loan,310840.4,758,788,0,15,12.42,63,37,,South,2026-09-30
1002617,50002617,Retail,Personal Loan,1840175.51,686,687,0,0,18.65,72,18,,East,2026-09-30
1002618,50002618,Retail,Personal Loan,255356.67,648,680,0,0,16.86,22,14,,East,2026-09-30
1002619,50002619,Retail,Auto Loan,800379.03,821,807,0,0,12.65,84,71,937621.1,South,2026-09-30
1002620,50002620,Retail,Personal Loan,1994130.86,760,762,0,0,15.49,43,22,,Central,2026-09-30
1002621,50002621,Retail,Personal Loan,1591977.84,812,790,0,0,11.95,20,6,,North,2026-09-30
1002622,50002622,Retail,Personal Loan,51134.63,710,694,0,0,19.83,36,6,,North,2026-09-30
1002623,50002623,Retail,Mortgage,801894.51,641,670,0,0,7.59,160,130,948632.75,West,2026-09-30
1002624,50002624,Retail,Credit Card,460020.52,883,877,0,0,37.12,37,1,,East,2026-09-30
1002625,50002625,SME,SME Loan,2172070.39,796,766,0,0,11.07,54,49,,West,2026-09-30
1002626,50002626,SME,Auto Loan,2139875.28,739,750,0,0,12.43,38,20,1313735.3,West,2026-09-30
1002627,50002627,Retail,Auto Loan,950828.47,694,674,0,15,13.33,61,58,1027042.22,Central,2026-09-30
1002628,50002628,Retail,Mortgage,3219899.67,821,790,0,0,9.74,352,87,3209448.89,South,2026-09-30
1002629,50002629,Retail,Credit Card,469300.17,699,677,0,15,41.56,53,21,,Central,2026-09-30
1002630,50002630,Retail,Mortgage,8265773.49,617,601,0,0,7.57,236,209,12089699.21,South,2026-09-30
1002631,50002631,Retail,Mortgage,4873153.78,656,689,45,45,9.22,310,70,5438196.46,South,2026-09-30
1002632,50002632,Retail,Mortgage,8698213.96,750,744,0,0,9.46,333,67,11415150.65,Central,2026-09-30
1002633,50002633,SME,SME Loan,9422158.14,723,727,0,0,17.78,45,18,,North,2026-09-30
1002634,50002634,Retail,Personal Loan,938050.92,593,608,0,0,11.83,80,77,,West,2026-09-30
1002635,50002635,Retail,Auto Loan,1743188.47,754,740,0,0,8.8,25,21,1346247.64,West,2026-09-30
1002636,50002636,SME,SME Loan,3882096.48,600,612,0,15,13.05,87,21,,West,2026-09-30
1002637,50002637,Retail,Auto Loan,1548521.2,722,712,0,0,12.12,59,9,1800921.95,South,2026-09-30
1002638,50002638,Retail,Mortgage,7886414.69,670,655,0,0,8.77,201,32,7505442.21,North,2026-09-30
1002639,50002639,Retail,Personal Loan,1580067.62,555,492,0,15,13.69,58,5,,South,2026-09-30
1002640,50002640,Retail,Personal Loan,451939.77,629,637,0,0,13.64,22,5,,East,2026-09-30
1002641,50002641,Retail,Mortgage,2877493.4,649,669,60,60,8.61,152,60,3094102.43,South,2026-09-30
1002642,50002642,SME,SME Loan,8710520.51,686,718,0,30,16.31,20,17,,East,2026-09-30
1002643,50002643,Retail,Mortgage,5667714.1,729,757,0,0,10.45,173,42,6907425.09,South,2026-09-30
1002644,50002644,SME,SME Loan,14109859.94,698,746,0,0,12.95,17,10,,West,2026-09-30
1002645,50002645,Retail,Personal Loan,429098.51,643,595,0,30,13.4,25,6,,Central,2026-09-30
1002646,50002646,SME,SME Loan,7551532.06,645,675,30,30,17.24,54,2,,South,2026-09-30
1002647,50002647,Retail,Personal Loan,1245029.79,687,703,0,0,15.28,40,39,,West,2026-09-30
1002648,50002648,Retail,Personal Loan,1805821.5,707,700,0,15,13.61,81,69,,West,2026-09-30
1002649,50002649,Retail,Personal Loan,1854417.0,624,655,0,0,11.69,23,1,,South,2026-09-30
1002650,50002650,Retail,Personal Loan,1036990.5,631,631,0,0,11.32,81,64,,West,2026-09-30
1002651,50002651,Retail,Credit Card,359398.81,754,760,0,0,32.89,41,39,,North,2026-09-30
1002652,50002652,Retail,Mortgage,1137105.03,719,688,0,0,10.24,328,130,1328040.55,West,2026-09-30
1002653,50002653,Retail,Personal Loan,809940.39,753,779,0,0,10.41,82,11,,North,2026-09-30
1002654,50002654,SME,SME Loan,11669657.74,775,773,0,0,10.37,74,13,,West,2026-09-30
1002655,50002655,Retail,Credit Card,375917.43,819,841,0,0,37.87,21,14,,East,2026-09-30
1002656,50002656,Retail,Auto Loan,795373.98,744,744,0,0,12.89,36,8,727913.82,West,2026-09-30
1002657,50002657,SME,SME Loan,14155646.36,780,777,0,0,11.11,17,9,,West,2026-09-30
1002658,50002658,Retail,Personal Loan,1470134.34,721,765,0,15,10.91,84,49,,East,2026-09-30
1002659,50002659,Retail,Mortgage,2623241.59,808,769,0,0,7.86,257,101,3856642.4,South,2026-09-30
1002660,50002660,Retail,Auto Loan,232741.07,795,761,0,0,9.05,80,74,181184.16,West,2026-09-30
1002661,50002661,SME,SME Loan,11824329.46,676,659,0,0,14.64,118,31,,North,2026-09-30
1002662,50002662,Retail,Mortgage,10204015.52,711,701,0,0,10.19,311,129,11684977.23,East,2026-09-30
1002663,50002663,Corporate,Mortgage,5448392.52,689,668,0,0,7.97,290,233,7660865.3,South,2026-09-30
1002664,50002664,Retail,Auto Loan,2080906.22,594,585,0,15,9.79,82,22,1381070.69,South,2026-09-30
1002665,50002665,Retail,Personal Loan,1389081.83,697,672,0,0,13.19,66,48,,South,2026-09-30
1002666,50002666,Retail,Mortgage,8953517.45,702,665,0,30,9.02,336,247,11316374.92,South,2026-09-30
1002667,50002667,SME,Mortgage,2030598.94,715,742,0,0,8.26,248,187,2327206.44,Central,2026-09-30
1002668,50002668,Retail,Auto Loan,1078303.48,787,754,0,0,8.72,30,18,1116710.96,East,2026-09-30
1002669,50002669,Retail,Personal Loan,1083939.29,879,872,0,15,19.89,69,32,,Central,2026-09-30
1002670,50002670,Retail,Auto Loan,2752609.45,684,703,0,0,13.67,47,41,2835989.81,Central,2026-09-30
1002671,50002671,Retail,Mortgage,6745014.99,614,632,30,30,7.82,235,81,9791931.88,East,2026-09-30
1002672,50002672,SME,SME Loan,9371801.98,668,681,0,0,17.12,22,6,,East,2026-09-30
1002673,50002673,Retail,Mortgage,11626222.55,654,669,0,0,10.31,167,42,14558765.52,South,2026-09-30
1002674,50002674,Retail,Personal Loan,752687.6,642,628,0,0,13.66,39,29,,West,2026-09-30
1002675,50002675,Retail,Mortgage,3173127.82,723,718,0,0,8.16,159,113,2909244.47,West,2026-09-30
1002676,50002676,Retail,Mortgage,5526259.97,785,817,0,0,7.9,134,106,6101509.95,East,2026-09-30
1002677,50002677,Retail,Credit Card,36202.39,762,746,0,0,30.33,29,15,,West,2026-09-30
1002678,50002678,Retail,Credit Card,130816.47,702,720,0,30,37.04,45,41,,West,2026-09-30
1002679,50002679,Retail,Personal Loan,1959071.06,703,695,0,0,13.57,49,36,,North,2026-09-30
1002680,50002680,Retail,Mortgage,1034511.82,826,807,0,15,7.29,240,78,1109417.17,East,2026-09-30
1002681,50002681,SME,SME Loan,1781956.59,700,730,0,0,16.02,26,13,,South,2026-09-30
1002682,50002682,SME,Auto Loan,269102.45,733,763,0,15,12.21,27,15,163671.39,South,2026-09-30
1002683,50002683,Retail,Mortgage,8823683.37,704,715,0,0,9.56,139,66,11873943.01,South,2026-09-30
1002684,50002684,Retail,Mortgage,5463818.23,732,755,0,15,8.96,232,129,5880727.24,West,2026-09-30
1002685,50002685,Retail,Mortgage,10614871.6,708,726,0,0,9.22,129,16,13571553.73,South,2026-09-30
1002686,50002686,Retail,Mortgage,2721238.83,697,659,0,0,9.91,216,196,2841491.02,South,2026-09-30
1002687,50002687,SME,SME Loan,6561047.55,900,885,0,0,16.7,99,21,,West,2026-09-30
1002688,50002688,Retail,Auto Loan,765877.75,597,605,0,15,8.27,32,27,572023.26,West,2026-09-30
1002689,50002689,Retail,Personal Loan,77533.9,820,782,0,0,14.13,72,64,,West,2026-09-30
1002690,50002690,Retail,Credit Card,291365.92,682,662,30,30,27.95,23,23,,Central,2026-09-30
1002691,50002691,Retail,Mortgage,6010788.09,636,622,30,0,10.42,283,25,5288645.78,East,2026-09-30
1002692,50002692,Retail,Auto Loan,2039500.88,,800,0,0,8.68,74,50,1957606.95,Central,2026-09-30
1002693,50002693,Retail,Mortgage,7865801.19,747,766,0,0,9.11,189,98,10946575.35,North,2026-09-30
1002694,50002694,Retail,Mortgage,9796988.88,601,613,0,0,7.23,246,68,11367033.91,East,2026-09-30
1002695,50002695,Retail,Personal Loan,1323466.4,817,782,0,0,15.49,53,45,,South,2026-09-30
1002696,50002696,Retail,Personal Loan,398312.32,731,737,0,0,14.64,19,14,,North,2026-09-30
1002697,50002697,Retail,Personal Loan,1052322.67,745,754,0,30,18.73,61,5,,East,2026-09-30
1002698,50002698,Retail,Auto Loan,2021046.13,577,607,0,30,12.07,83,50,1990050.99,West,2026-09-30
1002699,50002699,SME,SME Loan,14469363.17,723,716,0,15,11.02,36,7,,North,2026-09-30
1002700,50002700,Retail,Mortgage,1712075.12,779,773,0,0,7.21,214,87,2153794.82,East,2026-09-30
1002701,50002701,Retail,Credit Card,417309.69,712,721,0,15,33.27,58,55,,North,2026-09-30
1002702,50002702,Retail,Credit Card,340247.96,596,584,0,0,35.58,22,1,,South,2026-09-30
1002703,50002703,SME,Auto Loan,743300.64,709,729,0,0,12.23,73,63,797566.88,West,2026-09-30
1002704,50002704,Retail,Personal Loan,166665.08,735,763,0,0,12.0,43,8,,West,2026-09-30
1002705,50002705,Retail,Mortgage,695558.76,636,645,0,0,9.81,316,102,883839.37,East,2026-09-30
1002706,50002706,Retail,Personal Loan,1006086.27,644,628,60,60,12.24,49,8,,South,2026-09-30
1002707,50002707,SME,SME Loan,1513268.01,539,581,30,45,10.84,57,10,,East,2026-09-30
1002708,50002708,Retail,Credit Card,381746.35,802,805,120,105,28.11,58,32,,South,2026-09-30
1002709,50002709,Retail,Personal Loan,261759.64,643,630,75,75,12.37,19,6,,North,2026-09-30
1002710,50002710,Retail,Credit Card,219868.94,714,743,0,0,25.1,47,44,,West,2026-09-30
1002711,50002711,Retail,Credit Card,270012.55,756,753,0,0,26.59,44,16,,East,2026-09-30
1002712,50002712,SME,SME Loan,7158679.57,643,629,0,0,17.33,28,22,,North,2026-09-30
1002713,50002713,SME,SME Loan,10819448.74,755,775,0,15,18.0,80,43,,North,2026-09-30
1002714,50002714,Retail,Personal Loan,1911447.06,657,692,45,45,11.44,40,9,,East,2026-09-30
1002715,50002715,Retail,Personal Loan,886880.69,749,732,0,0,12.64,45,24,,Central,2026-09-30
1002716,50002716,Retail,Credit Card,132083.85,590,598,0,0,30.96,24,21,,West,2026-09-30
1002717,50002717,Retail,Auto Loan,221393.44,879,850,0,0,8.82,60,37,215512.26,North,2026-09-30
1002718,50002718,Retail,Auto Loan,2534999.48,758,747,0,0,11.02,71,45,2332572.25,South,2026-09-30
1002719,50002719,Retail,Personal Loan,551709.78,670,679,0,0,10.55,62,2,,South,2026-09-30
1002720,50002720,SME,SME Loan,1929436.83,694,703,0,0,13.09,116,79,,North,2026-09-30
1002721,50002721,Retail,Credit Card,31950.27,663,661,0,15,39.92,56,23,,West,2026-09-30
1002722,50002722,SME,SME Loan,9192977.35,643,653,0,0,17.6,73,14,,East,2026-09-30
1002723,50002723,Retail,Personal Loan,581395.65,618,617,0,30,12.07,22,8,,West,2026-09-30
1002724,50002724,Retail,Personal Loan,337064.75,759,770,0,0,10.16,30,15,,North,2026-09-30
1002725,50002725,Retail,Credit Card,491091.14,681,661,0,0,41.71,18,3,,South,2026-09-30
1002726,50002726,SME,SME Loan,10224960.65,633,628,0,15,11.72,102,3,,South,2026-09-30
1002727,50002727,Retail,Personal Loan,1414028.47,679,704,,60,11.7,36,11,,Central,2026-09-30
1002728,50002728,Retail,Mortgage,6282690.87,800,759,0,30,7.11,230,20,9019476.4,East,2026-09-30
1002729,50002729,Retail,Auto Loan,974052.25,608,570,60,75,8.59,53,41,950252.57,North,2026-09-30
1002730,50002730,Retail,Credit Card,211440.22,606,646,0,15,31.35,46,9,,South,2026-09-30
1002731,50002731,Retail,Personal Loan,895103.17,758,759,0,0,12.29,30,21,,North,2026-09-30
1002732,50002732,Retail,Auto Loan,960588.12,721,726,0,0,10.97,65,37,1000622.59,Central,2026-09-30
1002733,50002733,Retail,Personal Loan,1866061.81,725,722,0,30,12.6,42,3,,South,2026-09-30
1002734,50002734,Retail,Personal Loan,1261723.52,745,720,0,0,13.7,45,32,,West,2026-09-30
1002735,50002735,Retail,Mortgage,11501743.18,,829,0,15,8.5,304,41,10517405.79,Central,2026-09-30
1002736,50002736,Corporate,Corporate Loan,48216337.89,749,724,0,15,11.81,136,7,,West,2026-09-30
1002737,50002737,Retail,Mortgage,10603873.89,691,694,0,0,9.67,204,104,11841326.16,West,2026-09-30
1002738,50002738,Retail,Mortgage,6429354.61,617,605,30,60,9.24,318,290,6798444.45,North,2026-09-30
1002739,50002739,Retail,Mortgage,2514962.75,898,815,0,0,7.39,271,253,3269582.05,East,2026-09-30
1002740,50002740,SME,Mortgage,8921435.19,759,735,0,30,9.21,257,53,8517063.33,Central,2026-09-30
1002741,50002741,Retail,Credit Card,187312.93,652,625,0,0,33.37,59,5,,East,2026-09-30
1002742,50002742,Retail,Auto Loan,1739403.47,608,635,90,105,11.11,61,25,1267372.19,South,2026-09-30
1002743,50002743,Retail,Mortgage,6751270.21,759,770,30,15,8.69,322,43,8209750.28,West,2026-09-30
1002744,50002744,Retail,Mortgage,4563424.2,730,717,0,0,8.17,283,106,3923860.48,West,2026-09-30
1002745,50002745,SME,Auto Loan,3046509.73,628,641,60,30,8.74,75,18,2223996.43,South,2026-09-30
1002746,50002746,Retail,Credit Card,304140.8,649,666,0,0,25.12,52,21,,East,2026-09-30
1002747,50002747,Retail,Personal Loan,1227407.5,688,671,0,0,19.76,66,2,,East,2026-09-30
1002748,50002748,Retail,Personal Loan,1947922.52,721,750,0,0,14.8,37,15,,West,2026-09-30
1002749,50002749,Retail,Mortgage,1901793.47,612,603,0,30,8.46,318,118,2476445.07,South,2026-09-30
1002750,50002750,Retail,Credit Card,296479.64,665,669,0,0,27.52,12,4,,Central,2026-09-30
1002751,50002751,Retail,Mortgage,6652861.07,624,624,30,45,9.66,161,20,8133316.84,South,2026-09-30
1002752,50002752,Retail,Mortgage,9548005.74,679,723,0,0,7.34,185,120,13237283.39,South,2026-09-30
1002753,50002753,Retail,Auto Loan,1426676.28,884,855,0,0,10.23,54,35,1396055.19,North,2026-09-30
1002754,50002754,SME,SME Loan,8646300.51,782,797,,0,14.97,110,69,,East,2026-09-30
1002755,50002755,SME,SME Loan,7010796.08,703,640,30,0,14.54,88,51,,West,2026-09-30
1002756,50002756,Retail,Credit Card,219393.29,566,562,15,15,39.76,17,8,,East,2026-09-30
1002757,50002757,Retail,Personal Loan,1506494.38,695,681,0,0,14.6,58,13,,Central,2026-09-30
1002758,50002758,Retail,Personal Loan,375670.01,657,647,0,15,16.66,62,21,,East,2026-09-30
1002759,50002759,Corporate,Corporate Loan,63236847.7,647,667,0,0,9.82,86,79,,North,2026-09-30
1002760,50002760,Retail,Mortgage,2361897.97,733,720,0,0,7.27,155,58,2739130.4,East,2026-09-30
1002761,50002761,Retail,Credit Card,206742.37,821,817,0,0,30.47,27,7,,West,2026-09-30
1002762,50002762,Retail,Mortgage,8214091.77,690,677,0,0,7.7,206,45,12619302.31,West,2026-09-30
1002763,50002763,Retail,Auto Loan,3364615.14,627,651,0,0,10.32,62,39,,West,2026-09-30
1002764,50002764,Corporate,Corporate Loan,53545194.8,590,600,0,15,12.76,72,41,,North,2026-09-30
1002765,50002765,Corporate,Corporate Loan,5243420.13,900,900,0,0,11.44,34,10,,West,2026-09-30
1002766,50002766,Retail,Credit Card,370988.03,641,646,0,0,38.8,21,8,,West,2026-09-30
1002767,50002767,Retail,Credit Card,71774.15,681,680,75,90,31.2,49,2,,South,2026-09-30
1002768,50002768,Retail,Personal Loan,1297623.03,649,673,0,0,18.6,21,7,,West,2026-09-30
1002769,50002769,SME,SME Loan,8517515.68,702,708,0,0,17.05,68,11,,East,2026-09-30
1002770,50002770,Corporate,Corporate Loan,16166275.42,612,657,30,0,13.83,79,2,,West,2026-09-30
1002771,50002771,SME,Mortgage,3432436.73,743,751,0,30,8.57,198,109,4472222.63,West,2026-09-30
1002772,50002772,Retail,Mortgage,4553304.02,704,683,0,0,8.02,334,17,4782957.47,South,2026-09-30
1002773,50002773,Retail,Personal Loan,1465219.45,713,749,0,0,16.58,14,4,,West,2026-09-30
1002774,50002774,Corporate,Corporate Loan,71836368.7,777,762,0,15,8.81,119,20,,North,2026-09-30
1002775,50002775,Retail,Personal Loan,67163.51,687,730,0,30,16.11,52,38,,West,2026-09-30
1002776,50002776,Retail,Credit Card,20400.9,708,701,60,30,32.3,25,18,,North,2026-09-30
1002777,50002777,Retail,Mortgage,3549154.36,714,720,0,30,8.24,123,9,3930211.5,South,2026-09-30
1002778,50002778,Retail,Credit Card,43737.32,535,512,0,30,33.74,44,43,,North,2026-09-30
1002779,50002779,SME,Auto Loan,269908.43,816,803,0,0,9.74,72,51,191917.55,North,2026-09-30
1002780,50002780,Corporate,Corporate Loan,53307231.58,590,616,90,90,9.77,27,2,,West,2026-09-30
1002781,50002781,Retail,Personal Loan,304171.18,759,724,0,0,12.15,18,2,,West,2026-09-30
1002782,50002782,SME,Auto Loan,1403989.76,638,640,0,0,8.51,70,55,1115090.72,Central,2026-09-30
1002783,50002783,Corporate,Corporate Loan,23658119.23,748,761,0,0,8.76,44,12,,West,2026-09-30
1002784,50002784,Retail,Credit Card,205969.55,692,692,0,30,40.49,12,5,,East,2026-09-30
1002785,50002785,Retail,Mortgage,3278186.37,684,704,0,0,9.69,351,141,4888181.83,South,2026-09-30
1002786,50002786,Retail,Auto Loan,645732.96,592,618,45,60,13.01,33,24,471677.32,North,2026-09-30
1002787,50002787,Retail,Mortgage,4484379.47,628,674,0,0,9.48,246,147,5996763.96,North,2026-09-30
1002788,50002788,Retail,Auto Loan,1993887.69,646,631,45,75,13.4,27,1,1572016.21,West,2026-09-30
1002789,50002789,Retail,Credit Card,169156.89,691,705,15,45,24.86,48,10,,North,2026-09-30
1002790,50002790,Retail,Personal Loan,1560271.0,706,707,0,15,17.75,37,23,,East,2026-09-30
1002791,50002791,Retail,Personal Loan,437630.95,722,735,0,0,19.6,71,21,,North,2026-09-30
1002792,50002792,SME,SME Loan,6073939.08,711,720,0,0,12.54,26,15,,East,2026-09-30
1002793,50002793,SME,SME Loan,397836.02,727,742,0,0,12.24,113,96,,South,2026-09-30
1002794,50002794,Retail,Personal Loan,190767.09,544,515,0,0,12.69,45,38,,South,2026-09-30
1002795,50002795,SME,SME Loan,5091506.66,693,669,0,15,17.35,101,66,,Central,2026-09-30
1002796,50002796,Retail,Mortgage,865244.24,741,752,0,0,8.15,196,64,1269304.83,East,2026-09-30
1002797,50002797,Retail,Credit Card,167667.61,686,706,0,30,33.59,36,36,,North,2026-09-30
1002798,50002798,Retail,Mortgage,1796496.1,754,736,0,0,7.3,324,323,1535837.33,North,2026-09-30
1002799,50002799,Retail,Credit Card,390473.94,671,665,0,0,35.61,29,7,,West,2026-09-30
1002800,50002800,SME,SME Loan,12636533.23,630,631,0,0,10.26,83,25,,West,2026-09-30
1002801,50002801,Retail,Mortgage,10896217.95,534,530,60,75,9.4,276,218,11451431.11,South,2026-09-30
1002802,50002802,Retail,Credit Card,68820.48,726,727,0,30,32.61,60,27,,East,2026-09-30
1002803,50002803,Retail,Credit Card,494292.52,670,675,0,0,25.01,33,16,,West,2026-09-30
1002804,50002804,Corporate,Corporate Loan,39229035.51,843,843,0,0,8.77,122,115,,West,2026-09-30
1002805,50002805,Retail,Mortgage,10495304.44,557,568,0,15,10.29,354,155,9008727.64,East,2026-09-30
1002806,50002806,Retail,Mortgage,6054632.66,646,647,0,0,7.29,359,74,7811677.86,East,2026-09-30
1002807,50002807,Retail,Mortgage,1476565.68,714,701,0,15,8.5,328,284,1352871.63,North,2026-09-30
1002808,50002808,SME,SME Loan,7639933.61,615,594,120,105,16.85,110,34,,South,2026-09-30
1002809,50002809,SME,SME Loan,6787287.68,506,512,15,15,13.21,77,35,,South,2026-09-30
1002810,50002810,SME,Mortgage,1429796.9,667,678,0,0,8.53,180,85,1537228.8,South,2026-09-30
1002811,50002811,Retail,Mortgage,1156220.88,695,676,30,15,8.4,313,312,1314189.65,East,2026-09-30
1002812,50002812,SME,Mortgage,2832639.61,598,578,0,30,7.5,289,158,3583733.31,South,2026-09-30
1002813,50002813,Retail,Auto Loan,2942434.64,633,624,0,0,12.19,56,2,2561283.6,South,2026-09-30
1002814,50002814,Retail,Credit Card,384606.07,734,702,0,0,39.78,33,15,,North,2026-09-30
1002815,50002815,SME,Auto Loan,1574072.98,582,567,15,45,9.88,30,16,1622928.85,South,2026-09-30
1002816,50002816,Retail,Mortgage,5180522.95,759,747,0,0,10.08,282,86,4611197.36,West,2026-09-30
1002817,50002817,SME,Mortgage,4536848.66,700,716,0,0,8.82,172,10,4930826.64,North,2026-09-30
1002818,50002818,Corporate,Corporate Loan,16154803.11,578,579,0,15,10.84,152,25,,North,2026-09-30
1002819,50002819,SME,SME Loan,6722330.94,680,687,0,15,16.66,44,44,,East,2026-09-30
1002820,50002820,Retail,Auto Loan,2759702.12,639,625,30,60,10.94,75,63,2144218.26,North,2026-09-30
1002821,50002821,Retail,Auto Loan,466814.61,578,570,45,30,11.55,43,33,558868.18,North,2026-09-30
1002822,50002822,Retail,Credit Card,161014.53,707,725,0,0,31.85,30,29,,East,2026-09-30
1002823,50002823,Retail,Auto Loan,2461310.4,661,647,0,15,8.17,75,41,1783991.5,South,2026-09-30
1002824,50002824,Retail,Auto Loan,351113.38,796,814,0,0,10.0,40,31,342174.77,East,2026-09-30
1002825,50002825,Retail,Mortgage,9047345.55,798,760,0,0,9.09,191,130,10170584.9,South,2026-09-30
1002826,50002826,SME,SME Loan,4012643.44,729,702,0,30,14.65,40,32,,North,2026-09-30
1002827,50002827,Retail,Personal Loan,538211.29,540,539,0,0,18.83,50,48,,South,2026-09-30
1002828,50002828,Retail,Personal Loan,1149129.51,843,822,0,0,16.09,14,13,,East,2026-09-30
1002829,50002829,Retail,Mortgage,5334105.84,628,628,15,0,8.93,271,168,7479286.37,South,2026-09-30
1002830,50002830,Retail,Credit Card,156992.76,749,774,0,0,38.08,42,12,,South,2026-09-30
1002831,50002831,Retail,Mortgage,5059687.72,644,619,0,30,9.25,158,144,5277637.6,East,2026-09-30
1002832,50002832,Retail,Auto Loan,2950000.24,741,767,0,30,12.54,33,8,2360416.21,North,2026-09-30
1002833,50002833,SME,SME Loan,13596795.55,590,618,60,60,15.42,76,13,,East,2026-09-30
1002834,50002834,Retail,Mortgage,2720928.67,721,705,0,0,7.26,169,10,3871522.64,North,2026-09-30
1002835,50002835,Retail,Mortgage,2252189.05,859,847,0,0,7.35,230,38,3029452.41,West,2026-09-30
1002836,50002836,Retail,Credit Card,385250.05,649,646,0,0,38.82,45,19,,West,2026-09-30
1002837,50002837,Retail,Credit Card,161230.12,675,704,0,0,38.45,23,5,,North,2026-09-30
1002838,50002838,SME,SME Loan,3864286.57,638,656,0,0,13.1,100,24,,West,2026-09-30
1002839,50002839,Corporate,Corporate Loan,14854210.13,618,619,0,30,11.5,130,125,,East,2026-09-30
1002840,50002840,Retail,Auto Loan,3278886.55,619,629,75,75,11.88,76,2,3537921.86,North,2026-09-30
1002841,50002841,Retail,Credit Card,223781.6,634,631,0,30,40.34,57,18,,West,2026-09-30
1002842,50002842,SME,SME Loan,2361054.08,788,721,0,0,16.66,75,36,,East,2026-09-30
1002843,50002843,Retail,Personal Loan,83015.47,558,568,45,60,15.22,49,46,,West,2026-09-30
1002844,50002844,Retail,Auto Loan,1562999.03,740,762,0,0,12.38,41,27,1245235.21,West,2026-09-30
1002845,50002845,Retail,Auto Loan,3318705.31,738,713,0,0,12.77,77,9,2139658.87,North,2026-09-30
1002846,50002846,Retail,Auto Loan,1188190.58,900,891,0,30,11.16,70,11,1141910.92,West,2026-09-30
1002847,50002847,Retail,Personal Loan,1312746.19,579,576,0,15,19.53,76,21,,North,2026-09-30
1002848,50002848,Retail,Mortgage,8654451.24,701,677,0,30,7.2,225,89,13254803.63,West,2026-09-30
1002849,50002849,Corporate,Corporate Loan,28253045.73,674,681,0,0,13.81,82,63,,East,2026-09-30
1002850,50002850,Retail,Mortgage,8846526.89,583,601,0,0,7.93,292,249,9746295.31,North,2026-09-30
1002851,50002851,Corporate,Corporate Loan,50365388.72,758,768,0,0,11.02,80,72,,West,2026-09-30
1002852,50002852,Retail,Personal Loan,679731.75,656,654,0,0,18.05,47,38,,South,2026-09-30
1002853,50002853,Retail,Personal Loan,139709.31,642,637,0,0,16.01,32,6,,West,2026-09-30
1002854,50002854,Retail,Mortgage,9876399.77,756,789,0,0,7.34,284,156,15281957.49,South,2026-09-30
1002855,50002855,Retail,Personal Loan,1729421.38,696,707,0,30,18.73,67,18,,North,2026-09-30
1002856,50002856,Retail,Personal Loan,964799.8,706,690,0,0,12.35,23,3,,South,2026-09-30
1002857,50002857,Retail,Auto Loan,488002.01,645,648,30,30,9.66,79,34,354551.93,South,2026-09-30
1002858,50002858,Retail,Mortgage,4311542.1,622,640,0,15,9.5,179,2,4577865.56,West,2026-09-30
1002859,50002859,SME,SME Loan,12871694.21,629,653,0,15,15.77,17,8,,North,2026-09-30
1002860,50002860,Retail,Auto Loan,2477231.46,760,759,60,60,9.94,65,58,1981094.18,West,2026-09-30
1002861,50002861,Retail,Auto Loan,1088769.3,601,600,0,0,11.58,48,38,1279849.2,Central,2026-09-30
1002862,50002862,Retail,Auto Loan,3098088.65,688,686,0,15,9.66,77,49,2851536.71,North,2026-09-30
1002863,50002863,Retail,Mortgage,8650496.55,595,601,0,30,8.02,349,19,10156816.61,South,2026-09-30
1002864,50002864,Retail,Personal Loan,945841.16,681,669,0,0,14.22,28,6,,West,2026-09-30
1002865,50002865,Retail,Mortgage,11341605.58,624,661,0,0,10.26,200,60,16573097.71,East,2026-09-30
1002866,50002866,Retail,Personal Loan,460350.73,677,669,0,0,17.37,49,15,,Central,2026-09-30
1002867,50002867,Retail,Personal Loan,1275100.54,698,698,30,30,17.14,22,19,,Central,2026-09-30
1002868,50002868,Retail,Credit Card,48246.89,672,695,90,75,25.7,57,30,,East,2026-09-30
1002869,50002869,SME,SME Loan,6609875.94,589,573,0,0,14.91,61,46,,South,2026-09-30
1002870,50002870,Retail,Credit Card,237211.53,687,679,0,15,28.13,25,14,,West,2026-09-30
1002871,50002871,Retail,Auto Loan,407930.32,693,689,0,0,13.13,54,4,326192.01,Central,2026-09-30
1002872,50002872,Retail,Auto Loan,794829.09,728,732,0,15,12.19,82,49,671934.45,North,2026-09-30
1002873,50002873,Retail,Personal Loan,1420404.88,650,659,0,0,12.18,67,66,,West,2026-09-30
1002874,50002874,SME,SME Loan,4807456.92,648,669,0,30,14.21,102,11,,Central,2026-09-30
1002875,50002875,Retail,Mortgage,5072710.49,708,728,0,15,7.48,192,97,5999799.12,East,2026-09-30
1002876,50002876,Retail,Auto Loan,1590508.78,686,678,0,0,11.7,38,33,1177254.94,East,2026-09-30
1002877,50002877,Retail,Personal Loan,936317.0,623,660,0,0,15.96,62,46,,South,2026-09-30
1002878,50002878,Retail,Personal Loan,111924.37,723,714,0,0,14.21,33,10,,East,2026-09-30
1002879,50002879,Retail,Personal Loan,679460.9,871,847,0,30,10.44,49,17,,South,2026-09-30
1002880,50002880,Retail,Personal Loan,1493900.73,745,745,0,0,19.52,63,52,,West,2026-09-30
1002881,50002881,SME,SME Loan,13899534.41,737,776,0,0,10.53,86,78,,West,2026-09-30
1002882,50002882,Retail,Mortgage,11416884.33,725,720,0,0,7.78,220,42,16765214.8,West,2026-09-30
1002883,50002883,SME,SME Loan,11787282.15,633,623,120,120,9.99,113,36,,North,2026-09-30
1002884,50002884,Retail,Personal Loan,960899.81,707,685,0,0,13.35,13,2,,West,2026-09-30
1002885,50002885,Retail,Mortgage,10834842.12,732,724,0,15,8.83,234,108,14521151.1,West,2026-09-30
1002886,50002886,Retail,Credit Card,420226.79,586,602,0,0,35.52,45,30,,East,2026-09-30
1002887,50002887,SME,SME Loan,3691200.62,775,792,0,15,17.57,66,42,,North,2026-09-30
1002888,50002888,Retail,Personal Loan,300662.02,757,741,0,0,15.27,33,6,,South,2026-09-30
1002889,50002889,Retail,Auto Loan,2856316.51,676,656,15,15,9.77,29,2,3146085.44,West,2026-09-30
1002890,50002890,Corporate,Mortgage,8127206.22,721,741,0,0,8.09,293,246,8024512.93,North,2026-09-30
1002891,50002891,Corporate,Corporate Loan,10448066.36,698,738,45,45,8.69,64,17,,West,2026-09-30
1002892,50002892,Retail,Mortgage,1154278.53,766,753,0,0,7.96,229,58,1762578.06,South,2026-09-30
1002893,50002893,SME,Auto Loan,2289921.83,603,609,0,0,13.06,57,17,2709326.94,West,2026-09-30
1002894,50002894,SME,SME Loan,922699.26,723,709,0,30,11.0,12,2,,West,2026-09-30
1002895,50002895,Retail,Personal Loan,802331.79,767,735,0,0,10.9,60,5,,Central,2026-09-30
1002896,50002896,Retail,Mortgage,9602219.88,695,691,0,0,7.58,254,223,9296471.3,North,2026-09-30
1002897,50002897,SME,Mortgage,1190109.85,744,753,0,15,8.46,322,117,1345594.72,South,2026-09-30
1002898,50002898,Retail,Auto Loan,716999.37,718,751,0,30,11.66,47,23,683712.62,East,2026-09-30
1002899,50002899,Retail,Mortgage,1840828.05,740,748,0,15,9.14,342,281,1666166.13,West,2026-09-30
1002900,50002900,Corporate,Corporate Loan,24407840.68,762,769,0,0,11.65,81,45,,Central,2026-09-30
1002901,50002901,Retail,Auto Loan,3334376.55,805,793,0,0,11.98,51,2,3771225.59,South,2026-09-30
1002902,50002902,Retail,Credit Card,457733.71,681,655,0,0,36.05,22,2,,South,2026-09-30
1002903,50002903,Retail,Auto Loan,2503677.33,688,694,0,0,13.85,41,10,2669378.57,West,2026-09-30
1002904,50002904,Retail,Personal Loan,604438.51,631,615,0,0,16.33,55,36,,Central,2026-09-30
1002905,50002905,Retail,Credit Card,74795.29,686,727,0,30,34.55,12,11,,South,2026-09-30
1002906,50002906,Retail,Auto Loan,1004900.48,741,730,15,0,12.74,53,19,717210.45,North,2026-09-30
1002907,50002907,SME,SME Loan,11992611.73,651,642,0,0,11.87,14,6,,North,2026-09-30
1002908,50002908,Retail,Auto Loan,794951.85,628,632,45,45,8.8,61,1,603013.25,South,2026-09-30
1002909,50002909,SME,Auto Loan,1886020.83,617,643,0,0,13.15,52,33,1433500.7,West,2026-09-30
1002910,50002910,Retail,Auto Loan,540638.42,680,641,0,0,9.96,33,7,485068.63,North,2026-09-30
1002911,50002911,SME,SME Loan,13161075.52,751,793,30,30,13.05,33,8,,West,2026-09-30
1002912,50002912,Retail,Mortgage,8720730.09,602,599,60,45,8.17,254,89,7766606.4,North,2026-09-30
1002913,50002913,SME,SME Loan,477233.83,541,556,120,150,16.19,64,4,,North,2026-09-30
1002914,50002914,SME,SME Loan,4930267.39,745,733,0,0,9.98,55,37,,North,2026-09-30
1002915,50002915,Retail,Mortgage,4437802.06,641,651,0,15,9.2,286,112,3876719.47,South,2026-09-30
1002916,50002916,Retail,Mortgage,3653352.63,768,748,0,0,8.16,147,15,3459540.84,South,2026-09-30
1002917,50002917,Retail,Credit Card,134338.58,724,724,0,0,34.99,14,4,,East,2026-09-30
1002918,50002918,Retail,Mortgage,2510794.84,710,656,0,15,9.01,231,46,2466455.6,Central,2026-09-30
1002919,50002919,Retail,Auto Loan,1183125.73,685,685,0,0,8.92,52,46,1162843.16,East,2026-09-30
1002920,50002920,SME,SME Loan,1507955.75,731,715,0,0,16.74,52,20,,North,2026-09-30
1002921,50002921,SME,SME Loan,7042636.69,736,721,0,0,10.13,42,36,,Central,2026-09-30
1002922,50002922,Retail,Mortgage,9609924.36,804,790,0,0,9.04,327,304,12973750.29,West,2026-09-30
1002923,50002923,SME,SME Loan,8707692.49,753,741,0,0,11.06,61,34,,Central,2026-09-30
1002924,50002924,Retail,Personal Loan,1733763.92,553,547,60,75,19.4,68,4,,North,2026-09-30
1002925,50002925,Retail,Personal Loan,1853321.26,527,538,15,15,19.13,43,9,,South,2026-09-30
1002926,50002926,SME,SME Loan,11534321.45,533,562,0,0,10.33,48,24,,South,2026-09-30
1002927,50002927,Retail,Personal Loan,77830.82,594,602,45,45,16.28,58,4,,South,2026-09-30
1002928,50002928,Retail,Mortgage,1699353.78,616,594,0,15,8.01,267,100,1929172.33,East,2026-09-30
1002929,50002929,Retail,Credit Card,308732.99,610,640,0,0,40.03,48,29,,North,2026-09-30
1002930,50002930,Retail,Mortgage,606033.91,645,685,15,15,7.47,199,153,708968.04,North,2026-09-30
1002931,50002931,Retail,Mortgage,9432516.27,624,630,0,0,8.77,139,96,10982047.62,Central,2026-09-30
1002932,50002932,Retail,Personal Loan,222215.2,717,743,0,0,19.78,66,31,,West,2026-09-30
1002933,50002933,Retail,Credit Card,172319.58,687,709,0,0,24.01,23,20,,East,2026-09-30
1002934,50002934,SME,SME Loan,7703521.06,732,727,0,0,11.08,71,13,,West,2026-09-30
1002935,50002935,Retail,Personal Loan,499433.91,728,712,0,15,14.64,38,36,,West,2026-09-30
1002936,50002936,Retail,Mortgage,4274312.19,799,790,180,150,10.42,121,16,5030783.68,South,2026-09-30
1002937,50002937,Retail,Personal Loan,1350521.19,579,565,15,0,10.58,59,51,,West,2026-09-30
1002938,50002938,SME,SME Loan,11647224.64,755,747,0,0,9.87,43,37,,West,2026-09-30
1002939,50002939,Retail,Personal Loan,346271.27,711,726,0,0,19.21,55,6,,East,2026-09-30
1002940,50002940,Corporate,Corporate Loan,39381794.62,757,783,0,15,11.13,68,36,,North,2026-09-30
1002941,50002941,SME,SME Loan,2214210.59,787,768,0,0,9.18,87,7,,West,2026-09-30
1002942,50002942,Retail,Personal Loan,591316.0,746,711,0,0,19.09,46,4,,West,2026-09-30
1002943,50002943,SME,Mortgage,9310982.77,727,692,0,0,8.44,252,58,9922473.04,Central,2026-09-30
1002944,50002944,Retail,Mortgage,1902165.22,697,673,0,15,9.42,134,104,2246975.51,Central,2026-09-30
1002945,50002945,Retail,Mortgage,9279699.37,765,729,0,0,8.67,215,11,11165455.74,Central,2026-09-30
1002946,50002946,Retail,Personal Loan,892164.22,700,726,0,15,19.81,71,44,,Central,2026-09-30
1002947,50002947,Retail,Auto Loan,2566169.32,712,676,0,15,13.6,35,18,2920153.87,West,2026-09-30
1002948,50002948,Retail,Mortgage,9354140.03,719,733,0,0,7.2,139,74,11998557.32,West,2026-09-30
1002949,50002949,Retail,Personal Loan,106728.63,674,654,,0,18.73,45,31,,North,2026-09-30
1002950,50002950,SME,SME Loan,2010678.64,827,810,0,0,17.26,67,1,,North,2026-09-30
1002951,50002951,Retail,Credit Card,37430.48,666,689,0,0,27.29,57,46,,South,2026-09-30
1002952,50002952,Retail,Credit Card,477890.9,621,637,0,0,30.23,46,22,,East,2026-09-30
1002953,50002953,SME,Auto Loan,1059789.89,771,751,0,0,8.52,65,32,891306.94,West,2026-09-30
1002954,50002954,Retail,Auto Loan,2071368.56,714,736,0,0,12.67,74,30,2094207.35,West,2026-09-30
1002955,50002955,Retail,Auto Loan,692102.86,803,809,0,0,12.09,45,7,683345.07,West,2026-09-30
1002956,50002956,Retail,Mortgage,8355530.36,597,605,0,0,9.3,349,152,10554840.14,South,2026-09-30
1002957,50002957,Retail,Personal Loan,1392730.64,589,619,0,0,12.06,73,48,,Central,2026-09-30
1002958,50002958,Retail,Auto Loan,2204040.82,708,704,0,0,13.62,42,24,2385792.29,West,2026-09-30
1002959,50002959,Retail,Personal Loan,1112730.88,752,752,0,0,17.74,35,3,,West,2026-09-30
1002960,50002960,Retail,Auto Loan,3043148.31,595,598,45,45,11.34,35,7,2331350.71,East,2026-09-30
1002961,50002961,Retail,Auto Loan,423791.15,719,738,0,15,11.94,29,14,397470.82,Central,2026-09-30
1002962,50002962,Retail,Mortgage,2533083.9,615,628,0,0,9.12,226,59,3424602.43,East,2026-09-30
1002963,50002963,Retail,Credit Card,12092.44,671,665,45,75,27.22,21,10,,West,2026-09-30
1002964,50002964,Retail,Personal Loan,747714.38,801,787,0,0,15.55,69,20,,North,2026-09-30
1002965,50002965,Retail,Auto Loan,1116529.14,704,708,0,0,8.75,68,20,1189970.6,West,2026-09-30
1002966,50002966,Retail,Mortgage,2561306.39,709,684,0,0,7.41,127,57,3801861.79,West,2026-09-30
1002967,50002967,Retail,Credit Card,423950.15,867,850,0,30,26.22,27,17,,East,2026-09-30
1002968,50002968,Retail,Personal Loan,1462535.71,743,760,0,0,12.73,67,45,,West,2026-09-30
1002969,50002969,SME,SME Loan,13977021.96,682,670,0,15,10.42,68,38,,South,2026-09-30
1002970,50002970,Retail,Credit Card,437274.05,709,712,0,0,38.77,13,2,,North,2026-09-30
1002971,50002971,SME,SME Loan,7407220.64,578,566,0,0,10.72,74,27,,South,2026-09-30
1002972,50002972,Retail,Credit Card,364660.21,617,626,0,0,38.16,47,22,,West,2026-09-30
1002973,50002973,Retail,Personal Loan,1461776.41,700,714,0,0,14.86,71,15,,West,2026-09-30
1002974,50002974,Retail,Personal Loan,204176.13,751,757,0,0,16.94,55,24,,Central,2026-09-30
1002975,50002975,Retail,Auto Loan,2823101.38,865,869,0,0,11.88,82,59,1740216.05,North,2026-09-30
1002976,50002976,SME,SME Loan,7686441.38,756,749,0,0,10.11,13,3,,South,2026-09-30
1002977,50002977,Retail,Personal Loan,1942622.28,706,682,0,0,12.37,26,5,,Central,2026-09-30
1002978,50002978,SME,SME Loan,12825770.0,758,740,0,15,13.72,32,15,,South,2026-09-30
1002979,50002979,Retail,Mortgage,4479840.17,613,628,0,15,7.54,232,102,4259632.98,East,2026-09-30
1002980,50002980,Retail,Auto Loan,663259.23,652,624,45,45,8.3,26,11,731609.87,North,2026-09-30
1002981,50002981,Retail,Personal Loan,1156321.61,718,721,0,0,17.1,29,17,,East,2026-09-30
1002982,50002982,SME,SME Loan,9586612.99,705,692,0,15,9.34,72,41,,West,2026-09-30
1002983,50002983,Retail,Credit Card,39039.15,655,665,0,0,40.73,49,49,,Central,2026-09-30
1002984,50002984,Retail,Mortgage,8558669.83,629,613,0,0,7.27,331,198,10226210.51,South,2026-09-30
1002985,50002985,Corporate,Corporate Loan,4948659.86,655,649,0,0,8.62,37,31,,West,2026-09-30
1002986,50002986,SME,SME Loan,2096884.23,720,745,0,0,10.54,29,14,,East,2026-09-30
1002987,50002987,Retail,Credit Card,17342.88,493,509,0,0,37.79,44,37,,East,2026-09-30
1002988,50002988,Retail,Personal Loan,436144.64,684,698,0,0,15.37,59,34,,East,2026-09-30
1002989,50002989,Retail,Credit Card,385079.95,801,793,0,0,38.04,60,60,,South,2026-09-30
1002990,50002990,Retail,Auto Loan,2682245.43,644,635,0,15,13.95,84,56,2789732.23,South,2026-09-30
1002991,50002991,Retail,Auto Loan,923571.45,661,647,0,0,11.61,70,60,732519.0,West,2026-09-30
1002992,50002992,Retail,Auto Loan,2116392.59,725,698,0,0,12.05,32,21,2088410.73,North,2026-09-30
1002993,50002993,Retail,Mortgage,2763648.96,754,778,0,30,8.87,246,7,3348990.51,South,2026-09-30
1002994,50002994,SME,SME Loan,8570731.01,596,607,0,0,15.78,56,7,,East,2026-09-30
1002995,50002995,Retail,Personal Loan,1199165.05,710,719,0,30,18.75,15,13,,West,2026-09-30
1002996,50002996,Retail,Credit Card,236161.49,680,687,0,0,25.79,37,8,,Central,2026-09-30
1002997,50002997,Retail,Mortgage,2598743.56,642,655,0,0,8.07,295,197,3009103.91,South,2026-09-30
1002998,50002998,Retail,Mortgage,3922964.32,726,743,0,0,10.04,140,48,5818492.64,West,2026-09-30
1002999,50002999,Retail,Personal Loan,1808060.51,641,613,0,0,17.84,61,37,,West,2026-09-30
1003000,50003000,SME,SME Loan,12349664.2,714,709,0,0,13.2,64,57,,North,2026-09-30
1003001,50003001,Retail,Mortgage,1889119.93,757,762,0,0,10.25,302,195,1628255.54,North,2026-09-30
1003002,50003002,Retail,Personal Loan,948370.33,642,602,0,15,11.98,48,17,,West,2026-09-30
1003003,50003003,Retail,Mortgage,10992574.92,615,610,45,45,9.12,173,91,14046216.85,West,2026-09-30
1003004,50003004,Retail,Mortgage,8347691.88,724,747,0,0,8.94,242,4,12790159.53,North,2026-09-30
1003005,50003005,Retail,Credit Card,292169.65,760,702,0,0,27.2,33,24,,South,2026-09-30
1003006,50003006,Retail,Mortgage,5400527.09,584,597,0,0,10.03,301,101,4923298.28,West,2026-09-30
1003007,50003007,Retail,Mortgage,8852278.66,826,807,30,30,9.51,224,190,9509591.56,South,2026-09-30
1003008,50003008,Retail,Mortgage,3656727.78,683,654,0,0,9.95,299,284,4666891.68,West,2026-09-30
1003009,50003009,Retail,Personal Loan,919254.95,763,780,0,15,18.28,26,21,,Central,2026-09-30
1003010,50003010,Retail,Mortgage,5564960.72,541,553,0,0,8.53,332,142,5367578.07,West,2026-09-30
1003011,50003011,Retail,Auto Loan,407918.87,609,621,0,0,11.29,54,28,346964.85,East,2026-09-30
1003012,50003012,Retail,Credit Card,238079.3,602,584,0,0,25.91,15,8,,East,2026-09-30
1003013,50003013,Corporate,Corporate Loan,64547171.88,744,747,0,0,11.7,155,107,,South,2026-09-30
1003014,50003014,Retail,Auto Loan,1775956.55,845,835,0,0,10.2,53,16,1103547.88,West,2026-09-30
1003015,50003015,Retail,Personal Loan,1211766.72,715,756,0,0,19.1,56,45,,East,2026-09-30
1003016,50003016,Retail,Personal Loan,1338547.49,599,604,0,0,15.1,27,20,,Central,2026-09-30
1003017,50003017,Retail,Auto Loan,1766802.92,792,762,0,0,8.84,52,17,1501535.54,West,2026-09-30
1003018,50003018,SME,SME Loan,11076902.94,781,774,0,30,10.12,23,6,,South,2026-09-30
1003019,50003019,Retail,Mortgage,9059035.85,710,697,0,0,8.07,230,17,8788949.21,North,2026-09-30
1003020,50003020,SME,SME Loan,975628.31,662,685,0,0,11.4,50,17,,North,2026-09-30
1003021,50003021,SME,SME Loan,7598613.86,758,771,0,0,16.08,56,10,,West,2026-09-30
1003022,50003022,Retail,Personal Loan,428591.35,665,724,0,0,12.64,74,31,,North,2026-09-30
1003023,50003023,Retail,Auto Loan,2509533.2,805,813,0,15,8.71,28,16,1844119.02,West,2026-09-30
1003024,50003024,Retail,Personal Loan,1142829.26,783,780,0,0,14.55,82,40,,West,2026-09-30
1003025,50003025,Retail,Mortgage,10406215.32,650,669,0,15,8.39,304,151,11641041.05,North,2026-09-30
1003026,50003026,Retail,Mortgage,7425490.44,679,725,0,0,8.09,306,288,7084685.84,East,2026-09-30
1003027,50003027,Retail,Mortgage,9388968.37,658,684,180,180,7.88,278,276,10863822.82,North,2026-09-30
1003028,50003028,Retail,Mortgage,8931601.42,705,696,0,0,9.82,123,22,11881449.68,East,2026-09-30
1003029,50003029,Retail,Mortgage,2119423.93,695,746,90,75,8.15,334,320,3240878.78,South,2026-09-30
1003030,50003030,Retail,Auto Loan,393759.1,758,745,0,0,13.0,37,29,327052.99,West,2026-09-30
1003031,50003031,SME,SME Loan,5013308.66,678,695,0,15,14.34,61,37,,South,2026-09-30
1003032,50003032,Retail,Credit Card,265027.22,716,657,0,0,36.8,27,24,,North,2026-09-30
1003033,50003033,Retail,Mortgage,8561652.77,727,716,0,0,8.25,227,23,8294330.13,East,2026-09-30
1003034,50003034,Retail,Mortgage,1859424.52,737,713,0,0,8.56,121,55,1915149.39,East,2026-09-30
1003035,50003035,Retail,Auto Loan,774818.03,603,606,0,30,10.76,68,65,821067.19,North,2026-09-30
1003036,50003036,Retail,Auto Loan,2009415.32,570,622,30,15,8.5,72,52,1220865.75,Central,2026-09-30
1003037,50003037,Retail,Credit Card,436651.43,726,753,0,0,28.09,38,19,,West,2026-09-30
1003038,50003038,Retail,Mortgage,705462.6,715,749,60,45,8.97,323,317,923228.03,North,2026-09-30
1003039,50003039,Retail,Personal Loan,942193.47,725,728,0,0,10.22,68,48,,South,2026-09-30
1003040,50003040,Retail,Mortgage,11374956.88,764,785,0,0,8.41,272,26,10059348.05,West,2026-09-30
1003041,50003041,Retail,Personal Loan,1325826.16,830,811,0,0,12.28,26,23,,East,2026-09-30
1003042,50003042,Retail,Personal Loan,1227381.35,625,650,0,0,16.67,83,73,,West,2026-09-30
1003043,50003043,Retail,Mortgage,762830.86,760,744,0,30,9.13,322,104,675422.64,East,2026-09-30
1003044,50003044,Retail,Auto Loan,233350.06,705,665,0,30,8.55,74,9,271457.29,North,2026-09-30
1003045,50003045,Retail,Mortgage,3178704.25,667,699,0,0,7.78,247,60,3632575.27,West,2026-09-30
1003046,50003046,SME,SME Loan,13830120.97,807,779,0,30,17.61,42,28,,East,2026-09-30
1003047,50003047,Retail,Credit Card,388152.02,721,721,120,135,30.97,25,24,,East,2026-09-30
1003048,50003048,Retail,Personal Loan,1261477.0,770,747,0,15,19.89,80,30,,Central,2026-09-30
1003049,50003049,SME,Auto Loan,1118480.74,755,744,0,0,13.61,50,19,990991.24,East,2026-09-30
1003050,50003050,Retail,Mortgage,6432264.89,741,708,0,0,7.61,360,4,8474586.01,East,2026-09-30
1003051,50003051,Retail,Mortgage,5512671.36,754,735,0,30,10.29,120,79,4943530.16,East,2026-09-30
1003052,50003052,Retail,Personal Loan,462389.55,712,711,0,0,13.89,45,36,,North,2026-09-30
1003053,50003053,Corporate,Corporate Loan,47635075.69,513,536,30,0,9.27,91,61,,East,2026-09-30
1003054,50003054,SME,SME Loan,2917757.45,595,589,0,30,11.6,116,49,,Central,2026-09-30
1003055,50003055,Retail,Credit Card,174131.12,740,736,0,15,30.91,32,12,,South,2026-09-30
1003056,50003056,Retail,Credit Card,107749.1,758,763,0,0,25.64,30,26,,South,2026-09-30
1003057,50003057,Retail,Mortgage,9415042.89,671,652,30,15,10.45,173,11,12332489.64,South,2026-09-30
1003058,50003058,Retail,Personal Loan,714285.68,767,791,0,15,14.13,53,16,,North,2026-09-30
1003059,50003059,Retail,Credit Card,350039.73,692,695,0,0,38.64,12,11,,West,2026-09-30
1003060,50003060,Retail,Mortgage,4724903.91,611,617,0,0,8.98,303,104,5672772.29,South,2026-09-30
1003061,50003061,Retail,Personal Loan,489997.21,767,766,0,0,10.76,65,35,,North,2026-09-30
1003062,50003062,Retail,Mortgage,10108506.28,596,616,120,120,9.76,135,6,13141628.19,West,2026-09-30
1003063,50003063,SME,SME Loan,11282559.51,534,551,60,30,9.28,97,43,,Central,2026-09-30
1003064,50003064,Retail,Mortgage,3778529.23,638,686,45,45,7.87,268,19,3379108.5,South,2026-09-30
1003065,50003065,Retail,Mortgage,3024126.96,687,707,0,0,9.94,300,81,3030226.72,South,2026-09-30
1003066,50003066,Retail,Personal Loan,1293207.71,633,631,0,0,10.79,56,25,,North,2026-09-30
1003067,50003067,Retail,Mortgage,1270338.26,769,768,0,0,10.24,139,119,1490441.12,West,2026-09-30
1003068,50003068,SME,SME Loan,14140214.67,722,729,0,0,17.49,20,12,,South,2026-09-30
1003069,50003069,Retail,Credit Card,18442.87,822,831,0,0,37.8,31,15,,West,2026-09-30
1003070,50003070,Retail,Mortgage,7127378.73,759,762,90,105,8.53,325,277,10150186.57,West,2026-09-30
1003071,50003071,Retail,Personal Loan,1043341.5,658,648,0,0,13.83,83,20,,West,2026-09-30
1003072,50003072,Retail,Mortgage,4919146.34,850,832,0,0,8.02,245,101,4875657.22,East,2026-09-30
1003073,50003073,Corporate,Corporate Loan,36831271.29,648,677,0,0,9.68,67,19,,North,2026-09-30
1003074,50003074,SME,SME Loan,4934646.96,791,771,0,30,14.32,39,39,,West,2026-09-30
1003075,50003075,Retail,Mortgage,4790352.71,699,715,0,0,9.3,242,94,5939521.45,East,2026-09-30
1003076,50003076,Retail,Credit Card,17349.45,765,731,0,0,36.14,53,49,,West,2026-09-30
1003077,50003077,SME,Auto Loan,945372.83,766,762,0,0,12.02,58,58,774929.6,West,2026-09-30
1003078,50003078,Retail,Auto Loan,2458417.2,815,815,0,15,11.75,82,56,2382346.3,East,2026-09-30
1003079,50003079,SME,SME Loan,7952003.65,762,738,0,15,14.17,89,7,,North,2026-09-30
1003080,50003080,Retail,Auto Loan,2117078.39,810,801,0,0,13.98,71,60,2378791.28,North,2026-09-30
1003081,50003081,Retail,Mortgage,8740538.87,761,778,0,0,9.74,335,52,10889134.72,North,2026-09-30
1003082,50003082,Retail,Personal Loan,539473.58,785,765,0,0,12.4,67,24,,Central,2026-09-30
1003083,50003083,Retail,Personal Loan,1799489.19,717,721,0,0,18.59,61,42,,East,2026-09-30
1003084,50003084,Retail,Mortgage,8344795.87,619,636,0,0,7.28,297,239,7112213.25,West,2026-09-30
1003085,50003085,Retail,Mortgage,5325204.81,660,689,0,0,7.55,357,187,7196202.61,South,2026-09-30
1003086,50003086,Retail,Auto Loan,2792373.15,802,819,0,15,8.56,65,17,3319518.49,Central,2026-09-30
1003087,50003087,Retail,Auto Loan,2722207.12,716,734,0,15,12.99,70,34,2943730.44,East,2026-09-30
1003088,50003088,SME,SME Loan,8766077.45,728,726,0,15,11.28,53,19,,North,2026-09-30
1003089,50003089,SME,SME Loan,2775830.62,702,708,0,0,17.16,103,39,,North,2026-09-30
1003090,50003090,SME,Auto Loan,2982765.46,706,709,0,0,12.26,41,19,3171797.13,South,2026-09-30
1003091,50003091,Retail,Credit Card,116220.66,661,676,0,15,41.65,49,35,,East,2026-09-30
1003092,50003092,Retail,Credit Card,289265.85,624,620,0,0,40.35,21,14,,South,2026-09-30
1003093,50003093,Retail,Mortgage,1998725.21,614,599,0,15,9.77,138,92,2538053.11,North,2026-09-30
1003094,50003094,Retail,Auto Loan,1264250.95,778,773,,0,8.38,38,20,1240281.58,Central,2026-09-30
1003095,50003095,SME,SME Loan,11937502.23,677,648,0,15,9.57,99,95,,South,2026-09-30
1003096,50003096,Retail,Credit Card,116990.77,645,654,30,60,37.48,17,1,,West,2026-09-30
1003097,50003097,Retail,Auto Loan,1259307.78,750,741,0,0,9.89,69,12,1448393.97,North,2026-09-30
1003098,50003098,Retail,Mortgage,2879237.83,626,672,0,0,7.28,229,124,3620862.53,South,2026-09-30
1003099,50003099,Retail,Credit Card,406366.6,730,722,0,0,38.36,16,7,,East,2026-09-30
1003100,50003100,Retail,Credit Card,160635.65,736,747,0,0,32.11,56,44,,South,2026-09-30
1003101,50003101,SME,SME Loan,10130250.65,813,777,0,0,15.64,31,11,,Central,2026-09-30
1003102,50003102,SME,SME Loan,2726687.76,650,649,30,15,12.43,100,49,,West,2026-09-30
1003103,50003103,Retail,Auto Loan,1550543.2,680,711,0,15,8.08,63,8,1386464.86,East,2026-09-30
1003104,50003104,SME,SME Loan,4554940.03,672,650,15,15,10.28,110,73,,South,2026-09-30
1003105,50003105,Retail,Mortgage,11506399.66,698,706,0,0,7.84,353,202,13071954.91,North,2026-09-30
1003106,50003106,Retail,Auto Loan,3077067.3,783,768,0,15,9.7,43,17,3120283.12,North,2026-09-30
1003107,50003107,Retail,Credit Card,96218.88,668,688,0,0,36.59,46,34,,West,2026-09-30
1003108,50003108,Retail,Auto Loan,2918687.27,735,713,0,0,9.1,79,52,1840492.18,North,2026-09-30
1003109,50003109,Retail,Mortgage,3311111.17,687,677,180,195,8.98,250,213,2876934.61,South,2026-09-30
1003110,50003110,SME,SME Loan,10742198.25,683,686,0,15,13.85,95,61,,East,2026-09-30
1003111,50003111,Corporate,Corporate Loan,40956892.29,810,775,90,120,9.93,27,22,,West,2026-09-30
1003112,50003112,Retail,Personal Loan,1915052.36,763,746,0,0,16.71,73,32,,Central,2026-09-30
1003113,50003113,Retail,Mortgage,8828049.56,694,736,0,0,7.52,359,102,13499279.41,West,2026-09-30
1003114,50003114,Retail,Credit Card,74665.19,722,706,0,0,27.91,53,13,,South,2026-09-30
1003115,50003115,Retail,Mortgage,5559571.78,666,664,0,30,7.77,175,32,7880057.25,South,2026-09-30
1003116,50003116,Retail,Mortgage,5440874.72,731,739,0,0,9.61,186,52,6879079.09,West,2026-09-30
1003117,50003117,Retail,Personal Loan,401233.06,683,718,0,15,12.1,80,47,,East,2026-09-30
1003118,50003118,SME,Mortgage,4269247.75,771,743,0,0,10.21,307,219,5815536.58,North,2026-09-30
1003119,50003119,Retail,Auto Loan,1645345.59,710,675,0,30,11.25,63,51,1930172.06,East,2026-09-30
1003120,50003120,Retail,Credit Card,61436.07,673,698,0,0,34.46,29,7,,South,2026-09-30
1003121,50003121,Retail,Auto Loan,260033.26,701,701,0,30,13.33,80,52,265747.99,East,2026-09-30
1003122,50003122,Retail,Personal Loan,1152446.02,586,617,0,0,10.47,60,50,,West,2026-09-30
1003123,50003123,Retail,Personal Loan,1236368.23,813,795,0,0,13.58,47,32,,West,2026-09-30
1003124,50003124,SME,SME Loan,622184.18,600,590,0,0,14.16,30,23,,West,2026-09-30
1003125,50003125,Corporate,Corporate Loan,7991106.25,588,576,0,0,9.19,20,19,,North,2026-09-30
1003126,50003126,SME,SME Loan,13263834.7,746,775,0,0,13.85,70,1,,Central,2026-09-30
1003127,50003127,Retail,Auto Loan,2956435.21,704,701,0,0,9.51,46,44,3260905.74,West,2026-09-30
1003128,50003128,Retail,Personal Loan,1633993.89,619,609,0,15,12.08,82,71,,South,2026-09-30
1003129,50003129,Corporate,Corporate Loan,37841951.33,585,571,0,0,12.4,107,14,,Central,2026-09-30
1003130,50003130,Retail,Personal Loan,1299295.13,593,611,60,90,15.72,29,7,,West,2026-09-30
1003131,50003131,Retail,Auto Loan,2781690.73,792,789,0,0,12.5,43,1,2110582.59,West,2026-09-30
1003132,50003132,SME,SME Loan,9889220.5,,629,0,15,10.38,90,27,,West,2026-09-30
1003133,50003133,Corporate,Corporate Loan,10493882.77,832,843,0,0,13.43,171,64,,West,2026-09-30
1003134,50003134,SME,SME Loan,8767629.29,706,691,0,0,10.76,83,29,,West,2026-09-30
1003135,50003135,Retail,Credit Card,253984.33,759,782,0,0,25.1,33,25,,Central,2026-09-30
1003136,50003136,Retail,Personal Loan,1638646.26,653,623,0,0,10.31,48,11,,South,2026-09-30
1003137,50003137,Retail,Mortgage,6625824.4,629,610,0,0,7.38,161,92,9820452.35,Central,2026-09-30
1003138,50003138,Retail,Personal Loan,1486676.27,645,607,30,15,19.27,57,18,,East,2026-09-30
1003139,50003139,Retail,Mortgage,11029556.09,683,690,0,0,7.8,136,59,16055429.19,East,2026-09-30
1003140,50003140,Corporate,Corporate Loan,31043161.36,759,738,0,30,13.94,91,13,,South,2026-09-30
1003141,50003141,Retail,Mortgage,952080.59,690,697,0,0,8.93,233,129,1443872.1,West,2026-09-30
1003142,50003142,Retail,Mortgage,7803061.39,642,644,15,0,7.89,142,62,10781228.95,Central,2026-09-30
1003143,50003143,Retail,Auto Loan,308291.55,749,768,0,0,11.1,83,1,346138.68,West,2026-09-30
1003144,50003144,Retail,Auto Loan,1723385.9,538,525,30,45,13.44,37,5,1901039.46,East,2026-09-30
1003145,50003145,Retail,Mortgage,7223970.55,796,809,0,0,8.85,271,126,6910672.58,West,2026-09-30
1003146,50003146,SME,Mortgage,9238928.47,543,545,60,75,8.22,168,69,13312815.94,West,2026-09-30
1003147,50003147,Retail,Personal Loan,1155803.74,719,684,0,0,14.25,62,24,,West,2026-09-30
1003148,50003148,Retail,Auto Loan,3481948.89,684,704,0,0,11.99,35,28,3163911.99,Central,2026-09-30
1003149,50003149,Retail,Personal Loan,379276.44,770,791,0,0,15.64,54,1,,East,2026-09-30
1003150,50003150,Retail,Mortgage,4288875.84,603,607,120,120,9.1,318,264,5147142.14,West,2026-09-30
1003151,50003151,SME,SME Loan,2167365.95,636,627,90,75,17.16,91,6,,North,2026-09-30
1003152,50003152,Retail,Mortgage,628990.69,759,763,0,15,9.1,214,66,955760.2,East,2026-09-30
1003153,50003153,Retail,Auto Loan,2665703.76,790,723,0,30,9.1,53,37,1739904.96,West,2026-09-30
1003154,50003154,Retail,Personal Loan,486713.92,617,650,30,0,17.49,83,20,,Central,2026-09-30
1003155,50003155,Retail,Personal Loan,65045.02,732,726,0,15,18.58,68,27,,East,2026-09-30
1003156,50003156,Retail,Auto Loan,1803147.82,759,781,0,0,9.81,52,35,2078617.64,South,2026-09-30
1003157,50003157,SME,SME Loan,6901251.17,740,735,0,0,10.58,90,76,,South,2026-09-30
1003158,50003158,SME,SME Loan,7394084.29,633,604,15,30,11.73,108,104,,South,2026-09-30
1003159,50003159,Retail,Mortgage,9848149.78,571,560,0,0,9.32,203,51,13205127.99,North,2026-09-30
1003160,50003160,Retail,Personal Loan,1458404.15,640,658,180,195,16.2,83,51,,South,2026-09-30
1003161,50003161,Retail,Personal Loan,1303645.24,755,767,0,0,10.97,78,19,,East,2026-09-30
1003162,50003162,Retail,Credit Card,53577.81,625,613,0,0,40.56,40,20,,South,2026-09-30
1003163,50003163,Retail,Auto Loan,1375565.22,699,657,0,0,9.09,81,9,1236923.2,Central,2026-09-30
1003164,50003164,Retail,Credit Card,296042.03,553,573,60,45,38.09,35,16,,East,2026-09-30
1003165,50003165,Retail,Personal Loan,110573.49,713,739,0,15,12.19,84,52,,Central,2026-09-30
1003166,50003166,Retail,Credit Card,485293.96,618,619,0,0,39.56,46,16,,East,2026-09-30
1003167,50003167,Retail,Auto Loan,778953.39,778,799,60,60,11.6,65,28,880358.13,South,2026-09-30
1003168,50003168,Corporate,Corporate Loan,73165472.05,735,741,0,30,13.74,85,55,,West,2026-09-30
1003169,50003169,Retail,Personal Loan,1706744.86,809,854,0,0,15.75,55,51,,South,2026-09-30
1003170,50003170,Retail,Auto Loan,1314810.87,735,731,0,0,10.35,24,6,1529947.38,West,2026-09-30
1003171,50003171,SME,Auto Loan,2677628.66,729,735,0,0,11.9,61,40,2192663.67,South,2026-09-30
1003172,50003172,Retail,Mortgage,3916458.38,664,681,0,15,8.8,158,33,5235049.57,South,2026-09-30
1003173,50003173,Retail,Mortgage,10184560.82,684,683,0,0,7.07,312,48,9535617.48,North,2026-09-30
1003174,50003174,SME,SME Loan,1226917.8,688,686,0,0,13.51,15,9,,West,2026-09-30
1003175,50003175,Retail,Mortgage,613146.99,788,803,0,0,9.72,311,198,600071.35,West,2026-09-30
1003176,50003176,SME,SME Loan,9850470.35,749,745,0,30,16.42,28,2,,South,2026-09-30
1003177,50003177,Retail,Auto Loan,3337267.26,590,598,30,45,12.78,78,14,2092974.29,West,2026-09-30
1003178,50003178,Retail,Credit Card,80333.36,647,667,0,0,34.47,37,16,,West,2026-09-30
1003179,50003179,Retail,Auto Loan,2197670.45,613,643,0,30,8.53,57,47,1360001.12,West,2026-09-30
1003180,50003180,Retail,Personal Loan,825945.52,792,795,0,15,15.79,34,1,,West,2026-09-30
1003181,50003181,Retail,Credit Card,175706.54,684,698,0,0,35.49,51,32,,North,2026-09-30
1003182,50003182,Retail,Personal Loan,299443.27,584,607,0,0,15.74,71,49,,South,2026-09-30
1003183,50003183,Retail,Mortgage,5534756.1,660,665,0,0,7.05,257,193,8092947.47,South,2026-09-30
1003184,50003184,Retail,Auto Loan,2193577.71,586,610,30,60,8.62,68,67,2565010.08,South,2026-09-30
1003185,50003185,SME,SME Loan,1003773.49,767,762,0,0,10.37,46,45,,North,2026-09-30
1003186,50003186,Retail,Credit Card,367985.78,697,757,120,120,39.96,32,1,,West,2026-09-30
1003187,50003187,Retail,Personal Loan,550455.64,737,748,0,15,18.46,63,12,,North,2026-09-30
1003188,50003188,SME,Auto Loan,2909242.72,624,651,30,30,9.04,81,70,3451477.6,North,2026-09-30
1003189,50003189,SME,SME Loan,8693886.68,750,737,0,0,17.02,45,15,,North,2026-09-30
1003190,50003190,Retail,Credit Card,390160.46,613,628,0,15,24.34,55,24,,South,2026-09-30
1003191,50003191,Retail,Personal Loan,1009925.26,638,617,0,15,15.2,34,16,,South,2026-09-30
1003192,50003192,Retail,Mortgage,9976165.3,822,811,0,30,10.12,308,269,14561507.22,North,2026-09-30
1003193,50003193,Retail,Personal Loan,1018596.45,613,570,15,0,12.26,24,7,,North,2026-09-30
1003194,50003194,Retail,Auto Loan,1370404.94,666,672,0,0,12.53,76,22,1226729.33,East,2026-09-30
1003195,50003195,Retail,Personal Loan,329021.92,724,718,0,0,16.28,33,15,,West,2026-09-30
1003196,50003196,Retail,Mortgage,11353885.62,819,791,0,0,7.53,196,5,14897090.37,West,2026-09-30
1003197,50003197,Retail,Credit Card,46947.07,769,779,0,15,28.17,24,20,,South,2026-09-30
1003198,50003198,Retail,Credit Card,292299.7,636,615,0,0,25.92,60,15,,South,2026-09-30
1003199,50003199,SME,SME Loan,13539528.54,821,834,0,0,11.13,16,16,,South,2026-09-30
1003200,50003200,Retail,Mortgage,4177851.91,755,741,0,0,8.96,187,135,4987905.17,West,2026-09-30
1003201,50003201,Corporate,Corporate Loan,14385388.24,536,566,0,30,12.62,147,147,,West,2026-09-30
1003202,50003202,Retail,Personal Loan,384614.43,732,752,0,30,17.29,61,24,,South,2026-09-30
1003203,50003203,Retail,Personal Loan,1928605.23,780,810,,0,15.36,63,19,,Central,2026-09-30
1003204,50003204,Retail,Auto Loan,1793596.74,568,581,0,15,12.54,50,15,1604970.76,North,2026-09-30
1003205,50003205,Retail,Personal Loan,1471769.04,743,774,0,15,12.24,34,13,,South,2026-09-30
1003206,50003206,Retail,Auto Loan,354868.01,728,720,60,60,13.81,39,3,316476.78,South,2026-09-30
1003207,50003207,SME,Auto Loan,3096341.67,473,518,180,165,13.48,59,1,3241839.24,East,2026-09-30
1003208,50003208,SME,SME Loan,2988583.65,709,706,0,15,16.53,68,29,,West,2026-09-30
1003209,50003209,SME,SME Loan,5904977.92,790,780,0,0,15.78,106,103,,South,2026-09-30
1003210,50003210,Retail,Credit Card,81037.41,710,708,,0,40.7,56,19,,North,2026-09-30
1003211,50003211,Retail,Credit Card,116492.68,731,753,0,15,35.32,30,8,,West,2026-09-30
1003212,50003212,Retail,Auto Loan,1040965.48,615,624,0,0,10.02,53,45,713266.43,West,2026-09-30
1003213,50003213,Retail,Mortgage,7976640.38,680,656,0,0,7.38,333,185,10300702.03,East,2026-09-30
1003214,50003214,Retail,Personal Loan,908171.68,545,549,0,30,11.53,59,15,,North,2026-09-30
1003215,50003215,Retail,Credit Card,14699.81,633,632,0,0,37.91,13,7,,East,2026-09-30
1003216,50003216,Corporate,Corporate Loan,30564960.72,703,733,0,30,12.24,180,103,,West,2026-09-30
1003217,50003217,Retail,Personal Loan,1978906.52,703,714,0,0,15.82,80,60,,North,2026-09-30
1003218,50003218,Retail,Auto Loan,2300258.94,628,657,0,0,13.25,61,25,2407289.82,South,2026-09-30
1003219,50003219,Retail,Personal Loan,1475127.6,608,630,0,30,12.63,25,10,,West,2026-09-30
1003220,50003220,SME,SME Loan,4136471.36,819,808,0,0,15.7,43,20,,North,2026-09-30
1003221,50003221,Corporate,Mortgage,11440428.29,818,799,0,0,7.48,247,141,17022565.39,North,2026-09-30
1003222,50003222,Retail,Personal Loan,1627598.32,591,593,0,0,19.62,74,28,,East,2026-09-30
1003223,50003223,Retail,Credit Card,65158.91,722,731,0,0,38.18,60,19,,Central,2026-09-30
1003224,50003224,Retail,Mortgage,9312583.76,663,633,0,15,9.08,271,38,10723942.57,West,2026-09-30
1003225,50003225,Retail,Mortgage,8819128.43,726,742,60,75,8.81,170,137,7496538.0,West,2026-09-30
1003226,50003226,Retail,Mortgage,10645272.23,628,636,75,60,10.04,335,249,12471352.64,West,2026-09-30
1003227,50003227,Retail,Mortgage,11572772.99,578,604,30,60,9.37,255,39,16377849.64,West,2026-09-30
1003228,50003228,Retail,Personal Loan,1384284.88,632,656,60,60,14.33,37,30,,South,2026-09-30
1003229,50003229,Retail,Personal Loan,1873740.63,706,701,0,0,10.59,51,48,,East,2026-09-30
1003230,50003230,SME,SME Loan,8827392.71,746,748,0,0,15.54,86,82,,West,2026-09-30
1003231,50003231,Retail,Mortgage,3872482.08,718,708,15,15,10.0,184,78,3624554.53,West,2026-09-30
1003232,50003232,Retail,Credit Card,125316.84,736,715,0,0,31.49,60,17,,East,2026-09-30
1003233,50003233,Retail,Mortgage,4127581.51,715,743,0,0,7.01,128,86,4209015.19,West,2026-09-30
1003234,50003234,Retail,Mortgage,2261145.41,602,608,45,60,8.53,303,233,2175749.88,North,2026-09-30
1003235,50003235,Retail,Mortgage,1326041.39,661,635,0,0,9.95,292,74,1359950.54,West,2026-09-30
1003236,50003236,Retail,Credit Card,304704.68,844,771,0,15,33.91,50,34,,West,2026-09-30
1003237,50003237,Retail,Credit Card,64313.83,688,735,0,0,29.54,56,14,,East,2026-09-30
1003238,50003238,Retail,Mortgage,7831911.15,725,706,0,0,7.51,289,231,9748363.62,East,2026-09-30
1003239,50003239,Retail,Mortgage,10536552.43,662,676,0,0,7.92,254,217,13338458.7,West,2026-09-30
1003240,50003240,SME,SME Loan,744889.52,571,556,0,0,9.51,52,49,,Central,2026-09-30
1003241,50003241,Retail,Personal Loan,876595.1,647,634,0,15,14.92,30,23,,West,2026-09-30
1003242,50003242,Retail,Credit Card,272334.45,764,748,0,0,41.1,57,44,,West,2026-09-30
1003243,50003243,Retail,Auto Loan,1752061.84,734,767,0,0,13.11,63,59,1095078.93,North,2026-09-30
1003244,50003244,Retail,Auto Loan,1342546.89,679,682,0,0,13.56,42,5,1307405.09,South,2026-09-30
1003245,50003245,SME,Auto Loan,2183271.4,755,733,0,30,9.4,35,33,1645701.51,East,2026-09-30
1003246,50003246,Retail,Personal Loan,80726.99,657,651,0,0,13.38,31,7,,East,2026-09-30
1003247,50003247,Retail,Credit Card,249512.93,704,706,0,0,40.44,24,3,,North,2026-09-30
1003248,50003248,Retail,Auto Loan,1595034.72,663,674,30,30,13.24,24,3,1087956.27,West,2026-09-30
1003249,50003249,SME,SME Loan,10755613.26,727,729,0,0,16.22,108,64,,North,2026-09-30
1003250,50003250,Retail,Personal Loan,449131.76,689,712,0,0,14.14,54,25,,East,2026-09-30
1003251,50003251,Retail,Mortgage,7642858.12,613,620,0,30,8.18,120,104,11786291.89,Central,2026-09-30
1003252,50003252,Retail,Personal Loan,114610.77,784,782,0,0,13.14,67,31,,South,2026-09-30
1003253,50003253,Retail,Mortgage,4766668.76,537,572,75,75,8.11,195,175,7186491.56,West,2026-09-30
1003254,50003254,SME,SME Loan,4479001.5,620,643,0,30,15.17,90,12,,Central,2026-09-30
1003255,50003255,SME,SME Loan,5102706.81,592,643,60,45,13.05,26,18,,South,2026-09-30
1003256,50003256,Retail,Mortgage,9405226.77,613,605,0,30,9.09,228,206,8563370.28,South,2026-09-30
1003257,50003257,Retail,Credit Card,30318.58,737,715,0,30,28.75,32,22,,South,2026-09-30
1003258,50003258,SME,SME Loan,12320431.6,791,807,0,0,16.63,117,14,,North,2026-09-30
1003259,50003259,Retail,Credit Card,38991.03,777,781,0,15,33.46,15,8,,West,2026-09-30
1003260,50003260,Retail,Mortgage,1072236.42,784,785,0,15,8.25,297,29,1223554.42,West,2026-09-30
1003261,50003261,Retail,Personal Loan,801046.83,720,714,0,0,14.73,52,28,,South,2026-09-30
1003262,50003262,Retail,Personal Loan,812317.04,748,722,0,0,17.61,58,54,,West,2026-09-30
1003263,50003263,Retail,Personal Loan,1104770.69,727,752,0,0,18.78,14,2,,West,2026-09-30
1003264,50003264,Retail,Mortgage,1512580.18,710,685,15,15,8.54,137,14,1712416.35,North,2026-09-30
1003265,50003265,SME,SME Loan,5713563.9,683,692,0,15,17.48,75,32,,South,2026-09-30
1003266,50003266,Retail,Credit Card,322690.45,731,723,0,15,34.41,54,40,,East,2026-09-30
1003267,50003267,Retail,Mortgage,4281231.34,696,694,0,0,9.54,211,40,6357909.18,West,2026-09-30
1003268,50003268,Retail,Personal Loan,1832216.03,729,742,0,15,18.53,50,19,,West,2026-09-30
1003269,50003269,Retail,Personal Loan,1223757.6,642,700,0,0,12.27,69,2,,East,2026-09-30
1003270,50003270,Retail,Mortgage,2532976.67,621,635,180,165,9.62,242,4,2648882.17,West,2026-09-30
1003271,50003271,Retail,Mortgage,4859258.11,786,764,0,15,10.16,208,122,4760895.58,East,2026-09-30
1003272,50003272,Retail,Personal Loan,320736.45,569,575,0,0,18.49,84,79,,South,2026-09-30
1003273,50003273,Retail,Credit Card,387869.41,641,598,180,195,34.22,54,49,,North,2026-09-30
1003274,50003274,Retail,Mortgage,2612816.14,795,824,0,0,7.88,255,31,2345133.61,North,2026-09-30
1003275,50003275,SME,Auto Loan,565601.73,603,608,30,30,11.52,48,24,509094.19,South,2026-09-30
1003276,50003276,Retail,Credit Card,322037.42,691,695,0,30,27.36,38,27,,East,2026-09-30
1003277,50003277,Retail,Mortgage,7758995.36,658,683,0,0,8.64,338,57,7453792.99,East,2026-09-30
1003278,50003278,Retail,Auto Loan,2051437.99,732,720,60,45,11.63,28,9,2237965.86,South,2026-09-30
1003279,50003279,Retail,Personal Loan,580784.17,631,639,0,15,14.07,28,9,,Central,2026-09-30
1003280,50003280,SME,SME Loan,3892607.95,638,652,0,0,11.0,61,22,,Central,2026-09-30
1003281,50003281,Retail,Personal Loan,684605.49,743,745,0,15,17.63,47,32,,East,2026-09-30
1003282,50003282,Retail,Auto Loan,3263337.61,580,597,15,15,8.66,33,8,3661776.36,East,2026-09-30
1003283,50003283,SME,Auto Loan,2074779.98,579,598,0,0,13.55,59,39,2136258.19,North,2026-09-30
1003284,50003284,Corporate,Corporate Loan,62182152.34,760,735,0,0,12.94,66,47,,North,2026-09-30
1003285,50003285,Retail,Mortgage,7416907.56,631,634,0,0,8.76,280,52,9390801.61,East,2026-09-30
1003286,50003286,SME,SME Loan,2480328.71,774,749,0,30,15.58,92,48,,North,2026-09-30
1003287,50003287,SME,SME Loan,8199306.92,750,761,0,0,17.74,47,6,,West,2026-09-30
1003288,50003288,Retail,Personal Loan,1724096.03,761,747,0,15,15.23,56,33,,South,2026-09-30
1003289,50003289,Retail,Credit Card,16267.07,555,569,0,15,28.21,51,46,,East,2026-09-30
1003290,50003290,SME,SME Loan,1667052.27,765,768,0,0,10.66,19,13,,West,2026-09-30
1003291,50003291,Retail,Credit Card,200847.23,759,709,0,0,36.65,15,5,,North,2026-09-30
1003292,50003292,Retail,Mortgage,2489133.05,611,612,90,90,7.87,297,155,2653226.69,South,2026-09-30
1003293,50003293,Retail,Auto Loan,518803.48,730,723,0,0,13.28,83,71,599090.84,West,2026-09-30
1003294,50003294,Retail,Auto Loan,3282710.34,773,777,0,0,11.48,37,4,2432082.32,West,2026-09-30
1003295,50003295,Retail,Credit Card,64463.64,728,738,45,45,25.43,24,14,,West,2026-09-30
1003296,50003296,Retail,Mortgage,7113981.34,675,700,0,30,10.33,207,145,9550794.43,West,2026-09-30
1003297,50003297,Retail,Personal Loan,443166.13,704,706,0,15,18.54,54,26,,West,2026-09-30
1003298,50003298,Retail,Mortgage,7431137.94,586,632,0,0,9.94,307,10,7935476.78,South,2026-09-30
1003299,50003299,Retail,Personal Loan,1113842.96,701,699,0,0,11.99,42,5,,South,2026-09-30
1003300,50003300,Retail,Personal Loan,246343.3,539,518,0,0,12.2,55,4,,East,2026-09-30
1003301,50003301,Retail,Mortgage,692249.74,593,623,0,0,9.6,122,45,607510.62,South,2026-09-30
1003302,50003302,Corporate,Corporate Loan,9210435.64,871,857,0,0,10.96,119,62,,Central,2026-09-30
1003303,50003303,Retail,Mortgage,7783776.25,625,665,0,0,10.38,181,1,7040240.45,South,2026-09-30
1003304,50003304,Retail,Auto Loan,1923520.89,646,654,0,0,13.46,63,1,1204770.87,West,2026-09-30
1003305,50003305,Retail,Auto Loan,2318274.42,678,696,0,0,9.17,71,67,2494382.58,South,2026-09-30
1003306,50003306,Retail,Mortgage,4479645.71,616,637,15,45,9.79,298,205,6451850.36,West,2026-09-30
1003307,50003307,Retail,Credit Card,39238.98,758,798,0,0,26.9,42,13,,West,2026-09-30
1003308,50003308,Retail,Auto Loan,3190544.09,737,761,0,30,12.76,55,38,3084238.0,North,2026-09-30
1003309,50003309,Retail,Auto Loan,1566990.56,785,781,0,15,10.34,51,1,1428870.5,North,2026-09-30
1003310,50003310,Retail,Mortgage,6803516.39,743,720,0,0,9.18,256,134,8170692.22,West,2026-09-30
1003311,50003311,SME,SME Loan,9194077.52,654,629,0,0,10.08,25,22,,West,2026-09-30
1003312,50003312,Retail,Credit Card,341622.2,707,733,0,0,29.2,27,22,,Central,2026-09-30
1003313,50003313,Retail,Auto Loan,1701462.99,794,771,0,15,9.5,80,44,1309035.5,West,2026-09-30
1003314,50003314,Retail,Mortgage,7318732.9,696,711,0,15,7.14,350,23,9569578.48,South,2026-09-30
1003315,50003315,Retail,Auto Loan,2729319.12,676,676,0,30,11.15,84,37,2590623.07,North,2026-09-30
1003316,50003316,Retail,Mortgage,7296673.58,795,768,0,0,8.55,283,121,7467583.16,East,2026-09-30
1003317,50003317,Retail,Credit Card,313426.22,773,802,0,0,37.86,60,4,,West,2026-09-30
1003318,50003318,SME,SME Loan,7187152.24,720,701,0,0,13.98,60,13,,West,2026-09-30
1003319,50003319,Retail,Credit Card,445655.77,752,744,0,0,27.51,51,50,,West,2026-09-30
1003320,50003320,Retail,Auto Loan,933007.08,629,642,0,0,9.83,54,8,1009567.55,East,2026-09-30
1003321,50003321,Retail,Personal Loan,431706.69,679,674,0,15,12.76,79,35,,East,2026-09-30
1003322,50003322,SME,Auto Loan,1218372.78,768,759,0,0,11.79,44,44,1020018.67,West,2026-09-30
1003323,50003323,Retail,Auto Loan,2861689.26,608,618,0,15,13.93,65,20,2754860.75,South,2026-09-30
1003324,50003324,Retail,Credit Card,495162.29,686,716,0,0,26.0,29,29,,North,2026-09-30
1003325,50003325,Retail,Credit Card,402614.8,702,689,0,30,41.39,32,10,,Central,2026-09-30
1003326,50003326,Retail,Credit Card,236513.73,695,706,0,0,30.06,33,10,,Central,2026-09-30
1003327,50003327,Retail,Mortgage,5580968.04,739,697,0,0,8.19,353,309,7625845.88,South,2026-09-30
1003328,50003328,Retail,Auto Loan,2536673.3,654,671,0,15,8.91,38,35,2896132.1,Central,2026-09-30
1003329,50003329,Retail,Mortgage,6270654.98,816,829,0,0,9.47,155,101,5493192.65,West,2026-09-30
1003330,50003330,Retail,Auto Loan,1105351.32,736,773,0,0,9.55,81,58,1222809.03,East,2026-09-30
1003331,50003331,Retail,Personal Loan,718567.13,687,667,0,0,14.53,37,37,,South,2026-09-30
1003332,50003332,Retail,Personal Loan,380076.09,598,635,75,90,18.16,73,26,,West,2026-09-30
1003333,50003333,SME,SME Loan,8575995.39,666,679,0,0,15.11,103,59,,West,2026-09-30
1003334,50003334,Retail,Mortgage,887801.2,736,704,0,0,8.2,258,196,806061.5,West,2026-09-30
1003335,50003335,SME,SME Loan,11760831.92,647,609,0,15,17.42,58,46,,East,2026-09-30
1003336,50003336,Retail,Personal Loan,1957249.13,653,628,0,0,11.76,60,29,,North,2026-09-30
1003337,50003337,Retail,Personal Loan,1890715.91,757,720,0,0,11.92,63,57,,East,2026-09-30
1003338,50003338,SME,Auto Loan,3309059.77,803,851,0,0,12.22,65,12,3939371.85,South,2026-09-30
1003339,50003339,Retail,Personal Loan,1246562.1,785,736,0,0,15.22,12,6,,East,2026-09-30
1003340,50003340,Retail,Personal Loan,708588.25,667,674,0,0,16.12,81,44,,South,2026-09-30
1003341,50003341,Retail,Auto Loan,1433508.94,824,775,0,0,13.25,63,15,983858.23,West,2026-09-30
1003342,50003342,Retail,Credit Card,246178.78,569,540,180,210,24.66,33,19,,South,2026-09-30
1003343,50003343,Retail,Mortgage,5797681.3,771,772,0,0,8.39,330,222,7283561.57,North,2026-09-30
1003344,50003344,Retail,Personal Loan,936520.8,774,780,0,0,11.05,79,10,,North,2026-09-30
1003345,50003345,Retail,Auto Loan,2643497.1,808,810,0,0,9.83,47,4,2269077.98,West,2026-09-30
1003346,50003346,Corporate,Corporate Loan,16496160.25,733,742,0,15,12.34,109,106,,Central,2026-09-30
1003347,50003347,Corporate,Corporate Loan,22737299.72,680,665,45,15,10.22,150,129,,South,2026-09-30
1003348,50003348,Retail,Mortgage,2174321.72,720,721,0,0,7.48,319,112,3210656.15,North,2026-09-30
1003349,50003349,SME,SME Loan,2013060.89,,749,0,0,10.24,17,17,,West,2026-09-30
1003350,50003350,Retail,Mortgage,8412118.22,677,647,0,0,7.66,314,234,8466423.57,South,2026-09-30
1003351,50003351,SME,SME Loan,6425309.22,758,741,0,15,11.87,60,49,,South,2026-09-30
1003352,50003352,Retail,Auto Loan,2701382.32,693,712,45,15,10.81,24,16,3237688.57,South,2026-09-30
1003353,50003353,Retail,Mortgage,2952219.93,814,819,30,60,9.94,328,233,2987255.82,West,2026-09-30
1003354,50003354,Retail,Mortgage,4271154.73,716,688,0,0,8.63,322,41,3939939.85,Central,2026-09-30
1003355,50003355,Retail,Personal Loan,1399440.64,761,757,0,0,17.74,67,2,,West,2026-09-30
1003356,50003356,Retail,Mortgage,8753227.99,628,601,0,15,8.4,152,151,9186279.99,West,2026-09-30
1003357,50003357,Retail,Auto Loan,1766980.39,743,718,0,30,8.62,26,14,1116749.81,North,2026-09-30
1003358,50003358,SME,SME Loan,6237527.92,809,826,0,0,11.09,27,18,,North,2026-09-30
1003359,50003359,SME,Auto Loan,896208.41,669,657,0,15,10.91,40,22,628091.86,South,2026-09-30
1003360,50003360,Retail,Mortgage,3598948.29,707,713,0,0,9.29,235,67,5163983.28,South,2026-09-30
1003361,50003361,Retail,Credit Card,161126.63,656,639,120,120,28.56,23,9,,West,2026-09-30
1003362,50003362,Retail,Credit Card,259959.13,839,797,0,0,36.34,32,31,,North,2026-09-30
1003363,50003363,Retail,Credit Card,15157.89,599,613,0,0,25.04,34,14,,North,2026-09-30
1003364,50003364,Retail,Mortgage,11465109.0,662,652,0,0,8.79,294,120,17324847.24,West,2026-09-30
1003365,50003365,SME,SME Loan,13114953.2,649,636,0,0,9.19,108,36,,West,2026-09-30
1003366,50003366,Retail,Mortgage,6048057.98,586,617,0,0,10.46,349,194,5991669.52,East,2026-09-30
1003367,50003367,Retail,Personal Loan,1965465.75,790,783,0,0,15.02,32,2,,West,2026-09-30
1003368,50003368,Retail,Auto Loan,2664760.07,783,778,0,0,12.97,70,30,2163329.65,South,2026-09-30
1003369,50003369,SME,Auto Loan,256131.43,825,825,0,0,9.72,58,24,197966.51,East,2026-09-30
1003370,50003370,Retail,Credit Card,287635.11,655,667,0,0,29.78,29,17,,South,2026-09-30
1003371,50003371,Retail,Auto Loan,996002.37,687,692,0,15,8.41,83,68,937063.14,South,2026-09-30
1003372,50003372,SME,SME Loan,5834502.63,733,736,0,0,14.23,120,73,,North,2026-09-30
1003373,50003373,Retail,Personal Loan,1790328.67,740,735,0,0,15.23,29,25,,Central,2026-09-30
1003374,50003374,Retail,Mortgage,10501085.44,731,710,0,0,7.03,285,254,15083351.68,West,2026-09-30
1003375,50003375,Retail,Mortgage,8425225.99,674,670,0,30,10.2,250,91,10248347.86,South,2026-09-30
1003376,50003376,Retail,Mortgage,7074598.69,844,809,0,0,9.89,165,114,7563742.63,West,2026-09-30
1003377,50003377,Retail,Auto Loan,1050352.93,563,536,0,15,12.44,54,26,669878.71,East,2026-09-30
1003378,50003378,SME,SME Loan,11358661.59,684,701,0,0,13.07,65,21,,North,2026-09-30
1003379,50003379,Retail,Credit Card,64066.2,867,855,0,0,34.91,38,38,,West,2026-09-30
1003380,50003380,Retail,Mortgage,1199467.88,711,765,0,15,10.34,125,125,1652175.9,North,2026-09-30
1003381,50003381,Retail,Mortgage,3892005.14,586,605,0,0,9.4,339,74,5295278.71,North,2026-09-30
1003382,50003382,Retail,Credit Card,146190.35,719,715,0,15,39.22,57,9,,East,2026-09-30
1003383,50003383,Retail,Personal Loan,921755.89,556,566,0,15,13.19,66,62,,West,2026-09-30
1003384,50003384,Retail,Auto Loan,2424240.14,721,740,0,0,10.43,55,28,1620391.95,East,2026-09-30
1003385,50003385,Retail,Personal Loan,243756.18,,644,30,30,10.53,60,51,,West,2026-09-30
1003386,50003386,Retail,Auto Loan,557586.64,753,764,0,30,8.15,24,13,466049.1,Central,2026-09-30
1003387,50003387,Retail,Personal Loan,528097.88,665,699,0,0,18.3,28,8,,South,2026-09-30
1003388,50003388,SME,Auto Loan,1937578.15,810,828,0,0,13.29,33,23,1472396.99,South,2026-09-30
1003389,50003389,SME,SME Loan,11976119.81,692,700,0,0,15.56,76,75,,East,2026-09-30
1003390,50003390,Corporate,Corporate Loan,37227046.74,568,568,30,30,7.77,68,18,,East,2026-09-30
1003391,50003391,Retail,Personal Loan,446349.18,631,615,0,0,15.7,22,11,,East,2026-09-30
1003392,50003392,Retail,Credit Card,98578.96,693,702,0,15,31.38,31,17,,West,2026-09-30
1003393,50003393,Retail,Credit Card,69209.72,767,754,0,0,33.41,34,1,,West,2026-09-30
1003394,50003394,Retail,Personal Loan,1240223.19,669,647,0,15,14.19,73,24,,North,2026-09-30
1003395,50003395,SME,Mortgage,2180612.88,755,732,0,0,9.96,221,36,2040921.16,West,2026-09-30
1003396,50003396,Retail,Personal Loan,420352.9,775,738,0,0,15.08,64,53,,East,2026-09-30
1003397,50003397,Retail,Credit Card,473926.01,709,734,0,0,38.3,45,32,,South,2026-09-30
1003398,50003398,Retail,Personal Loan,660683.31,593,575,0,0,15.13,51,20,,Central,2026-09-30
1003399,50003399,Retail,Personal Loan,1149546.95,784,764,0,0,18.61,33,27,,West,2026-09-30
1003400,50003400,Retail,Personal Loan,1564279.02,653,708,0,30,13.96,41,18,,North,2026-09-30
1003401,50003401,Retail,Mortgage,8025088.79,773,799,0,0,7.11,177,119,11256168.14,East,2026-09-30
1003402,50003402,Retail,Auto Loan,2464081.99,730,737,0,0,13.59,56,11,2724096.88,East,2026-09-30
1003403,50003403,Retail,Personal Loan,1683186.01,630,627,30,45,11.18,46,41,,South,2026-09-30
1003404,50003404,SME,Mortgage,10628726.1,733,760,0,0,8.98,269,257,11911320.81,North,2026-09-30
1003405,50003405,Retail,Credit Card,419703.0,796,757,0,0,41.21,21,13,,North,2026-09-30
1003406,50003406,Corporate,Mortgage,1206642.94,758,725,0,15,10.34,288,89,1251806.74,North,2026-09-30
1003407,50003407,Retail,Credit Card,465304.4,606,622,0,30,36.56,43,7,,South,2026-09-30
1003408,50003408,Retail,Personal Loan,1528644.46,715,736,0,15,14.26,31,20,,South,2026-09-30
1003409,50003409,SME,Auto Loan,2111857.15,666,631,0,30,11.53,45,19,2497101.0,West,2026-09-30
1003410,50003410,SME,SME Loan,5302677.11,796,810,0,0,13.25,99,53,,West,2026-09-30
1003411,50003411,Retail,Credit Card,422605.01,681,714,0,0,32.71,37,11,,Central,2026-09-30
1003412,50003412,Retail,Personal Loan,740231.76,610,620,30,45,19.23,60,41,,Central,2026-09-30
1003413,50003413,Retail,Credit Card,442642.91,799,808,0,0,29.71,33,30,,East,2026-09-30
1003414,50003414,Corporate,Corporate Loan,12557783.43,646,641,0,0,10.97,100,67,,North,2026-09-30
1003415,50003415,SME,SME Loan,10551589.15,747,726,0,0,13.6,88,28,,South,2026-09-30
1003416,50003416,Retail,Personal Loan,213580.16,625,638,0,0,19.91,73,58,,East,2026-09-30
1003417,50003417,Retail,Mortgage,5257917.78,725,743,0,30,10.39,205,111,5892469.24,South,2026-09-30
1003418,50003418,Retail,Credit Card,356588.15,624,630,0,0,31.35,39,32,,North,2026-09-30
1003419,50003419,Corporate,Mortgage,9342416.47,900,900,0,0,7.09,166,159,14022475.69,South,2026-09-30
1003420,50003420,Retail,Auto Loan,301717.61,696,721,0,0,11.55,64,8,245119.61,West,2026-09-30
1003421,50003421,Retail,Credit Card,371925.35,761,774,0,0,25.41,19,14,,West,2026-09-30
1003422,50003422,Retail,Personal Loan,1044973.07,673,669,0,0,13.06,78,58,,West,2026-09-30
1003423,50003423,Retail,Auto Loan,1936986.16,612,646,0,0,13.7,76,55,,North,2026-09-30
1003424,50003424,SME,Mortgage,8345442.92,633,608,0,0,9.67,279,81,11863646.0,Central,2026-09-30
1003425,50003425,SME,Auto Loan,1638235.15,764,753,0,0,8.98,26,9,1009021.87,South,2026-09-30
1003426,50003426,Retail,Personal Loan,1143810.69,778,789,0,0,13.83,45,32,,West,2026-09-30
1003427,50003427,SME,SME Loan,2483678.86,778,759,0,0,10.03,50,23,,South,2026-09-30
1003428,50003428,Retail,Credit Card,162954.13,843,799,0,30,28.92,32,16,,East,2026-09-30
1003429,50003429,Retail,Auto Loan,977183.24,781,765,0,0,13.97,30,15,831601.49,East,2026-09-30
1003430,50003430,SME,SME Loan,7022819.24,605,629,15,15,16.5,106,50,,West,2026-09-30
1003431,50003431,Retail,Mortgage,4975353.58,720,727,0,0,7.6,298,273,5034413.31,Central,2026-09-30
1003432,50003432,SME,SME Loan,9061730.13,681,678,0,0,9.19,65,49,,South,2026-09-30
1003433,50003433,Retail,Auto Loan,1518585.84,709,728,15,15,13.0,76,33,1508462.59,West,2026-09-30
1003434,50003434,Retail,Personal Loan,565726.05,745,778,0,15,12.91,59,45,,West,2026-09-30
1003435,50003435,Retail,Personal Loan,1425351.84,750,721,0,0,14.3,38,23,,North,2026-09-30
1003436,50003436,Corporate,Corporate Loan,60450800.86,660,654,0,15,11.9,89,44,,West,2026-09-30
1003437,50003437,Retail,Personal Loan,1322938.05,853,844,0,0,11.02,17,3,,North,2026-09-30
1003438,50003438,Retail,Personal Loan,342497.96,814,791,0,0,18.31,64,64,,North,2026-09-30
1003439,50003439,Retail,Auto Loan,2544703.34,703,713,0,0,10.55,76,67,2279361.37,North,2026-09-30
1003440,50003440,Retail,Credit Card,438774.13,754,757,0,0,24.54,46,38,,West,2026-09-30
1003441,50003441,Retail,Mortgage,4490252.66,742,740,0,15,8.18,274,84,4538276.01,South,2026-09-30
1003442,50003442,Retail,Mortgage,939113.19,713,740,0,0,9.79,344,139,1335832.76,West,2026-09-30
1003443,50003443,Retail,Mortgage,4392772.51,786,767,0,15,9.55,208,103,3905309.2,East,2026-09-30
1003444,50003444,Retail,Personal Loan,442519.83,712,682,0,0,17.48,45,38,,East,2026-09-30
1003445,50003445,Retail,Mortgage,2131786.58,788,744,0,0,8.16,348,183,2924453.99,South,2026-09-30
1003446,50003446,Retail,Auto Loan,2185309.03,727,725,0,15,9.95,67,12,1592156.02,East,2026-09-30
1003447,50003447,Retail,Mortgage,8362315.21,706,745,0,0,9.74,261,122,10782716.44,South,2026-09-30
1003448,50003448,SME,Auto Loan,1998964.5,733,727,0,0,10.46,64,59,2047976.49,South,2026-09-30
1003449,50003449,Retail,Mortgage,8799540.92,751,730,0,0,7.91,278,175,11504371.22,West,2026-09-30
1003450,50003450,SME,SME Loan,2007901.92,755,743,0,0,16.64,113,38,,West,2026-09-30
1003451,50003451,Retail,Personal Loan,190081.98,644,677,0,0,13.19,23,23,,West,2026-09-30
1003452,50003452,SME,SME Loan,4054834.7,849,818,0,0,12.2,111,95,,West,2026-09-30
1003453,50003453,SME,Auto Loan,1794256.65,681,674,45,45,12.95,77,55,1231799.88,Central,2026-09-30
1003454,50003454,Retail,Personal Loan,1676704.49,684,689,0,30,14.85,44,27,,West,2026-09-30
1003455,50003455,Retail,Mortgage,7159798.5,615,607,180,165,7.05,317,123,6180392.12,West,2026-09-30
1003456,50003456,Retail,Personal Loan,501443.57,634,687,15,45,18.93,32,4,,East,2026-09-30
1003457,50003457,Retail,Personal Loan,216910.98,737,706,0,0,14.83,37,34,,West,2026-09-30
1003458,50003458,Retail,Credit Card,26264.66,722,709,0,0,34.3,12,7,,North,2026-09-30
1003459,50003459,Retail,Credit Card,390275.13,636,636,0,0,33.1,22,9,,North,2026-09-30
1003460,50003460,SME,SME Loan,9333377.92,737,725,0,15,14.7,93,19,,Central,2026-09-30
1003461,50003461,Retail,Credit Card,286389.01,711,680,0,0,27.37,59,30,,South,2026-09-30
1003462,50003462,SME,Mortgage,11765560.37,670,701,0,0,8.92,329,300,14893780.48,West,2026-09-30
1003463,50003463,SME,SME Loan,3172700.6,607,589,,195,17.26,95,40,,South,2026-09-30
1003464,50003464,Retail,Mortgage,5612421.91,704,710,0,0,8.79,182,140,7167269.67,Central,2026-09-30
1003465,50003465,Retail,Auto Loan,529863.32,642,657,0,15,8.53,66,62,569892.68,West,2026-09-30
1003466,50003466,Retail,Personal Loan,1029016.07,876,861,0,15,10.06,81,14,,East,2026-09-30
1003467,50003467,Retail,Credit Card,292245.99,681,730,0,0,28.86,19,19,,West,2026-09-30
1003468,50003468,Retail,Personal Loan,1381613.94,753,743,0,15,13.59,25,24,,East,2026-09-30
1003469,50003469,Retail,Auto Loan,1518746.35,724,696,45,45,12.98,38,31,1094806.29,North,2026-09-30
1003470,50003470,Retail,Credit Card,263211.5,683,682,0,15,41.36,54,34,,West,2026-09-30
1003471,50003471,Retail,Mortgage,11583610.1,713,717,0,0,9.04,265,94,15610018.68,South,2026-09-30
1003472,50003472,Retail,Auto Loan,403979.68,612,560,0,0,8.48,66,6,472660.32,East,2026-09-30
1003473,50003473,SME,SME Loan,11632890.99,623,590,0,15,9.75,89,61,,East,2026-09-30
1003474,50003474,SME,SME Loan,8088173.91,830,799,0,0,9.97,49,2,,South,2026-09-30
1003475,50003475,Retail,Mortgage,10240030.17,720,732,0,0,8.23,316,230,9448529.31,South,2026-09-30
1003476,50003476,SME,Auto Loan,3395515.02,799,829,0,0,10.65,64,24,3350974.11,South,2026-09-30
1003477,50003477,Retail,Personal Loan,1379024.11,634,647,0,15,15.33,44,18,,South,2026-09-30
1003478,50003478,Retail,Mortgage,8747649.96,640,649,0,30,7.93,147,146,8148490.2,West,2026-09-30
1003479,50003479,SME,SME Loan,10753873.43,633,650,0,30,15.49,29,4,,West,2026-09-30
1003480,50003480,Retail,Auto Loan,1785420.16,807,798,0,15,9.04,56,41,1370971.51,West,2026-09-30
1003481,50003481,Retail,Personal Loan,409980.0,649,640,0,0,17.68,31,28,,South,2026-09-30
1003482,50003482,Corporate,Mortgage,822980.73,603,576,0,0,10.25,291,202,834691.99,South,2026-09-30
1003483,50003483,Retail,Mortgage,9593619.27,598,603,0,30,7.53,232,73,8817315.91,North,2026-09-30
1003484,50003484,Retail,Mortgage,9484627.34,802,799,0,0,9.46,127,75,13763116.26,Central,2026-09-30
1003485,50003485,Retail,Mortgage,4967967.8,721,707,0,15,8.31,293,48,4358640.19,West,2026-09-30
1003486,50003486,Retail,Mortgage,5427502.81,748,683,0,30,9.37,177,14,7663182.03,South,2026-09-30
1003487,50003487,Retail,Mortgage,9288406.93,668,690,0,0,8.05,249,105,8422135.56,North,2026-09-30
1003488,50003488,Retail,Credit Card,414671.29,764,763,0,0,34.65,59,52,,West,2026-09-30
1003489,50003489,Retail,Mortgage,6598386.45,661,715,0,15,7.77,340,254,8432732.81,North,2026-09-30
1003490,50003490,Retail,Credit Card,364601.36,633,601,75,90,30.87,17,15,,East,2026-09-30
1003491,50003491,Retail,Auto Loan,434935.47,606,610,75,75,9.97,74,2,472406.72,West,2026-09-30
1003492,50003492,Retail,Mortgage,6531917.88,633,647,0,0,9.24,274,81,9238268.37,Central,2026-09-30
1003493,50003493,SME,Mortgage,1418238.41,804,817,0,0,8.38,272,168,1296676.39,East,2026-09-30
1003494,50003494,Retail,Mortgage,8276691.14,659,635,,30,9.1,192,67,7733602.2,South,2026-09-30
1003495,50003495,Retail,Credit Card,140831.75,850,827,0,0,36.41,36,35,,Central,2026-09-30
1003496,50003496,Retail,Mortgage,2102005.0,744,703,0,15,9.29,271,37,2037781.36,East,2026-09-30
1003497,50003497,Retail,Credit Card,266492.63,612,622,15,0,31.73,40,35,,Central,2026-09-30
1003498,50003498,Retail,Mortgage,11318361.84,713,713,0,0,10.49,217,95,16942125.12,North,2026-09-30
1003499,50003499,SME,Mortgage,4593469.01,727,735,0,0,8.45,248,237,6544243.53,West,2026-09-30
1003500,50003500,Retail,Credit Card,195112.98,604,644,0,15,41.68,38,1,,South,2026-09-30
1003501,50003501,Retail,Personal Loan,422489.18,783,770,0,30,11.07,24,10,,North,2026-09-30
1003502,50003502,Retail,Credit Card,469020.94,696,704,30,60,37.87,21,17,,South,2026-09-30
1003503,50003503,Retail,Mortgage,4747694.42,626,647,30,60,10.36,201,2,7032319.86,East,2026-09-30
1003504,50003504,SME,SME Loan,2153433.31,679,653,45,45,12.32,13,6,,South,2026-09-30
1003505,50003505,Retail,Auto Loan,1009450.07,655,675,0,0,10.14,32,1,618275.03,South,2026-09-30
1003506,50003506,Retail,Mortgage,11278255.33,685,677,0,0,9.1,237,9,15972413.61,North,2026-09-30
1003507,50003507,SME,SME Loan,551336.88,622,627,120,90,13.54,77,52,,South,2026-09-30
1003508,50003508,SME,SME Loan,12700212.22,730,731,0,0,14.74,93,9,,South,2026-09-30
1003509,50003509,Retail,Auto Loan,521756.39,734,728,0,0,10.2,69,15,596051.23,Central,2026-09-30
1003510,50003510,SME,SME Loan,4437028.37,651,692,0,15,14.31,47,35,,Central,2026-09-30
1003511,50003511,Retail,Personal Loan,85638.88,658,652,0,30,10.83,27,25,,South,2026-09-30
1003512,50003512,Retail,Mortgage,7208569.53,733,691,0,0,8.09,174,1,6361795.79,South,2026-09-30
1003513,50003513,Retail,Mortgage,11790260.79,745,770,0,0,10.07,321,239,14688992.3,North,2026-09-30
1003514,50003514,SME,Auto Loan,2758558.61,818,806,0,0,10.74,26,17,2491921.2,Central,2026-09-30
1003515,50003515,Retail,Auto Loan,3120972.13,633,649,0,30,8.58,33,32,2756926.91,West,2026-09-30
1003516,50003516,Retail,Auto Loan,3026105.14,643,673,45,60,8.88,38,19,3268674.69,East,2026-09-30
1003517,50003517,Retail,Mortgage,11355695.58,739,726,0,0,7.78,120,120,12722724.3,East,2026-09-30
1003518,50003518,Retail,Mortgage,10855199.07,719,715,0,0,7.08,148,123,12307792.9,North,2026-09-30
1003519,50003519,Retail,Personal Loan,361805.39,699,717,0,0,14.31,83,30,,West,2026-09-30
1003520,50003520,Retail,Personal Loan,894259.92,641,660,0,30,16.52,43,10,,West,2026-09-30
1003521,50003521,Retail,Auto Loan,587468.47,677,672,0,30,12.44,60,4,653463.5,West,2026-09-30
1003522,50003522,Retail,Mortgage,11890416.42,667,628,180,180,7.93,140,109,15115292.04,West,2026-09-30
1003523,50003523,Retail,Auto Loan,2925162.08,641,654,0,15,11.52,30,21,3225747.9,South,2026-09-30
1003524,50003524,Retail,Auto Loan,2636239.04,669,699,0,0,13.07,55,34,2886124.75,West,2026-09-30
1003525,50003525,Retail,Mortgage,2561450.02,750,739,30,0,10.2,136,135,2254693.0,East,2026-09-30
1003526,50003526,Retail,Auto Loan,1246227.78,667,690,0,30,8.33,40,31,856141.03,Central,2026-09-30
1003527,50003527,Retail,Auto Loan,1097787.12,704,703,0,0,9.81,31,23,1140681.79,East,2026-09-30
1003528,50003528,Retail,Personal Loan,1946821.38,649,616,0,0,11.37,54,37,,Central,2026-09-30
1003529,50003529,Retail,Mortgage,8419867.08,736,728,0,15,7.79,274,251,11261331.17,West,2026-09-30
1003530,50003530,SME,Auto Loan,400401.12,479,531,0,0,12.62,24,22,270106.87,East,2026-09-30
1003531,50003531,Retail,Mortgage,2490609.22,698,679,0,0,9.53,191,146,3105614.88,East,2026-09-30
1003532,50003532,Retail,Auto Loan,1340124.09,731,736,0,15,8.31,49,24,941941.11,South,2026-09-30
1003533,50003533,Retail,Mortgage,5502266.63,561,592,0,15,10.13,227,216,7154075.85,West,2026-09-30
1003534,50003534,SME,SME Loan,12867702.06,716,729,0,15,12.47,33,12,,North,2026-09-30
1003535,50003535,Retail,Auto Loan,1791044.58,666,637,0,15,12.11,28,7,2041745.23,North,2026-09-30
1003536,50003536,Retail,Credit Card,156170.11,679,668,0,30,38.84,36,19,,South,2026-09-30
1003537,50003537,SME,Auto Loan,3406089.74,696,721,0,0,9.95,46,2,3454917.26,West,2026-09-30
1003538,50003538,Retail,Auto Loan,3152082.19,661,669,0,0,9.13,48,44,1897597.79,South,2026-09-30
1003539,50003539,Retail,Personal Loan,611200.95,751,759,0,15,12.01,34,31,,West,2026-09-30
1003540,50003540,Retail,Auto Loan,341025.24,725,737,0,15,9.23,34,13,242781.93,South,2026-09-30
1003541,50003541,Retail,Mortgage,7924900.22,666,642,0,15,8.26,218,204,7816642.15,South,2026-09-30
1003542,50003542,Retail,Mortgage,7832872.49,708,709,0,0,9.74,341,151,10251169.64,South,2026-09-30
1003543,50003543,Retail,Mortgage,3692262.07,682,683,30,45,8.3,296,17,3437604.43,East,2026-09-30
1003544,50003544,Retail,Personal Loan,1777675.48,788,789,30,30,18.06,57,30,,East,2026-09-30
1003545,50003545,SME,Auto Loan,249243.49,646,637,30,15,11.35,83,7,199914.69,East,2026-09-30
1003546,50003546,Retail,Credit Card,310389.86,782,773,0,0,31.09,43,35,,North,2026-09-30
1003547,50003547,Retail,Mortgage,3560013.05,675,690,0,15,9.81,201,61,4361322.83,West,2026-09-30
1003548,50003548,Retail,Mortgage,2041625.05,807,817,0,30,9.97,174,154,2581025.51,North,2026-09-30
1003549,50003549,Retail,Mortgage,4504948.64,685,679,0,0,7.48,189,60,5901170.11,South,2026-09-30
1003550,50003550,Corporate,Corporate Loan,25066799.28,851,860,0,0,11.09,65,44,,Central,2026-09-30
1003551,50003551,SME,SME Loan,13239621.97,740,744,0,0,13.88,44,40,,South,2026-09-30
1003552,50003552,Retail,Personal Loan,1095434.37,685,669,0,30,16.06,33,10,,East,2026-09-30
1003553,50003553,Retail,Auto Loan,1636631.59,694,691,0,0,10.83,36,6,1772263.18,North,2026-09-30
1003554,50003554,Retail,Personal Loan,1008862.79,806,769,0,15,15.72,56,16,,North,2026-09-30
1003555,50003555,Retail,Auto Loan,2428545.59,616,613,0,15,8.83,79,64,2141785.06,North,2026-09-30
1003556,50003556,Retail,Credit Card,413078.08,665,663,0,0,33.81,49,29,,East,2026-09-30
1003557,50003557,Retail,Personal Loan,751979.61,753,748,0,0,18.1,70,32,,South,2026-09-30
1003558,50003558,Retail,Auto Loan,789344.05,685,658,75,75,11.56,48,15,643805.89,Central,2026-09-30
1003559,50003559,Retail,Personal Loan,1934157.04,639,632,0,0,18.19,44,4,,East,2026-09-30
1003560,50003560,Retail,Credit Card,434655.14,682,710,0,0,39.9,21,8,,West,2026-09-30
1003561,50003561,SME,Auto Loan,1333389.05,739,723,0,0,9.59,76,22,1304046.91,East,2026-09-30
1003562,50003562,Retail,Mortgage,5034830.49,686,697,30,60,9.31,120,105,7400443.49,North,2026-09-30
1003563,50003563,SME,SME Loan,13265707.03,803,817,0,15,17.2,33,25,,West,2026-09-30
1003564,50003564,Retail,Auto Loan,1702348.7,783,744,0,0,13.34,33,7,1240425.92,South,2026-09-30
1003565,50003565,Retail,Credit Card,232859.32,740,753,0,0,26.25,59,41,,South,2026-09-30
1003566,50003566,Retail,Mortgage,2498460.23,831,847,0,0,9.51,323,170,3622141.37,West,2026-09-30
1003567,50003567,Retail,Personal Loan,272480.25,735,740,0,0,12.19,83,46,,North,2026-09-30
1003568,50003568,Retail,Mortgage,10487895.84,690,726,0,0,9.5,250,117,16120458.04,East,2026-09-30
1003569,50003569,Retail,Mortgage,11927593.36,691,696,0,0,8.86,266,157,18235594.06,West,2026-09-30
1003570,50003570,SME,Auto Loan,907249.91,738,717,0,0,13.38,59,22,628091.31,North,2026-09-30
1003571,50003571,Retail,Mortgage,11005065.64,712,697,0,0,8.53,151,99,9829065.82,West,2026-09-30
1003572,50003572,SME,Mortgage,8344512.78,699,689,0,0,9.71,121,65,12088639.77,South,2026-09-30
1003573,50003573,Retail,Auto Loan,614967.16,709,709,0,0,12.29,55,38,734744.69,West,2026-09-30
1003574,50003574,Retail,Mortgage,11862385.96,725,728,0,0,9.63,146,102,10363069.77,East,2026-09-30
1003575,50003575,Retail,Credit Card,328087.72,810,830,0,0,38.75,56,18,,East,2026-09-30
1003576,50003576,Retail,Auto Loan,2400037.56,804,774,0,0,8.24,63,43,1785099.11,South,2026-09-30
1003577,50003577,Retail,Personal Loan,1279463.43,671,665,0,30,11.67,67,58,,West,2026-09-30
1003578,50003578,Retail,Auto Loan,1341268.89,661,681,0,0,11.24,49,10,1229659.16,West,2026-09-30
1003579,50003579,Retail,Credit Card,343357.1,778,777,0,15,33.51,21,17,,North,2026-09-30
1003580,50003580,SME,Auto Loan,1882871.29,710,708,0,30,9.74,65,18,1157665.43,West,2026-09-30
1003581,50003581,Retail,Auto Loan,892996.62,726,702,0,0,12.01,37,36,724693.57,North,2026-09-30
1003582,50003582,SME,Auto Loan,593067.53,708,727,45,45,13.48,78,25,666180.94,West,2026-09-30
1003583,50003583,Retail,Mortgage,5950258.24,726,710,0,0,10.43,144,63,9000418.26,West,2026-09-30
1003584,50003584,Retail,Personal Loan,289439.71,779,741,0,0,16.83,59,31,,West,2026-09-30
1003585,50003585,Retail,Mortgage,4180363.94,860,843,0,0,10.41,158,63,6342935.12,South,2026-09-30
1003586,50003586,Retail,Auto Loan,590736.19,575,600,0,0,12.85,54,30,528740.93,West,2026-09-30
1003587,50003587,Retail,Credit Card,207539.16,613,647,45,45,24.05,29,1,,South,2026-09-30
1003588,50003588,SME,SME Loan,3366423.29,744,732,0,0,17.77,85,44,,West,2026-09-30
1003589,50003589,Retail,Personal Loan,1223721.36,579,623,0,0,15.27,16,8,,South,2026-09-30
1003590,50003590,Retail,Auto Loan,504908.8,690,674,0,15,9.79,56,9,574238.24,West,2026-09-30
1003591,50003591,Retail,Personal Loan,118246.77,720,707,0,0,16.57,16,9,,West,2026-09-30
1003592,50003592,Retail,Credit Card,457980.76,863,854,0,0,37.4,40,1,,South,2026-09-30
1003593,50003593,SME,Auto Loan,983723.43,630,641,0,15,12.58,36,15,1095166.64,North,2026-09-30
1003594,50003594,Retail,Mortgage,6804678.08,615,630,0,0,8.36,164,104,7130687.32,East,2026-09-30
1003595,50003595,Retail,Credit Card,340040.25,715,718,0,0,37.12,48,8,,South,2026-09-30
1003596,50003596,Retail,Personal Loan,1779308.13,632,632,75,60,17.44,27,2,,East,2026-09-30
1003597,50003597,Retail,Mortgage,5607051.22,677,677,15,45,9.07,124,90,5762729.78,East,2026-09-30
1003598,50003598,Retail,Mortgage,10286041.82,618,625,0,0,8.54,325,35,14504608.44,South,2026-09-30
1003599,50003599,Retail,Auto Loan,1789114.02,641,646,0,0,11.31,83,10,1378452.07,South,2026-09-30
1003600,50003600,Corporate,Corporate Loan,10263964.4,670,664,0,0,7.98,66,19,,Central,2026-09-30
1003601,50003601,Retail,Auto Loan,1695862.45,595,572,0,0,10.23,32,31,1650531.81,North,2026-09-30
1003602,50003602,Retail,Personal Loan,111377.33,728,723,45,30,11.25,65,57,,North,2026-09-30
1003603,50003603,Retail,Mortgage,4643987.7,671,677,0,0,9.88,134,133,4924556.0,East,2026-09-30
1003604,50003604,Retail,Mortgage,8964628.95,800,834,0,0,7.23,319,92,8973514.08,East,2026-09-30
1003605,50003605,Corporate,Corporate Loan,3748432.81,750,738,0,15,9.75,178,60,,Central,2026-09-30
1003606,50003606,Retail,Personal Loan,661553.3,660,646,60,75,11.64,78,56,,West,2026-09-30
1003607,50003607,Retail,Personal Loan,758570.83,698,650,0,0,17.97,72,4,,West,2026-09-30
1003608,50003608,Retail,Personal Loan,454991.6,711,696,0,0,18.36,73,8,,East,2026-09-30
1003609,50003609,Retail,Credit Card,122914.0,797,772,0,0,25.84,57,32,,North,2026-09-30
1003610,50003610,Retail,Personal Loan,414178.94,707,705,0,0,15.39,74,7,,West,2026-09-30
1003611,50003611,Retail,Personal Loan,1066599.78,567,600,45,45,17.7,82,64,,West,2026-09-30
1003612,50003612,Retail,Personal Loan,859756.07,536,510,0,0,15.45,64,61,,West,2026-09-30
1003613,50003613,Retail,Personal Loan,178708.71,706,675,0,0,15.43,12,6,,South,2026-09-30
1003614,50003614,Retail,Personal Loan,547378.62,655,653,0,0,10.42,36,36,,North,2026-09-30
1003615,50003615,Retail,Credit Card,63324.83,,682,0,0,30.51,59,6,,East,2026-09-30
1003616,50003616,Retail,Credit Card,361687.19,870,869,0,0,31.55,45,29,,West,2026-09-30
1003617,50003617,Retail,Mortgage,11719412.15,749,747,0,0,10.07,344,203,13776626.85,West,2026-09-30
1003618,50003618,Corporate,Corporate Loan,50361118.71,801,803,0,0,13.85,93,52,,Central,2026-09-30
1003619,50003619,Retail,Auto Loan,2972839.46,716,720,0,0,12.95,51,12,2844225.65,Central,2026-09-30
1003620,50003620,Retail,Credit Card,200066.68,779,750,0,0,38.36,13,11,,North,2026-09-30
1003621,50003621,Retail,Personal Loan,623329.46,759,797,0,30,19.89,17,5,,West,2026-09-30
1003622,50003622,Retail,Personal Loan,501979.45,721,712,75,75,15.57,13,5,,West,2026-09-30
1003623,50003623,Corporate,Corporate Loan,59151879.35,764,763,0,0,12.34,56,6,,North,2026-09-30
1003624,50003624,Retail,Personal Loan,1133469.63,657,695,30,15,14.8,48,37,,East,2026-09-30
1003625,50003625,Retail,Credit Card,429080.53,691,715,0,0,36.62,32,31,,Central,2026-09-30
1003626,50003626,Retail,Mortgage,8337767.58,651,689,120,150,7.01,259,186,9481716.77,West,2026-09-30
1003627,50003627,SME,Mortgage,7316606.94,641,666,0,0,9.23,288,285,8450088.14,Central,2026-09-30
1003628,50003628,Retail,Mortgage,8760186.31,751,740,0,0,10.3,145,26,9256896.34,West,2026-09-30
1003629,50003629,Retail,Personal Loan,466042.7,579,595,15,45,15.53,53,37,,North,2026-09-30
1003630,50003630,SME,SME Loan,4213514.02,621,653,120,120,14.35,40,35,,Central,2026-09-30
1003631,50003631,Retail,Mortgage,5290308.15,632,648,0,15,8.34,128,104,6872009.99,Central,2026-09-30
1003632,50003632,Retail,Auto Loan,930617.42,560,555,0,15,8.97,71,7,888869.59,West,2026-09-30
1003633,50003633,Retail,Auto Loan,3218966.47,696,679,15,15,10.71,35,10,2707501.84,East,2026-09-30
1003634,50003634,Retail,Credit Card,355612.09,745,777,0,15,27.36,18,11,,Central,2026-09-30
1003635,50003635,SME,SME Loan,11909220.97,673,692,0,30,13.02,77,47,,Central,2026-09-30
1003636,50003636,SME,SME Loan,4793564.79,673,648,0,15,17.01,63,51,,South,2026-09-30
1003637,50003637,Retail,Credit Card,373869.07,844,838,0,0,29.63,26,9,,Central,2026-09-30
1003638,50003638,Retail,Mortgage,2220544.85,801,782,0,30,8.44,182,62,3423688.21,East,2026-09-30
1003639,50003639,Retail,Mortgage,11293261.12,747,717,0,0,10.2,288,145,16899975.71,North,2026-09-30
1003640,50003640,Retail,Auto Loan,346859.99,819,814,0,30,8.02,33,29,395652.17,East,2026-09-30
1003641,50003641,Corporate,Corporate Loan,3449649.77,757,771,0,0,13.61,179,49,,West,2026-09-30
1003642,50003642,Retail,Mortgage,1781931.86,592,617,180,165,10.39,218,11,2005415.55,West,2026-09-30
1003643,50003643,SME,SME Loan,663374.66,820,814,0,0,9.13,50,39,,West,2026-09-30
1003644,50003644,Retail,Mortgage,10885610.64,794,791,0,0,10.43,342,287,14808224.55,West,2026-09-30
1003645,50003645,Retail,Credit Card,294407.75,739,746,0,15,35.53,22,12,,North,2026-09-30
1003646,50003646,SME,SME Loan,7703404.99,620,652,0,0,11.7,19,5,,West,2026-09-30
1003647,50003647,SME,SME Loan,14619971.77,613,583,0,15,15.61,68,34,,North,2026-09-30
1003648,50003648,Retail,Auto Loan,2117086.71,666,633,0,0,12.88,48,22,1558223.23,East,2026-09-30
1003649,50003649,Retail,Mortgage,2367710.49,756,739,0,0,7.37,344,42,2967308.58,South,2026-09-30
1003650,50003650,Corporate,Mortgage,9713867.74,692,674,0,30,10.22,180,155,14956633.96,South,2026-09-30
1003651,50003651,Retail,Mortgage,5621320.51,709,703,0,0,9.29,320,89,8596569.46,South,2026-09-30
1003652,50003652,Retail,Mortgage,1184615.98,607,630,0,0,7.81,286,23,1799266.47,North,2026-09-30
1003653,50003653,Corporate,Mortgage,11054790.88,704,688,0,0,7.18,236,149,12501020.79,North,2026-09-30
1003654,50003654,Retail,Auto Loan,1486635.19,722,766,0,0,11.37,81,54,1200044.26,West,2026-09-30
1003655,50003655,Retail,Auto Loan,1076407.58,694,714,0,0,11.93,76,16,1138129.49,West,2026-09-30
1003656,50003656,Retail,Personal Loan,395201.39,666,661,0,15,19.01,73,57,,West,2026-09-30
1003657,50003657,Retail,Mortgage,4230760.77,870,840,0,0,7.22,323,60,4662998.6,North,2026-09-30
1003658,50003658,Retail,Mortgage,4822652.39,680,697,0,0,8.11,123,102,4575255.28,South,2026-09-30
1003659,50003659,Retail,Credit Card,346051.27,706,655,0,0,31.71,33,19,,North,2026-09-30
1003660,50003660,Retail,Credit Card,329492.18,647,651,0,0,35.09,56,25,,North,2026-09-30
1003661,50003661,SME,SME Loan,10875556.74,828,796,30,45,16.0,112,92,,East,2026-09-30
1003662,50003662,Retail,Mortgage,1659810.65,619,624,0,0,9.58,267,214,2140845.21,West,2026-09-30
1003663,50003663,Retail,Personal Loan,59779.3,781,786,0,0,19.89,34,26,,West,2026-09-30
1003664,50003664,SME,SME Loan,5181292.35,548,539,180,180,10.96,120,24,,East,2026-09-30
1003665,50003665,Retail,Auto Loan,2940122.22,799,787,0,15,8.26,60,56,1863613.23,East,2026-09-30
1003666,50003666,Retail,Credit Card,348112.59,594,608,0,15,25.34,34,11,,West,2026-09-30
1003667,50003667,Corporate,Corporate Loan,60994414.54,663,642,0,15,8.87,123,79,,North,2026-09-30
1003668,50003668,Retail,Auto Loan,1274526.72,756,747,0,0,8.58,24,5,1078259.21,North,2026-09-30
1003669,50003669,Retail,Mortgage,1484897.95,735,731,0,0,9.66,256,120,1863540.97,West,2026-09-30
1003670,50003670,Retail,Credit Card,247840.92,676,667,0,30,37.41,58,26,,South,2026-09-30
1003671,50003671,Retail,Mortgage,5510113.64,649,616,60,60,7.91,349,189,4897621.23,South,2026-09-30
1003672,50003672,Corporate,Corporate Loan,63395933.46,768,761,0,0,7.87,137,92,,Central,2026-09-30
1003673,50003673,Retail,Credit Card,311937.96,714,710,0,0,31.58,28,22,,Central,2026-09-30
1003674,50003674,SME,Auto Loan,3146480.25,657,667,0,0,12.99,30,9,2400441.12,North,2026-09-30
1003675,50003675,Retail,Personal Loan,1126040.37,831,809,0,0,13.12,18,12,,South,2026-09-30
1003676,50003676,SME,SME Loan,12443703.15,615,633,60,75,12.54,35,26,,East,2026-09-30
1003677,50003677,Retail,Credit Card,164829.09,605,613,0,0,36.63,54,3,,Central,2026-09-30
1003678,50003678,Retail,Personal Loan,122414.83,742,740,0,0,19.29,56,54,,East,2026-09-30
1003679,50003679,Retail,Personal Loan,945683.34,586,609,0,0,14.64,71,61,,North,2026-09-30
1003680,50003680,Retail,Credit Card,261792.25,702,701,45,30,24.25,44,37,,West,2026-09-30
1003681,50003681,Retail,Credit Card,449544.99,709,704,15,15,39.04,37,17,,Central,2026-09-30
1003682,50003682,Corporate,Corporate Loan,44235130.16,828,781,0,0,8.38,142,56,,West,2026-09-30
1003683,50003683,Retail,Personal Loan,517438.86,670,676,,0,17.31,73,48,,South,2026-09-30
1003684,50003684,Retail,Mortgage,9911432.41,725,740,0,0,9.25,130,7,11455541.75,South,2026-09-30
1003685,50003685,SME,SME Loan,6928205.88,665,625,0,0,15.49,66,62,,West,2026-09-30
1003686,50003686,Retail,Personal Loan,373108.75,720,745,15,15,18.22,44,36,,West,2026-09-30
1003687,50003687,SME,SME Loan,6493237.59,810,746,0,0,14.77,18,17,,North,2026-09-30
1003688,50003688,Retail,Personal Loan,1862877.41,637,644,0,15,16.8,55,52,,South,2026-09-30
1003689,50003689,Retail,Mortgage,2428430.83,589,608,0,0,9.04,171,149,2787207.34,Central,2026-09-30
1003690,50003690,Corporate,Corporate Loan,23526470.22,760,769,0,0,12.48,104,88,,South,2026-09-30
1003691,50003691,Retail,Mortgage,4219359.91,794,808,0,0,7.93,253,230,5816940.6,West,2026-09-30
1003692,50003692,Retail,Personal Loan,1869340.87,756,759,0,0,13.49,48,35,,South,2026-09-30
1003693,50003693,Retail,Credit Card,404302.61,720,731,0,15,27.41,52,17,,West,2026-09-30
1003694,50003694,Corporate,Corporate Loan,60700995.14,,726,0,0,12.89,165,144,,West,2026-09-30
1003695,50003695,SME,SME Loan,2844926.1,720,742,0,30,10.72,98,85,,East,2026-09-30
1003696,50003696,Retail,Personal Loan,791190.31,726,708,0,15,17.31,71,30,,West,2026-09-30
1003697,50003697,Retail,Mortgage,11333448.04,759,753,0,0,8.6,256,45,13196082.76,North,2026-09-30
1003698,50003698,Retail,Personal Loan,237849.47,773,798,0,0,13.93,36,33,,West,2026-09-30
1003699,50003699,Retail,Credit Card,416889.87,738,764,0,0,25.39,33,23,,East,2026-09-30
1003700,50003700,Retail,Personal Loan,1674139.77,638,634,0,15,16.15,83,19,,East,2026-09-30
1003701,50003701,Retail,Credit Card,340874.57,816,805,0,0,32.06,53,50,,West,2026-09-30
1003702,50003702,Retail,Personal Loan,1522158.84,682,678,0,15,12.23,50,41,,North,2026-09-30
1003703,50003703,Retail,Mortgage,3390935.93,741,773,0,0,9.44,293,145,3824459.55,West,2026-09-30
1003704,50003704,Retail,Personal Loan,990040.52,686,668,0,0,15.65,48,19,,West,2026-09-30
1003705,50003705,Retail,Mortgage,1469020.52,722,740,0,0,8.99,334,276,1865639.41,West,2026-09-30
1003706,50003706,SME,SME Loan,10680011.91,677,693,0,0,11.78,91,18,,West,2026-09-30
1003707,50003707,Retail,Mortgage,11295144.37,731,700,0,0,8.09,341,15,10429826.03,North,2026-09-30
1003708,50003708,Retail,Credit Card,272928.96,722,762,0,0,28.69,18,10,,West,2026-09-30
1003709,50003709,Retail,Auto Loan,2361852.11,668,686,0,15,8.7,41,41,1689268.85,South,2026-09-30
1003710,50003710,Retail,Credit Card,335405.94,561,562,0,0,34.34,19,19,,West,2026-09-30
1003711,50003711,Retail,Auto Loan,2082185.35,698,709,0,0,10.68,28,11,1608507.48,North,2026-09-30
1003712,50003712,SME,SME Loan,11163632.23,752,734,0,0,12.57,26,7,,South,2026-09-30
1003713,50003713,SME,SME Loan,1738053.82,740,752,0,0,16.21,56,30,,Central,2026-09-30
1003714,50003714,SME,SME Loan,2389923.41,892,851,0,0,12.4,79,9,,Central,2026-09-30
1003715,50003715,SME,SME Loan,3892531.62,676,698,0,0,10.88,116,3,,East,2026-09-30
1003716,50003716,Retail,Personal Loan,1815106.05,752,779,0,0,15.2,62,47,,North,2026-09-30
1003717,50003717,Retail,Auto Loan,376384.14,707,737,0,0,10.44,34,33,297894.89,West,2026-09-30
1003718,50003718,SME,SME Loan,10827329.52,778,775,0,0,17.82,110,9,,Central,2026-09-30
1003719,50003719,Retail,Mortgage,7388413.73,563,564,0,30,8.44,137,116,6690778.49,North,2026-09-30
1003720,50003720,SME,SME Loan,8059737.28,716,665,15,15,17.26,35,27,,North,2026-09-30
1003721,50003721,Retail,Mortgage,5643989.96,704,680,0,0,7.07,310,257,8141986.53,West,2026-09-30
1003722,50003722,SME,SME Loan,4022327.33,652,667,0,0,13.0,51,42,,West,2026-09-30
1003723,50003723,SME,Auto Loan,2268890.09,731,730,0,0,9.64,26,22,2678179.25,South,2026-09-30
1003724,50003724,Retail,Personal Loan,1073340.95,629,657,60,60,13.39,31,24,,West,2026-09-30
1003725,50003725,Corporate,Corporate Loan,9879561.88,779,761,0,0,7.55,144,12,,West,2026-09-30
1003726,50003726,SME,Auto Loan,3285749.68,639,591,0,0,8.49,28,22,2840848.41,West,2026-09-30
1003727,50003727,SME,Auto Loan,3067703.02,685,723,0,15,12.38,67,65,2664788.89,North,2026-09-30
1003728,50003728,Retail,Mortgage,9879552.66,769,789,0,0,7.43,247,209,13869955.23,South,2026-09-30
1003729,50003729,Retail,Personal Loan,1845997.45,740,786,0,0,12.92,20,13,,West,2026-09-30
1003730,50003730,Retail,Personal Loan,1065372.59,816,804,0,0,10.7,78,45,,West,2026-09-30
1003731,50003731,Retail,Auto Loan,3286984.6,714,717,0,0,12.05,60,60,2488581.28,North,2026-09-30
1003732,50003732,Retail,Mortgage,9255424.91,690,657,0,0,8.3,249,65,14257823.21,West,2026-09-30
1003733,50003733,SME,SME Loan,2426424.2,694,712,0,15,17.6,59,12,,North,2026-09-30
1003734,50003734,Retail,Personal Loan,820345.31,771,740,45,15,17.34,55,53,,South,2026-09-30
1003735,50003735,Retail,Auto Loan,334721.16,801,771,0,0,9.53,47,16,298731.96,South,2026-09-30
1003736,50003736,Retail,Personal Loan,1999909.45,596,568,30,30,12.26,41,16,,East,2026-09-30
1003737,50003737,Retail,Personal Loan,881306.69,,756,0,0,12.48,33,17,,South,2026-09-30
1003738,50003738,Retail,Mortgage,3618821.55,745,734,0,0,7.71,254,20,,South,2026-09-30
1003739,50003739,Retail,Mortgage,4466445.91,762,743,0,0,7.44,227,8,5819319.18,West,2026-09-30
1003740,50003740,Retail,Mortgage,8837468.78,722,714,0,0,7.69,174,94,8096107.15,South,2026-09-30
1003741,50003741,Retail,Personal Loan,945122.89,728,763,0,0,13.99,77,27,,West,2026-09-30
1003742,50003742,Retail,Personal Loan,1404346.88,741,763,0,30,15.73,83,59,,South,2026-09-30
1003743,50003743,Retail,Mortgage,11437387.44,733,751,0,0,10.11,139,88,15971961.8,North,2026-09-30
1003744,50003744,Retail,Mortgage,11191080.72,782,788,0,0,10.07,134,21,10934367.79,East,2026-09-30
1003745,50003745,Retail,Personal Loan,862711.85,648,636,45,60,16.83,30,28,,North,2026-09-30
1003746,50003746,Retail,Personal Loan,1166995.0,716,735,120,105,19.98,42,30,,Central,2026-09-30
1003747,50003747,Retail,Mortgage,6064132.29,797,826,0,0,8.29,184,51,5856880.53,South,2026-09-30
1003748,50003748,Retail,Credit Card,499094.04,654,683,30,30,40.73,37,17,,West,2026-09-30
1003749,50003749,Retail,Personal Loan,295876.41,638,650,75,75,19.74,24,7,,North,2026-09-30
1003750,50003750,Retail,Auto Loan,2773562.59,709,671,0,30,10.01,62,51,3055290.32,South,2026-09-30
1003751,50003751,SME,SME Loan,1112636.72,646,619,0,15,16.48,54,49,,Central,2026-09-30
1003752,50003752,Retail,Mortgage,6345764.82,690,682,0,0,9.36,187,13,5661428.15,West,2026-09-30
1003753,50003753,Retail,Personal Loan,1220957.12,455,492,120,120,12.08,49,33,,Central,2026-09-30
1003754,50003754,Retail,Credit Card,207646.88,679,690,15,15,33.82,47,24,,North,2026-09-30
1003755,50003755,Retail,Personal Loan,208780.18,702,688,15,15,13.0,22,22,,South,2026-09-30
1003756,50003756,Retail,Mortgage,10219530.27,648,652,0,30,8.85,297,189,11218958.42,Central,2026-09-30
1003757,50003757,Retail,Mortgage,8748905.75,703,700,0,15,8.84,179,87,7766030.77,West,2026-09-30
1003758,50003758,Retail,Credit Card,219337.84,640,684,0,30,31.96,45,5,,West,2026-09-30
1003759,50003759,Retail,Credit Card,468228.53,716,711,0,0,39.67,26,12,,North,2026-09-30
1003760,50003760,Retail,Mortgage,6429070.63,587,594,0,0,10.06,217,162,6753903.81,West,2026-09-30
1003761,50003761,SME,SME Loan,9004765.11,727,738,0,0,16.49,57,10,,West,2026-09-30
1003762,50003762,Retail,Auto Loan,1113807.69,648,650,0,0,13.61,77,23,748017.93,South,2026-09-30
1003763,50003763,Retail,Personal Loan,1605487.55,805,821,0,0,19.72,56,10,,South,2026-09-30
1003764,50003764,SME,SME Loan,9422944.19,658,655,0,0,11.44,79,25,,West,2026-09-30
1003765,50003765,Retail,Credit Card,332255.2,680,694,0,0,35.65,55,35,,North,2026-09-30
1003766,50003766,SME,SME Loan,7724312.91,660,704,0,30,13.17,36,14,,East,2026-09-30
1003767,50003767,Retail,Auto Loan,2319079.39,698,698,30,60,13.23,27,19,2134912.52,West,2026-09-30
1003768,50003768,Retail,Credit Card,348747.43,700,700,,30,26.41,39,28,,West,2026-09-30
1003769,50003769,Retail,Personal Loan,1077574.21,682,701,30,60,11.01,64,12,,South,2026-09-30
1003770,50003770,SME,SME Loan,12972877.51,712,758,0,0,10.6,55,12,,West,2026-09-30
1003771,50003771,Retail,Auto Loan,2788905.99,710,714,120,105,8.67,66,17,3232170.83,North,2026-09-30
1003772,50003772,SME,SME Loan,12140342.28,659,677,0,0,14.41,31,18,,East,2026-09-30
1003773,50003773,Retail,Auto Loan,757369.35,700,724,0,0,12.22,31,17,722454.24,West,2026-09-30
1003774,50003774,Retail,Mortgage,4320981.05,811,779,0,30,8.41,358,72,5419841.57,Central,2026-09-30
1003775,50003775,Retail,Mortgage,7080933.11,757,752,0,15,9.98,204,140,10248545.72,West,2026-09-30
1003776,50003776,Retail,Auto Loan,2474663.67,867,859,0,0,10.26,56,44,2645430.7,West,2026-09-30
1003777,50003777,SME,SME Loan,6569846.08,668,653,0,30,10.6,99,65,,East,2026-09-30
1003778,50003778,Retail,Auto Loan,489703.39,689,661,0,0,12.58,33,21,549266.26,South,2026-09-30
1003779,50003779,Retail,Personal Loan,1367544.61,767,741,0,0,18.52,19,4,,West,2026-09-30
1003780,50003780,Retail,Personal Loan,780576.61,747,777,0,0,18.83,52,23,,South,2026-09-30
1003781,50003781,Retail,Credit Card,97084.18,677,677,0,0,25.83,32,20,,East,2026-09-30
1003782,50003782,Retail,Personal Loan,999685.25,738,741,0,0,19.35,38,20,,West,2026-09-30
1003783,50003783,Retail,Mortgage,9876489.74,808,813,0,30,9.25,331,241,9268990.1,West,2026-09-30
1003784,50003784,Retail,Credit Card,468255.99,689,658,0,0,34.17,21,14,,North,2026-09-30
1003785,50003785,SME,SME Loan,7198796.35,818,837,0,0,17.88,23,11,,Central,2026-09-30
1003786,50003786,Retail,Mortgage,10676525.78,571,600,0,0,7.26,256,30,15022978.1,North,2026-09-30
1003787,50003787,Retail,Personal Loan,1700487.85,734,772,0,0,15.13,13,11,,East,2026-09-30
1003788,50003788,Corporate,Corporate Loan,43674924.03,777,786,0,0,9.63,80,48,,South,2026-09-30
1003789,50003789,Retail,Personal Loan,1421932.52,771,766,0,0,14.98,18,17,,West,2026-09-30
1003790,50003790,Retail,Mortgage,7660990.91,868,871,0,0,9.36,132,10,7227670.95,West,2026-09-30
1003791,50003791,Retail,Mortgage,10130668.5,721,686,0,0,8.55,123,95,12151235.3,South,2026-09-30
1003792,50003792,SME,Auto Loan,2179487.41,671,671,45,75,9.14,80,3,,South,2026-09-30
1003793,50003793,SME,SME Loan,5273558.95,733,762,0,0,13.35,68,59,,South,2026-09-30
1003794,50003794,Retail,Personal Loan,1704630.75,740,739,0,30,11.77,69,20,,East,2026-09-30
1003795,50003795,Retail,Mortgage,4603180.5,665,628,0,0,9.55,130,70,4911534.97,West,2026-09-30
1003796,50003796,Retail,Credit Card,452643.34,722,732,0,0,24.73,13,7,,North,2026-09-30
1003797,50003797,Retail,Personal Loan,1858481.27,725,703,0,0,19.13,29,11,,North,2026-09-30
1003798,50003798,Retail,Personal Loan,622402.01,673,672,180,180,18.89,51,40,,East,2026-09-30
1003799,50003799,Retail,Auto Loan,3284680.06,670,682,0,0,10.73,44,23,3560013.15,South,2026-09-30
1003800,50003800,Retail,Credit Card,186409.49,677,688,0,0,36.22,28,4,,West,2026-09-30
1003801,50003801,Retail,Credit Card,466979.17,618,607,30,15,31.46,18,1,,West,2026-09-30
1003802,50003802,Retail,Personal Loan,1008105.71,731,753,0,0,17.82,48,31,,West,2026-09-30
1003803,50003803,Retail,Personal Loan,1794900.56,717,748,0,0,19.24,69,60,,East,2026-09-30
1003804,50003804,SME,SME Loan,14489548.56,575,568,60,90,14.91,26,1,,South,2026-09-30
1003805,50003805,Retail,Auto Loan,1123165.88,660,681,15,30,9.25,63,32,885410.85,West,2026-09-30
1003806,50003806,Retail,Mortgage,8650415.93,714,700,0,15,10.32,253,226,8186849.06,West,2026-09-30
1003807,50003807,Retail,Auto Loan,1435747.35,647,627,0,0,13.79,56,37,1641140.73,East,2026-09-30
1003808,50003808,Retail,Auto Loan,1620869.22,798,797,0,0,10.76,61,11,1439936.82,East,2026-09-30
1003809,50003809,SME,SME Loan,6896733.91,671,635,30,15,15.87,29,4,,West,2026-09-30
1003810,50003810,SME,Auto Loan,2482004.03,727,739,15,15,8.84,69,61,2674362.41,West,2026-09-30
1003811,50003811,Retail,Mortgage,4856264.15,725,710,0,30,10.49,314,59,5287176.49,West,2026-09-30
1003812,50003812,Retail,Mortgage,10160561.24,740,704,0,0,9.63,122,97,12734894.57,North,2026-09-30
1003813,50003813,Corporate,Corporate Loan,69337605.87,703,722,0,0,10.84,158,151,,South,2026-09-30
1003814,50003814,Retail,Auto Loan,1947379.66,673,660,0,0,9.99,27,17,1769374.48,East,2026-09-30
1003815,50003815,Retail,Credit Card,337800.58,820,825,60,60,25.61,45,16,,South,2026-09-30
1003816,50003816,Retail,Personal Loan,253097.04,762,761,0,0,16.54,29,29,,South,2026-09-30
1003817,50003817,Retail,Personal Loan,931079.19,666,657,0,0,13.75,57,38,,South,2026-09-30
1003818,50003818,SME,SME Loan,13447577.8,665,678,0,0,16.34,104,66,,Central,2026-09-30
1003819,50003819,Retail,Personal Loan,577448.99,671,652,0,15,13.67,26,4,,South,2026-09-30
1003820,50003820,Retail,Mortgage,4918612.82,667,680,0,15,8.14,332,45,5581264.32,East,2026-09-30
1003821,50003821,Retail,Mortgage,9928135.18,781,804,0,0,8.83,345,90,11421149.03,South,2026-09-30
1003822,50003822,Retail,Personal Loan,1827374.94,841,818,0,0,15.52,19,16,,South,2026-09-30
1003823,50003823,Retail,Mortgage,4574225.95,772,747,0,0,7.83,128,5,5974059.24,South,2026-09-30
1003824,50003824,Retail,Mortgage,2730746.14,691,705,0,30,7.75,269,36,2684184.35,West,2026-09-30
1003825,50003825,Corporate,Corporate Loan,61855884.43,808,785,0,0,12.57,27,9,,Central,2026-09-30
1003826,50003826,Retail,Credit Card,475364.31,637,620,0,0,40.46,43,36,,West,2026-09-30
1003827,50003827,SME,Auto Loan,482809.18,673,708,0,0,9.7,32,1,549432.88,East,2026-09-30
1003828,50003828,Retail,Auto Loan,1162513.15,674,693,0,0,8.67,56,14,984132.95,North,2026-09-30
1003829,50003829,Retail,Credit Card,270433.19,639,661,0,0,40.46,33,9,,West,2026-09-30
1003830,50003830,SME,SME Loan,11244497.32,648,677,0,0,10.19,68,57,,West,2026-09-30
1003831,50003831,Retail,Auto Loan,1578212.89,664,653,0,0,8.25,66,54,1556841.0,West,2026-09-30
1003832,50003832,Retail,Auto Loan,1446905.98,721,712,0,0,9.88,31,24,1374263.78,East,2026-09-30
1003833,50003833,SME,SME Loan,13608887.37,734,754,0,15,13.7,64,33,,East,2026-09-30
1003834,50003834,Retail,Personal Loan,694922.21,877,840,0,0,11.6,23,18,,South,2026-09-30
1003835,50003835,Retail,Mortgage,4478358.11,539,582,0,0,7.45,188,144,6670289.23,South,2026-09-30
1003836,50003836,Retail,Mortgage,8596433.17,760,748,0,15,7.35,328,261,11377811.15,South,2026-09-30
1003837,50003837,SME,Auto Loan,777027.45,726,699,0,0,8.77,28,9,591928.89,West,2026-09-30
1003838,50003838,Retail,Mortgage,9785950.81,650,669,0,30,8.27,221,54,10299872.37,West,2026-09-30
1003839,50003839,Corporate,Corporate Loan,64854797.47,584,622,0,0,12.61,56,37,,Central,2026-09-30
1003840,50003840,Retail,Auto Loan,2281003.57,825,815,0,0,13.6,43,3,1406511.21,East,2026-09-30
1003841,50003841,Retail,Mortgage,9216489.78,592,550,0,0,9.95,217,126,13851176.26,East,2026-09-30
1003842,50003842,Retail,Credit Card,337767.93,833,796,0,30,24.24,42,18,,West,2026-09-30
1003843,50003843,Retail,Credit Card,118420.66,752,751,0,0,40.87,33,31,,West,2026-09-30
1003844,50003844,Retail,Mortgage,11545023.66,829,816,0,0,7.75,238,69,13043060.85,Central,2026-09-30
1003845,50003845,Retail,Auto Loan,2072011.94,717,708,0,0,8.03,39,10,1547275.13,Central,2026-09-30
1003846,50003846,Retail,Mortgage,3342681.49,715,691,0,0,9.04,180,178,2967220.46,East,2026-09-30
1003847,50003847,Retail,Personal Loan,107703.14,820,771,0,15,15.27,59,38,,North,2026-09-30
1003848,50003848,SME,SME Loan,315704.58,667,632,0,15,13.43,119,66,,West,2026-09-30
1003849,50003849,Retail,Mortgage,7847182.05,696,693,0,0,8.27,125,45,11545251.18,West,2026-09-30
1003850,50003850,SME,SME Loan,11761627.35,578,588,0,30,17.23,58,51,,West,2026-09-30
1003851,50003851,Retail,Auto Loan,211524.93,699,683,0,0,9.37,33,22,144674.8,South,2026-09-30
1003852,50003852,Retail,Personal Loan,339173.99,761,773,0,30,10.39,21,1,,Central,2026-09-30
1003853,50003853,Retail,Mortgage,4979922.2,741,706,0,0,10.08,347,265,6627445.51,North,2026-09-30
1003854,50003854,Retail,Mortgage,1397358.23,710,707,0,0,9.96,301,93,1494486.39,East,2026-09-30
1003855,50003855,Retail,Credit Card,258026.37,621,638,30,30,39.44,43,2,,South,2026-09-30
1003856,50003856,Retail,Auto Loan,1181912.26,691,688,0,0,10.59,40,6,1248296.74,North,2026-09-30
1003857,50003857,Retail,Auto Loan,665623.69,716,734,0,0,9.51,83,14,502392.97,South,2026-09-30
1003858,50003858,Retail,Credit Card,390046.27,644,613,0,0,26.04,43,30,,South,2026-09-30
1003859,50003859,SME,SME Loan,13952192.95,686,733,0,0,10.88,63,17,,South,2026-09-30
1003860,50003860,Retail,Personal Loan,1598034.77,722,716,30,30,19.1,60,59,,South,2026-09-30
1003861,50003861,Corporate,Corporate Loan,71849011.95,685,701,30,15,7.67,155,143,,South,2026-09-30
1003862,50003862,SME,SME Loan,6837048.54,688,698,0,15,17.66,40,12,,Central,2026-09-30
1003863,50003863,SME,SME Loan,7881052.71,811,828,0,0,10.66,108,81,,West,2026-09-30
1003864,50003864,Corporate,Corporate Loan,55198994.12,643,666,15,0,10.22,133,50,,West,2026-09-30
1003865,50003865,SME,SME Loan,1564823.94,804,756,0,0,17.22,15,15,,Central,2026-09-30
1003866,50003866,Retail,Mortgage,7087402.57,723,696,0,0,9.86,186,21,6904773.76,East,2026-09-30
1003867,50003867,Retail,Mortgage,639012.6,658,672,0,0,9.85,358,248,587360.86,East,2026-09-30
1003868,50003868,Corporate,Corporate Loan,7078842.31,609,625,0,0,8.97,156,24,,South,2026-09-30
1003869,50003869,Retail,Credit Card,231643.48,671,676,0,0,35.75,45,13,,East,2026-09-30
1003870,50003870,Retail,Personal Loan,1724028.1,750,704,0,15,14.78,63,3,,Central,2026-09-30
1003871,50003871,Retail,Personal Loan,58601.24,580,606,0,0,13.14,32,28,,East,2026-09-30
1003872,50003872,Retail,Auto Loan,2703782.03,744,742,0,0,13.5,37,33,1828358.39,West,2026-09-30
1003873,50003873,Corporate,Corporate Loan,41709303.34,585,578,0,15,10.1,152,40,,South,2026-09-30
1003874,50003874,Retail,Credit Card,105207.78,606,581,0,0,30.29,17,13,,Central,2026-09-30
1003875,50003875,Retail,Mortgage,4858041.47,669,645,0,15,9.74,193,86,6239046.39,South,2026-09-30
1003876,50003876,SME,SME Loan,1372305.91,730,710,0,0,15.54,83,11,,West,2026-09-30
1003877,50003877,Retail,Credit Card,388493.4,859,835,0,0,36.22,35,8,,West,2026-09-30
1003878,50003878,Retail,Credit Card,91445.49,550,545,90,75,27.17,30,29,,North,2026-09-30
1003879,50003879,Retail,Auto Loan,1522642.5,666,667,0,30,11.25,79,51,933921.29,East,2026-09-30
1003880,50003880,SME,Mortgage,3703006.69,616,644,0,0,8.31,211,151,3538361.8,West,2026-09-30
1003881,50003881,Retail,Credit Card,270442.55,777,770,0,0,39.99,27,6,,South,2026-09-30
1003882,50003882,Retail,Mortgage,559086.66,685,681,0,0,9.61,338,335,639124.9,South,2026-09-30
1003883,50003883,Retail,Auto Loan,710657.4,775,759,0,0,8.04,74,53,766687.22,West,2026-09-30
1003884,50003884,Retail,Credit Card,22953.46,725,740,0,0,41.73,58,3,,South,2026-09-30
1003885,50003885,Retail,Credit Card,480804.2,675,679,60,60,34.56,33,25,,East,2026-09-30
1003886,50003886,Retail,Personal Loan,312586.14,741,724,0,0,17.06,45,24,,Central,2026-09-30
1003887,50003887,Retail,Personal Loan,1379554.38,842,834,0,15,15.1,65,13,,North,2026-09-30
1003888,50003888,Retail,Auto Loan,3248275.02,643,638,15,45,9.22,29,17,2754502.33,West,2026-09-30
1003889,50003889,Retail,Personal Loan,1395213.38,638,652,30,15,13.86,42,41,,East,2026-09-30
1003890,50003890,SME,Auto Loan,1488493.37,606,611,0,15,12.73,24,1,897029.45,North,2026-09-30
1003891,50003891,Retail,Credit Card,76902.31,743,752,90,90,41.83,51,10,,South,2026-09-30
1003892,50003892,SME,Auto Loan,2945717.16,630,631,0,0,9.88,77,40,3253650.55,West,2026-09-30
1003893,50003893,Retail,Mortgage,2206740.86,640,649,0,15,7.19,323,158,2912068.66,South,2026-09-30
1003894,50003894,Retail,Personal Loan,101501.61,739,746,60,60,12.36,69,58,,South,2026-09-30
1003895,50003895,Retail,Credit Card,79956.88,702,732,0,15,30.22,24,17,,South,2026-09-30
1003896,50003896,Retail,Mortgage,9547883.96,595,627,0,30,9.01,127,72,8207290.08,North,2026-09-30
1003897,50003897,SME,Auto Loan,2414682.76,753,756,0,0,11.66,54,34,2022011.78,North,2026-09-30
1003898,50003898,SME,Mortgage,1752224.8,669,660,0,0,8.18,327,130,2690694.68,West,2026-09-30
1003899,50003899,SME,SME Loan,14742668.29,731,739,0,30,13.62,80,59,,North,2026-09-30
1003900,50003900,SME,SME Loan,13118886.01,731,748,0,15,13.12,70,13,,East,2026-09-30
1003901,50003901,Retail,Mortgage,10287061.57,801,827,0,0,9.82,350,77,8930381.44,West,2026-09-30
1003902,50003902,Retail,Personal Loan,629607.59,690,687,0,0,11.46,67,25,,South,2026-09-30
1003903,50003903,Corporate,Corporate Loan,17046829.8,655,679,0,15,10.1,171,107,,West,2026-09-30
1003904,50003904,SME,SME Loan,3840240.25,487,505,180,165,13.12,107,91,,West,2026-09-30
1003905,50003905,Retail,Auto Loan,209545.27,711,696,0,15,9.74,33,19,189886.79,West,2026-09-30
1003906,50003906,SME,Mortgage,10717260.92,774,772,0,0,9.17,323,211,12474698.1,West,2026-09-30
1003907,50003907,Retail,Personal Loan,1986194.4,,606,0,15,16.92,50,36,,West,2026-09-30
1003908,50003908,Retail,Auto Loan,2626794.96,691,641,0,0,10.97,73,64,2655449.4,Central,2026-09-30
1003909,50003909,SME,SME Loan,7333214.11,588,595,45,15,16.33,25,14,,West,2026-09-30
1003910,50003910,SME,SME Loan,13010918.7,702,710,0,15,13.39,99,22,,West,2026-09-30
1003911,50003911,Corporate,Mortgage,7697042.97,755,775,0,0,8.96,203,126,9107180.42,North,2026-09-30
1003912,50003912,Retail,Mortgage,2455116.9,698,667,0,0,9.23,273,182,2315584.82,West,2026-09-30
1003913,50003913,Retail,Personal Loan,1047019.73,649,672,0,0,13.71,74,21,,West,2026-09-30
1003914,50003914,Retail,Auto Loan,1679912.45,681,675,0,0,12.68,67,37,1020241.46,West,2026-09-30
1003915,50003915,Retail,Personal Loan,1328825.4,700,673,180,150,19.91,76,31,,West,2026-09-30
1003916,50003916,Retail,Auto Loan,1592453.79,700,693,0,0,10.45,51,31,1646197.0,Central,2026-09-30
1003917,50003917,Retail,Personal Loan,1042069.42,583,608,0,0,17.79,24,17,,North,2026-09-30
1003918,50003918,Retail,Personal Loan,1891565.46,629,632,0,0,13.93,24,3,,West,2026-09-30
1003919,50003919,Retail,Personal Loan,341585.88,620,622,0,0,10.38,65,51,,West,2026-09-30
1003920,50003920,Retail,Mortgage,9314448.53,723,709,0,15,9.83,163,122,12390097.63,West,2026-09-30
1003921,50003921,Retail,Mortgage,5797240.24,684,680,0,0,7.03,197,136,4945971.7,West,2026-09-30
1003922,50003922,Corporate,Corporate Loan,58982886.17,776,772,0,0,13.3,44,19,,West,2026-09-30
1003923,50003923,SME,Auto Loan,1087263.87,566,588,0,0,8.12,40,9,1113546.4,North,2026-09-30
1003924,50003924,SME,SME Loan,8267267.22,704,664,30,0,9.98,91,13,,Central,2026-09-30
1003925,50003925,Retail,Personal Loan,1241208.82,725,694,0,0,17.46,39,23,,West,2026-09-30
1003926,50003926,Retail,Credit Card,394361.99,751,721,0,15,41.28,43,20,,West,2026-09-30
1003927,50003927,SME,SME Loan,7081325.11,559,605,90,90,17.18,58,10,,West,2026-09-30
1003928,50003928,SME,Auto Loan,3242763.29,756,712,0,0,13.32,84,32,3794773.37,West,2026-09-30
1003929,50003929,SME,SME Loan,5586774.86,606,621,0,15,15.92,45,16,,West,2026-09-30
1003930,50003930,Retail,Credit Card,313005.29,768,764,0,0,36.4,47,5,,North,2026-09-30
1003931,50003931,Retail,Credit Card,495538.4,722,727,45,45,40.83,20,11,,West,2026-09-30
1003932,50003932,Corporate,Corporate Loan,28894783.62,639,660,0,0,12.17,57,15,,West,2026-09-30
1003933,50003933,Retail,Auto Loan,1956470.47,736,728,0,0,13.63,82,75,1260791.52,Central,2026-09-30
1003934,50003934,Retail,Credit Card,389651.15,700,672,0,0,30.14,37,10,,Central,2026-09-30
1003935,50003935,Retail,Auto Loan,2586379.37,804,774,0,0,11.5,53,36,1721925.95,North,2026-09-30
1003936,50003936,SME,SME Loan,5348003.95,670,712,0,0,11.94,113,20,,West,2026-09-30
1003937,50003937,Retail,Personal Loan,1271119.81,697,690,0,0,14.92,36,1,,South,2026-09-30
1003938,50003938,Retail,Mortgage,972014.25,810,839,0,0,8.88,154,117,1065563.12,Central,2026-09-30
1003939,50003939,Retail,Personal Loan,590463.71,656,651,60,45,15.03,34,24,,South,2026-09-30
1003940,50003940,Retail,Auto Loan,328820.13,744,726,0,0,8.08,81,37,223785.14,North,2026-09-30
1003941,50003941,Retail,Personal Loan,1897973.56,691,684,0,0,14.06,52,33,,North,2026-09-30
1003942,50003942,Retail,Personal Loan,1632689.6,713,691,0,0,14.4,42,18,,South,2026-09-30
1003943,50003943,SME,SME Loan,8043964.9,673,692,0,15,16.68,67,15,,North,2026-09-30
1003944,50003944,Retail,Personal Loan,1927923.66,692,669,0,0,14.46,78,20,,South,2026-09-30
1003945,50003945,Retail,Mortgage,7165746.8,699,720,0,30,10.43,189,130,7834220.82,West,2026-09-30
1003946,50003946,SME,SME Loan,12527604.76,674,649,15,45,17.59,66,22,,West,2026-09-30
1003947,50003947,Retail,Mortgage,9999090.51,504,528,0,0,10.11,165,122,12517837.01,West,2026-09-30
1003948,50003948,Retail,Auto Loan,379647.13,649,677,15,30,11.45,36,36,255312.56,South,2026-09-30
1003949,50003949,Retail,Auto Loan,3269417.46,604,634,0,0,9.45,40,13,2644058.23,East,2026-09-30
1003950,50003950,SME,SME Loan,6494198.42,641,661,0,0,16.25,27,24,,South,2026-09-30
1003951,50003951,Retail,Personal Loan,502583.89,743,726,0,0,18.17,53,8,,South,2026-09-30
1003952,50003952,Retail,Auto Loan,989405.23,716,718,0,0,9.02,80,1,1012797.89,South,2026-09-30
1003953,50003953,Retail,Auto Loan,981422.68,599,647,0,0,12.82,64,62,1117326.9,Central,2026-09-30
1003954,50003954,Retail,Personal Loan,127063.99,819,807,0,0,18.19,79,42,,South,2026-09-30
1003955,50003955,Retail,Credit Card,374143.88,698,701,0,15,35.22,48,27,,Central,2026-09-30
1003956,50003956,SME,SME Loan,9169933.06,536,565,180,165,9.96,79,28,,East,2026-09-30
1003957,50003957,Retail,Personal Loan,916575.39,620,627,0,15,14.61,13,4,,East,2026-09-30
1003958,50003958,Retail,Mortgage,586815.56,633,637,0,0,10.41,219,85,672263.32,South,2026-09-30
1003959,50003959,Retail,Auto Loan,3187646.69,582,593,15,15,12.34,28,1,2012368.39,South,2026-09-30
1003960,50003960,SME,SME Loan,12296068.11,727,734,0,0,16.71,66,22,,East,2026-09-30
1003961,50003961,Retail,Auto Loan,3398835.0,653,674,0,0,12.74,67,24,2622121.3,South,2026-09-30
1003962,50003962,Retail,Mortgage,11278324.94,688,659,0,0,10.38,172,141,15303496.88,West,2026-09-30
1003963,50003963,Retail,Auto Loan,642048.05,818,819,0,0,11.65,82,3,418858.26,South,2026-09-30
1003964,50003964,SME,SME Loan,11862266.45,708,752,0,0,14.13,33,25,,South,2026-09-30
1003965,50003965,Retail,Credit Card,379334.62,694,721,0,0,24.63,58,25,,West,2026-09-30
1003966,50003966,Retail,Credit Card,300183.35,738,748,0,0,41.83,59,9,,Central,2026-09-30
1003967,50003967,Retail,Mortgage,8678424.27,669,665,30,0,10.31,195,94,12618578.31,North,2026-09-30
1003968,50003968,Retail,Mortgage,7374215.4,753,757,0,15,8.05,313,34,10345460.25,South,2026-09-30
1003969,50003969,Retail,Auto Loan,618020.5,637,678,0,0,11.73,31,1,484509.45,East,2026-09-30
1003970,50003970,Retail,Mortgage,2077501.45,700,712,0,15,8.47,333,148,2132855.24,South,2026-09-30
1003971,50003971,SME,SME Loan,8972848.58,687,705,0,30,16.44,89,26,,South,2026-09-30
1003972,50003972,Retail,Auto Loan,623845.64,832,796,0,0,9.69,58,52,667673.01,West,2026-09-30
1003973,50003973,Retail,Personal Loan,277560.43,710,706,0,0,14.13,24,15,,Central,2026-09-30
1003974,50003974,SME,SME Loan,586364.79,731,704,0,0,14.93,69,18,,West,2026-09-30
1003975,50003975,Retail,Personal Loan,976457.76,592,615,0,0,17.84,14,11,,East,2026-09-30
1003976,50003976,SME,SME Loan,738706.11,686,681,0,30,12.25,82,64,,West,2026-09-30
1003977,50003977,SME,Auto Loan,2034586.26,787,776,0,15,9.97,52,18,1351003.93,Central,2026-09-30
1003978,50003978,Retail,Personal Loan,814327.91,718,724,0,15,10.27,19,17,,West,2026-09-30
1003979,50003979,Retail,Credit Card,27771.49,755,727,30,45,28.18,31,28,,South,2026-09-30
1003980,50003980,Retail,Mortgage,10121304.91,622,626,0,0,7.28,178,158,11783728.6,North,2026-09-30
1003981,50003981,Retail,Auto Loan,1398310.88,688,703,0,0,13.48,71,52,1447377.01,West,2026-09-30
1003982,50003982,Retail,Mortgage,5221820.08,660,633,45,45,8.45,353,26,7702106.06,South,2026-09-30
1003983,50003983,Retail,Mortgage,10958557.27,657,666,0,0,8.45,274,236,12388805.27,West,2026-09-30
1003984,50003984,Retail,Mortgage,6670436.13,684,714,45,30,9.19,146,21,9203809.6,East,2026-09-30
1003985,50003985,Retail,Mortgage,7899226.86,715,742,0,15,8.03,141,30,11250558.47,West,2026-09-30
1003986,50003986,Retail,Personal Loan,232712.49,,618,0,0,14.38,75,58,,East,2026-09-30
1003987,50003987,SME,SME Loan,1872502.05,649,663,0,0,17.41,38,30,,East,2026-09-30
1003988,50003988,Retail,Mortgage,10545328.65,679,708,0,30,7.16,262,76,13191550.65,East,2026-09-30
1003989,50003989,SME,SME Loan,11443915.55,541,558,45,60,11.06,70,35,,South,2026-09-30
1003990,50003990,SME,SME Loan,469626.98,682,677,0,0,12.13,27,14,,North,2026-09-30
1003991,50003991,Retail,Auto Loan,2774146.24,504,510,0,15,8.58,32,18,2367182.3,Central,2026-09-30
1003992,50003992,SME,SME Loan,14701325.46,648,662,0,0,11.84,117,38,,Central,2026-09-30
1003993,50003993,Retail,Auto Loan,1921534.39,666,707,60,30,12.18,40,39,1700690.24,East,2026-09-30
1003994,50003994,Retail,Credit Card,430109.45,722,736,0,0,27.33,53,32,,Central,2026-09-30
1003995,50003995,Retail,Personal Loan,611166.09,863,811,0,0,15.58,74,67,,Central,2026-09-30
1003996,50003996,Retail,Personal Loan,1754089.47,785,778,0,0,12.96,13,1,,West,2026-09-30
1003997,50003997,SME,SME Loan,11005366.36,588,614,0,0,11.25,62,62,,West,2026-09-30
1003998,50003998,Retail,Mortgage,4190680.23,663,664,0,0,8.41,341,254,5521695.85,West,2026-09-30
1003999,50003999,SME,SME Loan,986414.42,715,693,0,0,14.16,104,33,,Central,2026-09-30
1004000,50004000,SME,SME Loan,7244980.81,760,734,0,0,15.57,33,11,,South,2026-09-30
1004001,50004001,Retail,Personal Loan,1475682.72,666,648,45,30,11.41,38,5,,West,2026-09-30
1004002,50004002,SME,SME Loan,13742863.18,788,772,0,0,11.96,119,17,,South,2026-09-30
1004003,50004003,Retail,Auto Loan,1192445.9,646,635,0,0,13.17,47,36,738066.03,North,2026-09-30
1004004,50004004,SME,Mortgage,621822.89,640,632,0,0,7.28,230,101,832254.01,West,2026-09-30
1004005,50004005,Retail,Credit Card,438722.94,710,691,0,0,30.52,49,42,,East,2026-09-30
1004006,50004006,Retail,Mortgage,5460636.04,601,610,0,0,9.19,352,167,8153123.95,West,2026-09-30
1004007,50004007,SME,SME Loan,9979009.15,693,669,0,0,15.01,33,17,,West,2026-09-30
1004008,50004008,Retail,Auto Loan,934359.92,682,687,0,0,9.2,49,15,679492.83,East,2026-09-30
1004009,50004009,Retail,Credit Card,490485.94,774,736,0,15,27.61,42,27,,East,2026-09-30
1004010,50004010,Retail,Credit Card,288663.28,676,688,0,15,29.6,33,32,,West,2026-09-30
1004011,50004011,Retail,Mortgage,4288902.55,891,856,0,15,8.77,131,111,5511979.75,East,2026-09-30
1004012,50004012,Retail,Auto Loan,2578524.58,611,604,75,45,12.31,63,39,1804900.02,Central,2026-09-30
1004013,50004013,Retail,Credit Card,140916.49,683,678,0,0,26.97,29,13,,North,2026-09-30
1004014,50004014,Retail,Mortgage,3302688.39,704,695,0,0,10.14,184,119,2882570.7,West,2026-09-30
1004015,50004015,Retail,Auto Loan,2623225.46,690,677,60,90,13.8,35,12,2737274.85,North,2026-09-30
1004016,50004016,Retail,Personal Loan,265337.37,873,882,0,0,19.86,76,45,,West,2026-09-30
1004017,50004017,Retail,Credit Card,443483.89,772,750,0,0,29.57,45,11,,West,2026-09-30
1004018,50004018,Retail,Auto Loan,1483568.37,775,773,0,30,8.43,54,54,1357945.35,East,2026-09-30
1004019,50004019,SME,Mortgage,2317026.36,638,652,0,15,8.65,233,87,3385400.81,Central,2026-09-30
1004020,50004020,Corporate,Corporate Loan,21482507.45,695,696,0,0,7.56,129,124,,East,2026-09-30
1004021,50004021,Retail,Mortgage,6685617.02,773,762,0,0,9.79,200,20,8548066.51,West,2026-09-30
1004022,50004022,Retail,Mortgage,6250708.57,834,819,0,15,8.62,144,21,7681823.81,West,2026-09-30
1004023,50004023,SME,SME Loan,14667218.02,685,673,0,0,15.88,37,37,,South,2026-09-30
1004024,50004024,SME,SME Loan,5035237.05,782,770,0,30,17.6,41,1,,Central,2026-09-30
1004025,50004025,Retail,Auto Loan,612564.82,758,768,0,15,10.66,63,45,371194.76,East,2026-09-30
1004026,50004026,Retail,Auto Loan,3440021.73,726,719,0,0,11.1,46,8,3635902.5,East,2026-09-30
1004027,50004027,Corporate,Corporate Loan,40557799.47,679,663,0,0,13.44,87,42,,West,2026-09-30
1004028,50004028,Retail,Credit Card,269553.65,632,630,45,30,34.13,19,15,,West,2026-09-30
1004029,50004029,Retail,Mortgage,2979316.26,779,752,0,15,10.41,315,239,3166380.24,West,2026-09-30
1004030,50004030,SME,Auto Loan,2800620.82,655,699,30,45,10.79,43,8,2972999.87,West,2026-09-30
1004031,50004031,Retail,Personal Loan,1015597.42,635,635,0,0,14.06,66,59,,Central,2026-09-30
1004032,50004032,Retail,Auto Loan,2163853.39,567,600,0,15,9.52,35,33,1748346.84,South,2026-09-30
1004033,50004033,Retail,Credit Card,326944.41,722,725,0,0,28.59,60,19,,South,2026-09-30
1004034,50004034,Corporate,Corporate Loan,48672508.2,782,797,0,0,13.89,23,23,,North,2026-09-30
1004035,50004035,Corporate,Corporate Loan,53582257.33,675,686,0,15,10.82,73,14,,South,2026-09-30
1004036,50004036,Retail,Personal Loan,793089.71,714,691,0,0,19.86,17,12,,West,2026-09-30
1004037,50004037,Corporate,Corporate Loan,8078570.46,690,656,0,0,9.36,27,18,,Central,2026-09-30
1004038,50004038,Corporate,Corporate Loan,17475109.92,808,796,0,0,7.9,133,76,,West,2026-09-30
1004039,50004039,Retail,Personal Loan,652985.3,694,645,0,30,17.65,51,19,,Central,2026-09-30
1004040,50004040,Retail,Credit Card,217345.76,734,750,,0,24.51,14,11,,North,2026-09-30
1004041,50004041,SME,SME Loan,10846815.0,678,669,0,0,10.01,63,36,,North,2026-09-30
1004042,50004042,Retail,Personal Loan,1148419.96,743,729,0,0,19.44,57,49,,Central,2026-09-30
1004043,50004043,Retail,Credit Card,343223.35,708,731,0,15,36.37,49,30,,North,2026-09-30
1004044,50004044,Retail,Auto Loan,1981041.61,687,728,0,0,11.75,67,58,1995959.05,Central,2026-09-30
1004045,50004045,Corporate,Corporate Loan,35175920.44,619,647,0,0,12.85,164,59,,South,2026-09-30
1004046,50004046,SME,SME Loan,3673901.86,669,670,0,0,15.52,65,28,,West,2026-09-30
1004047,50004047,Retail,Credit Card,487687.65,769,762,0,0,36.51,12,12,,West,2026-09-30
1004048,50004048,Retail,Credit Card,382851.68,657,653,0,0,36.92,51,7,,West,2026-09-30
1004049,50004049,Retail,Auto Loan,468196.57,682,665,0,0,12.03,60,13,287078.68,South,2026-09-30
1004050,50004050,SME,SME Loan,10443372.53,723,696,0,0,10.42,119,6,,Central,2026-09-30
1004051,50004051,Retail,Auto Loan,2608647.92,639,653,90,120,12.78,80,68,2872891.61,West,2026-09-30
1004052,50004052,Retail,Personal Loan,222341.7,676,708,0,0,15.25,32,20,,East,2026-09-30
1004053,50004053,Retail,Personal Loan,489045.1,762,746,0,30,17.57,57,10,,West,2026-09-30
1004054,50004054,SME,Auto Loan,3331259.7,812,832,0,15,11.07,34,2,2883488.82,South,2026-09-30
1004055,50004055,Retail,Auto Loan,2270815.47,767,799,0,0,8.68,84,80,1410528.96,North,2026-09-30
1004056,50004056,Retail,Credit Card,166860.21,788,780,0,0,34.73,57,19,,East,2026-09-30
1004057,50004057,Retail,Personal Loan,1066615.86,757,731,0,0,16.05,53,31,,West,2026-09-30
1004058,50004058,Retail,Personal Loan,1041006.33,655,674,0,0,14.57,25,21,,North,2026-09-30
1004059,50004059,SME,SME Loan,2799958.14,702,723,,15,15.27,13,13,,South,2026-09-30
1004060,50004060,Retail,Auto Loan,1575011.38,641,670,0,0,10.82,50,3,1614433.44,North,2026-09-30
1004061,50004061,SME,Auto Loan,2248137.36,595,639,0,0,12.34,58,39,2214087.3,South,2026-09-30
1004062,50004062,Retail,Credit Card,454338.45,601,593,0,0,27.91,46,34,,East,2026-09-30
1004063,50004063,Retail,Auto Loan,1347654.24,633,657,15,0,9.24,44,40,1295708.05,West,2026-09-30
1004064,50004064,Corporate,Corporate Loan,71646738.89,680,713,0,0,10.03,164,117,,Central,2026-09-30
1004065,50004065,Retail,Credit Card,115863.42,710,698,0,0,32.64,40,15,,Central,2026-09-30
1004066,50004066,Retail,Personal Loan,233474.94,661,654,0,0,13.32,29,23,,West,2026-09-30
1004067,50004067,Retail,Credit Card,349479.43,696,690,0,15,40.71,37,34,,West,2026-09-30
1004068,50004068,Retail,Mortgage,1159035.96,723,741,0,0,9.25,244,38,1475032.0,West,2026-09-30
1004069,50004069,Retail,Credit Card,235078.99,669,669,0,0,25.4,31,29,,North,2026-09-30
1004070,50004070,Retail,Personal Loan,365690.31,729,767,0,15,16.06,69,31,,Central,2026-09-30
1004071,50004071,Retail,Auto Loan,1440030.83,721,677,15,0,13.72,29,13,1507383.38,West,2026-09-30
1004072,50004072,Retail,Credit Card,152362.16,647,648,0,0,41.09,36,7,,East,2026-09-30
1004073,50004073,Retail,Mortgage,4325973.94,680,689,0,15,8.6,187,11,5370882.47,South,2026-09-30
1004074,50004074,Corporate,Corporate Loan,68012510.19,670,681,0,0,11.32,156,22,,South,2026-09-30
1004075,50004075,Retail,Mortgage,10339318.61,758,730,0,0,8.07,124,1,10635087.11,West,2026-09-30
1004076,50004076,Retail,Credit Card,243042.0,562,552,0,15,38.14,40,22,,South,2026-09-30
1004077,50004077,Retail,Credit Card,457244.07,711,736,0,0,37.08,22,3,,East,2026-09-30
1004078,50004078,Retail,Personal Loan,216978.24,767,748,30,30,14.52,33,6,,South,2026-09-30
1004079,50004079,SME,Mortgage,609234.73,545,604,0,0,8.27,240,32,551975.43,East,2026-09-30
1004080,50004080,Retail,Mortgage,4186612.23,813,799,0,0,8.47,151,64,4432501.28,North,2026-09-30
1004081,50004081,Retail,Auto Loan,2780398.54,675,693,0,0,10.32,56,32,2915893.89,Central,2026-09-30
1004082,50004082,Retail,Mortgage,8924366.29,771,738,0,0,8.33,286,257,13371784.86,West,2026-09-30
1004083,50004083,Retail,Credit Card,44067.04,725,718,0,15,32.65,50,14,,West,2026-09-30
1004084,50004084,Retail,Personal Loan,164557.57,638,660,0,0,10.06,55,36,,East,2026-09-30
1004085,50004085,SME,SME Loan,6632499.95,701,714,0,0,17.64,116,71,,East,2026-09-30
1004086,50004086,Retail,Mortgage,6182123.76,712,750,0,0,7.68,314,120,6331531.1,North,2026-09-30
1004087,50004087,Retail,Credit Card,417063.72,745,747,0,0,33.36,41,41,,East,2026-09-30
1004088,50004088,Retail,Credit Card,432200.29,767,752,0,0,30.51,56,32,,West,2026-09-30
1004089,50004089,Retail,Personal Loan,660907.68,681,697,0,15,15.31,73,1,,North,2026-09-30
1004090,50004090,Retail,Mortgage,7570874.95,696,676,0,0,7.82,296,7,9476597.1,Central,2026-09-30
1004091,50004091,Retail,Mortgage,10517487.5,644,675,45,30,7.16,187,73,14867095.2,West,2026-09-30
1004092,50004092,Retail,Auto Loan,2151778.6,786,762,0,0,9.1,64,12,1746798.85,West,2026-09-30
1004093,50004093,Retail,Personal Loan,147594.14,765,738,0,30,19.83,54,37,,South,2026-09-30
1004094,50004094,Retail,Mortgage,4174806.75,592,561,60,60,7.02,269,148,4542279.21,South,2026-09-30
1004095,50004095,Retail,Credit Card,251005.06,705,696,0,0,27.6,42,2,,North,2026-09-30
1004096,50004096,Retail,Credit Card,50485.47,601,612,90,90,26.19,56,11,,West,2026-09-30
1004097,50004097,Retail,Credit Card,437095.69,599,639,60,60,30.98,32,29,,East,2026-09-30
1004098,50004098,SME,Auto Loan,2433091.0,640,660,15,0,11.52,34,33,2203714.48,North,2026-09-30
1004099,50004099,Retail,Auto Loan,2835018.02,834,828,0,0,13.14,34,14,2346187.94,South,2026-09-30
1004100,50004100,Retail,Mortgage,2719957.64,690,707,0,15,8.78,229,114,3460408.17,West,2026-09-30
1004101,50004101,Retail,Personal Loan,481548.71,667,652,0,0,11.12,48,8,,Central,2026-09-30
1004102,50004102,Retail,Auto Loan,3437898.96,723,715,0,0,12.69,71,1,3531702.9,East,2026-09-30
1004103,50004103,Retail,Mortgage,8282674.87,838,794,,0,7.89,178,7,9634578.73,East,2026-09-30
1004104,50004104,SME,Auto Loan,2010326.54,616,620,0,0,11.17,53,38,1228564.75,West,2026-09-30
1004105,50004105,Retail,Mortgage,4636098.86,732,730,0,0,9.88,181,142,5447137.42,East,2026-09-30
1004106,50004106,Retail,Personal Loan,1789695.96,833,834,0,0,13.48,68,44,,West,2026-09-30
1004107,50004107,SME,Auto Loan,3123119.01,666,678,0,0,11.94,24,3,3598662.93,East,2026-09-30
1004108,50004108,Retail,Credit Card,95143.06,698,709,0,0,30.97,17,17,,North,2026-09-30
1004109,50004109,Retail,Mortgage,4627354.38,557,560,15,15,9.67,193,132,4053122.39,West,2026-09-30
1004110,50004110,Retail,Credit Card,194816.57,648,655,0,0,40.09,55,37,,East,2026-09-30
1004111,50004111,Retail,Auto Loan,1211427.66,588,596,30,15,8.6,42,4,1269052.86,West,2026-09-30
1004112,50004112,SME,SME Loan,1649376.83,770,766,0,0,12.71,47,17,,West,2026-09-30
1004113,50004113,Retail,Mortgage,11312079.39,652,658,0,0,8.66,130,12,17431284.7,South,2026-09-30
1004114,50004114,Retail,Personal Loan,514246.56,661,662,0,15,13.91,20,14,,Central,2026-09-30
1004115,50004115,SME,Mortgage,2742258.16,674,716,0,15,8.74,226,93,4177503.46,North,2026-09-30
1004116,50004116,Retail,Credit Card,61163.36,622,603,60,60,27.34,26,11,,West,2026-09-30
1004117,50004117,Retail,Auto Loan,2127427.36,725,705,0,0,13.97,62,55,1923843.83,West,2026-09-30
1004118,50004118,Retail,Credit Card,67689.19,838,869,0,0,24.6,53,43,,East,2026-09-30
1004119,50004119,SME,SME Loan,2235437.72,566,614,0,0,17.4,119,57,,South,2026-09-30
1004120,50004120,Retail,Mortgage,10732477.57,709,652,0,0,10.16,331,5,10220987.42,West,2026-09-30
1004121,50004121,Retail,Mortgage,719782.85,734,727,0,0,8.03,318,201,991801.2,West,2026-09-30
1004122,50004122,Retail,Credit Card,310569.69,635,681,15,15,28.66,43,32,,Central,2026-09-30
1004123,50004123,Retail,Mortgage,5368504.66,661,634,0,0,9.38,175,149,7281566.47,East,2026-09-30
1004124,50004124,Retail,Credit Card,459615.83,749,729,0,30,29.88,18,18,,South,2026-09-30
1004125,50004125,Retail,Auto Loan,2875484.36,673,656,0,15,10.77,45,45,3285861.52,South,2026-09-30
1004126,50004126,Corporate,Corporate Loan,6164458.67,688,696,0,30,10.31,39,7,,West,2026-09-30
1004127,50004127,Retail,Personal Loan,1430591.42,541,564,0,0,11.74,47,27,,South,2026-09-30
1004128,50004128,Corporate,Corporate Loan,54610295.83,601,589,0,0,11.18,58,39,,West,2026-09-30
1004129,50004129,Corporate,Corporate Loan,31114755.47,651,676,0,30,10.23,85,57,,West,2026-09-30
1004130,50004130,Retail,Mortgage,1852331.37,666,671,0,15,9.83,325,60,1671450.95,North,2026-09-30
1004131,50004131,Retail,Credit Card,154968.55,763,806,0,0,32.39,19,10,,South,2026-09-30
1004132,50004132,SME,SME Loan,7183243.71,681,694,0,0,11.03,104,59,,West,2026-09-30
1004133,50004133,SME,SME Loan,10728838.82,752,739,0,0,14.58,66,63,,North,2026-09-30
1004134,50004134,Retail,Credit Card,206048.76,753,729,0,30,28.81,51,32,,East,2026-09-30
1004135,50004135,Retail,Credit Card,47102.79,675,712,0,0,35.76,30,29,,East,2026-09-30
1004136,50004136,SME,SME Loan,3800811.16,672,660,0,0,9.4,26,20,,West,2026-09-30
1004137,50004137,Retail,Credit Card,448451.08,570,611,0,0,31.97,43,19,,South,2026-09-30
1004138,50004138,Retail,Auto Loan,1375593.88,723,756,0,0,9.46,37,3,881628.09,East,2026-09-30
1004139,50004139,Retail,Personal Loan,1260191.03,676,698,30,30,14.17,80,27,,North,2026-09-30
1004140,50004140,SME,SME Loan,10318006.75,708,684,0,0,16.65,86,81,,East,2026-09-30
1004141,50004141,SME,SME Loan,7769185.43,813,822,0,0,9.27,67,19,,West,2026-09-30
1004142,50004142,Retail,Credit Card,352658.53,733,718,,30,25.58,52,8,,West,2026-09-30
1004143,50004143,Retail,Personal Loan,954454.02,648,630,15,45,12.27,26,1,,Central,2026-09-30
1004144,50004144,Retail,Auto Loan,1499958.01,697,651,0,0,9.46,67,67,1382523.56,East,2026-09-30
1004145,50004145,Retail,Mortgage,5548787.8,753,759,0,0,9.45,357,62,8457500.94,North,2026-09-30
1004146,50004146,Retail,Credit Card,426941.48,833,798,0,0,24.83,46,43,,South,2026-09-30
1004147,50004147,Retail,Auto Loan,915716.86,812,827,0,0,12.75,81,33,940650.82,West,2026-09-30
1004148,50004148,Retail,Mortgage,3036049.53,795,797,0,15,7.26,335,142,4079950.93,West,2026-09-30
1004149,50004149,SME,SME Loan,703270.63,678,669,0,0,15.57,20,15,,East,2026-09-30
1004150,50004150,Retail,Mortgage,1220722.81,581,606,0,0,9.11,185,164,1768784.5,West,2026-09-30
1004151,50004151,Retail,Personal Loan,1330797.04,713,701,0,0,12.45,28,10,,South,2026-09-30
1004152,50004152,Retail,Auto Loan,1489344.39,679,694,0,0,12.5,80,12,1541699.54,West,2026-09-30
1004153,50004153,SME,SME Loan,1538635.92,657,615,0,0,11.61,111,63,,West,2026-09-30
1004154,50004154,Retail,Personal Loan,170130.15,655,651,0,0,12.61,14,3,,West,2026-09-30
1004155,50004155,Retail,Credit Card,443875.89,690,664,0,0,36.68,13,4,,North,2026-09-30
1004156,50004156,SME,SME Loan,2012923.02,570,567,0,0,13.89,68,46,,South,2026-09-30
1004157,50004157,Retail,Auto Loan,1498761.2,631,606,0,0,11.44,35,20,1616151.74,Central,2026-09-30
1004158,50004158,Retail,Credit Card,338773.05,582,590,0,30,40.95,58,49,,South,2026-09-30
1004159,50004159,Retail,Auto Loan,527302.23,739,726,0,0,12.29,28,20,425135.6,West,2026-09-30
1004160,50004160,SME,SME Loan,7522200.21,680,662,0,15,10.75,50,42,,North,2026-09-30
1004161,50004161,Retail,Personal Loan,544721.11,715,683,0,0,10.49,79,54,,South,2026-09-30
1004162,50004162,SME,Auto Loan,784728.83,689,699,0,0,13.49,29,4,796363.23,West,2026-09-30
1004163,50004163,SME,SME Loan,1920937.85,658,636,0,0,10.69,24,7,,North,2026-09-30
1004164,50004164,Retail,Credit Card,482683.26,702,708,0,15,35.4,38,23,,South,2026-09-30
1004165,50004165,Retail,Personal Loan,424696.3,771,744,0,15,19.61,30,11,,Central,2026-09-30
1004166,50004166,SME,SME Loan,10661196.49,696,684,45,45,17.58,47,17,,East,2026-09-30
1004167,50004167,Retail,Mortgage,11749939.09,826,891,0,0,9.02,151,72,15649800.75,North,2026-09-30
1004168,50004168,Retail,Auto Loan,3465227.38,714,732,0,30,10.15,25,21,3317924.36,South,2026-09-30
1004169,50004169,Retail,Mortgage,10354817.77,769,780,0,0,9.55,183,123,9679203.15,West,2026-09-30
1004170,50004170,Retail,Mortgage,6205327.38,715,739,0,15,7.18,251,208,8229923.54,West,2026-09-30
1004171,50004171,Retail,Auto Loan,2483838.37,710,755,0,0,11.68,28,1,1795009.76,South,2026-09-30
1004172,50004172,Retail,Personal Loan,788807.8,630,668,0,0,17.08,16,8,,West,2026-09-30
1004173,50004173,Retail,Credit Card,20152.2,646,650,,45,26.32,19,18,,East,2026-09-30
1004174,50004174,Retail,Auto Loan,2070847.08,721,732,0,0,11.51,66,57,1416951.18,South,2026-09-30
1004175,50004175,Retail,Mortgage,10344061.72,594,599,15,0,8.91,218,8,9169843.44,West,2026-09-30
1004176,50004176,Retail,Credit Card,434355.82,756,761,0,0,33.86,35,14,,West,2026-09-30
1004177,50004177,SME,Mortgage,7152259.16,698,692,45,60,9.89,291,58,10995597.04,West,2026-09-30
1004178,50004178,Retail,Credit Card,397798.31,646,624,0,0,40.13,59,10,,South,2026-09-30
1004179,50004179,Retail,Mortgage,9849304.93,697,670,0,0,7.61,183,98,13820291.12,North,2026-09-30
1004180,50004180,Retail,Personal Loan,534574.31,657,690,0,0,19.4,60,20,,East,2026-09-30
1004181,50004181,Retail,Mortgage,9595215.16,567,609,0,15,10.19,149,80,13195161.95,West,2026-09-30
1004182,50004182,Retail,Personal Loan,177742.43,816,834,0,0,12.88,37,5,,North,2026-09-30
1004183,50004183,Retail,Personal Loan,1923145.61,512,577,0,0,13.06,31,10,,West,2026-09-30
1004184,50004184,SME,Mortgage,11053512.96,660,667,0,0,8.42,314,69,12655059.16,West,2026-09-30
1004185,50004185,Retail,Auto Loan,1940653.48,555,556,90,90,10.71,48,43,,West,2026-09-30
1004186,50004186,Retail,Credit Card,208780.29,881,840,0,15,29.1,39,34,,South,2026-09-30
1004187,50004187,Retail,Mortgage,2622374.61,808,809,0,0,9.3,130,20,3863080.55,East,2026-09-30
1004188,50004188,SME,Auto Loan,616315.48,726,717,0,0,8.57,73,29,570534.36,East,2026-09-30
1004189,50004189,Retail,Auto Loan,1223917.15,629,630,0,0,10.96,67,29,1307781.39,North,2026-09-30
1004190,50004190,Retail,Personal Loan,503505.8,869,856,0,0,19.75,27,20,,South,2026-09-30
1004191,50004191,Retail,Mortgage,2335195.53,761,734,0,30,10.45,314,241,3423939.76,Central,2026-09-30
1004192,50004192,Retail,Mortgage,1853623.74,590,594,45,45,8.28,270,226,1576870.35,Central,2026-09-30
1004193,50004193,Retail,Personal Loan,673300.2,782,765,0,30,12.33,35,16,,West,2026-09-30
1004194,50004194,SME,Mortgage,3001287.6,649,684,0,15,8.21,224,57,3610648.48,East,2026-09-30
1004195,50004195,Retail,Mortgage,2183596.67,708,674,90,90,8.21,140,76,2747987.06,West,2026-09-30
1004196,50004196,SME,SME Loan,2235344.21,609,618,0,30,12.76,48,36,,South,2026-09-30
1004197,50004197,Retail,Mortgage,7737800.6,650,672,15,0,9.55,184,63,10563353.25,West,2026-09-30
1004198,50004198,Retail,Auto Loan,2104452.07,756,750,0,0,10.44,47,10,1599801.55,East,2026-09-30
1004199,50004199,Corporate,Corporate Loan,20424980.48,694,713,75,90,13.43,82,68,,West,2026-09-30
1004200,50004200,SME,SME Loan,7567366.87,670,684,0,0,11.14,13,1,,West,2026-09-30
1004201,50004201,SME,SME Loan,14092567.85,727,735,0,30,9.34,41,13,,West,2026-09-30
1004202,50004202,Corporate,Corporate Loan,56399700.8,686,695,0,0,12.49,133,130,,North,2026-09-30
1004203,50004203,Retail,Personal Loan,556417.5,607,646,0,0,18.97,38,32,,East,2026-09-30
1004204,50004204,Retail,Auto Loan,343657.07,809,799,0,0,10.92,72,53,412001.29,East,2026-09-30
1004205,50004205,Retail,Personal Loan,1952901.24,739,729,0,0,15.77,49,39,,South,2026-09-30
1004206,50004206,Retail,Credit Card,421726.02,694,680,0,15,29.32,35,26,,North,2026-09-30
1004207,50004207,SME,SME Loan,13062651.41,649,675,0,0,17.42,22,7,,West,2026-09-30
1004208,50004208,Retail,Credit Card,263446.72,675,675,90,120,26.36,21,5,,West,2026-09-30
1004209,50004209,Retail,Auto Loan,1273615.64,739,720,0,0,10.45,80,29,1319997.89,South,2026-09-30
1004210,50004210,Retail,Mortgage,1576470.99,668,692,0,15,7.59,132,64,2060241.62,South,2026-09-30
1004211,50004211,Retail,Credit Card,123677.25,732,754,30,30,29.42,31,30,,South,2026-09-30
1004212,50004212,SME,SME Loan,8434665.25,760,754,0,0,13.77,79,8,,East,2026-09-30
1004213,50004213,Corporate,Corporate Loan,46449416.52,725,711,15,0,8.01,159,55,,South,2026-09-30
1004214,50004214,Retail,Personal Loan,1049184.62,626,652,75,60,17.87,36,12,,South,2026-09-30
1004215,50004215,Retail,Credit Card,356323.23,810,780,0,0,30.41,32,24,,Central,2026-09-30
1004216,50004216,Corporate,Mortgage,9650361.45,724,678,0,0,9.16,271,134,10829748.51,South,2026-09-30
1004217,50004217,Retail,Mortgage,7734454.82,775,749,0,0,7.97,305,113,9007400.84,West,2026-09-30
1004218,50004218,Corporate,Corporate Loan,70750859.83,734,731,0,0,8.59,52,18,,Central,2026-09-30
1004219,50004219,Retail,Credit Card,172222.1,713,689,60,75,34.7,57,12,,South,2026-09-30
1004220,50004220,Retail,Personal Loan,1631107.16,613,635,45,15,18.76,64,50,,South,2026-09-30
1004221,50004221,Retail,Mortgage,5927346.03,746,726,0,0,9.55,304,79,8303492.6,West,2026-09-30
1004222,50004222,Retail,Mortgage,7172639.66,687,636,0,0,7.65,206,43,6180245.1,North,2026-09-30
1004223,50004223,Retail,Auto Loan,1064503.72,677,669,0,0,8.76,28,4,1224732.68,West,2026-09-30
1004224,50004224,Retail,Mortgage,2422200.57,713,740,0,0,10.27,219,192,2151595.33,East,2026-09-30
1004225,50004225,Retail,Mortgage,10262489.64,621,621,0,15,7.67,260,8,15884362.34,West,2026-09-30
1004226,50004226,SME,Auto Loan,2259119.74,754,786,0,0,10.37,61,50,2289732.88,West,2026-09-30
1004227,50004227,Retail,Credit Card,275499.75,659,643,0,30,30.38,40,26,,West,2026-09-30
1004228,50004228,Retail,Credit Card,288687.36,633,639,0,30,41.3,57,7,,South,2026-09-30
1004229,50004229,Retail,Auto Loan,616526.47,810,819,0,0,10.34,81,38,380618.77,South,2026-09-30
1004230,50004230,Retail,Auto Loan,2662978.01,677,682,0,0,12.51,75,65,1949638.25,South,2026-09-30
1004231,50004231,Retail,Personal Loan,997765.3,690,709,0,30,19.05,42,20,,West,2026-09-30
1004232,50004232,Retail,Credit Card,270932.7,669,671,90,120,30.35,32,22,,North,2026-09-30
1004233,50004233,Retail,Mortgage,9127217.05,740,749,0,0,9.17,216,132,12581794.99,East,2026-09-30
1004234,50004234,Retail,Personal Loan,1374165.11,637,615,30,30,11.53,68,58,,North,2026-09-30
1004235,50004235,Retail,Personal Loan,1815739.19,564,561,0,15,18.46,34,29,,East,2026-09-30
1004236,50004236,Retail,Personal Loan,328759.6,640,659,15,30,14.06,18,12,,East,2026-09-30
1004237,50004237,Corporate,Mortgage,6327496.02,671,639,0,0,8.1,295,235,6688419.81,North,2026-09-30
1004238,50004238,Corporate,Corporate Loan,38178564.93,719,750,0,0,10.91,113,84,,West,2026-09-30
1004239,50004239,Retail,Auto Loan,324971.33,711,692,0,0,11.82,83,13,337425.4,South,2026-09-30
1004240,50004240,Corporate,Corporate Loan,44612160.27,534,552,30,30,10.35,18,9,,East,2026-09-30
1004241,50004241,Retail,Auto Loan,827440.83,694,673,0,30,10.79,60,22,724636.08,Central,2026-09-30
1004242,50004242,Retail,Personal Loan,1118599.84,746,759,0,0,10.25,28,26,,North,2026-09-30
1004243,50004243,Retail,Auto Loan,434740.21,756,753,0,0,11.33,47,36,329266.35,West,2026-09-30
1004244,50004244,Retail,Auto Loan,825639.12,719,693,0,0,9.86,75,52,641005.93,West,2026-09-30
1004245,50004245,SME,Mortgage,2205717.22,882,865,0,15,8.5,255,224,2814029.1,East,2026-09-30
1004246,50004246,Retail,Mortgage,1032180.16,706,691,0,30,8.48,133,42,1315406.28,Central,2026-09-30
1004247,50004247,Retail,Credit Card,18972.61,677,702,45,45,26.81,46,46,,North,2026-09-30
1004248,50004248,Retail,Auto Loan,2125757.49,744,767,0,0,13.73,49,6,2090559.44,West,2026-09-30
1004249,50004249,SME,SME Loan,10979480.62,675,674,60,60,17.02,55,15,,North,2026-09-30
1004250,50004250,SME,SME Loan,13134293.62,639,608,0,0,17.38,38,15,,East,2026-09-30
1004251,50004251,Retail,Mortgage,2532661.1,707,713,0,0,7.31,301,33,2334471.39,West,2026-09-30
1004252,50004252,Corporate,Corporate Loan,54109841.98,717,706,0,0,9.3,123,48,,West,2026-09-30
1004253,50004253,SME,SME Loan,5663415.32,720,749,0,0,10.05,28,15,,East,2026-09-30
1004254,50004254,Retail,Auto Loan,625045.79,638,643,0,0,14.0,37,28,616902.21,West,2026-09-30
1004255,50004255,Retail,Mortgage,9440278.95,694,696,0,0,10.46,281,150,13131767.24,West,2026-09-30
1004256,50004256,Retail,Mortgage,7121466.23,567,576,30,0,8.83,201,40,7650913.23,Central,2026-09-30
1004257,50004257,Retail,Personal Loan,1275753.4,684,713,0,0,13.75,44,27,,North,2026-09-30
1004258,50004258,Retail,Mortgage,9603678.58,725,784,180,180,8.75,150,34,8721946.98,South,2026-09-30
1004259,50004259,Retail,Auto Loan,1554279.3,685,658,0,0,13.01,32,15,1720011.41,South,2026-09-30
1004260,50004260,Retail,Mortgage,5901026.85,821,800,0,0,8.96,348,77,5572804.32,Central,2026-09-30
1004261,50004261,SME,SME Loan,14409708.72,803,800,0,0,17.8,34,11,,South,2026-09-30
1004262,50004262,Retail,Credit Card,457305.03,766,802,0,0,29.21,38,17,,West,2026-09-30
1004263,50004263,Retail,Credit Card,458821.14,769,743,0,30,40.27,47,3,,East,2026-09-30
1004264,50004264,Retail,Auto Loan,2857792.63,759,739,0,15,13.03,52,49,2095022.43,South,2026-09-30
1004265,50004265,SME,SME Loan,12110757.32,798,807,0,0,12.58,44,19,,West,2026-09-30
1004266,50004266,Retail,Auto Loan,3189738.43,685,683,0,0,12.95,57,41,2612517.93,Central,2026-09-30
1004267,50004267,Retail,Credit Card,153616.95,694,720,180,195,28.64,39,34,,South,2026-09-30
1004268,50004268,Retail,Mortgage,7472944.04,549,557,0,0,7.76,166,8,7661461.01,West,2026-09-30
1004269,50004269,Retail,Auto Loan,404555.76,728,717,0,15,13.58,62,33,272863.57,North,2026-09-30
1004270,50004270,SME,SME Loan,2945723.03,749,766,0,30,15.59,106,21,,East,2026-09-30
1004271,50004271,Corporate,Corporate Loan,22993660.72,695,662,0,30,12.23,58,25,,South,2026-09-30
1004272,50004272,SME,SME Loan,481369.63,565,600,30,45,12.28,24,4,,Central,2026-09-30
1004273,50004273,Retail,Personal Loan,935493.97,682,691,,0,11.15,54,20,,West,2026-09-30
1004274,50004274,Retail,Auto Loan,1310234.82,844,818,0,0,13.27,62,30,1379896.75,West,2026-09-30
1004275,50004275,Retail,Credit Card,210362.84,,800,0,0,30.1,40,15,,South,2026-09-30
1004276,50004276,Retail,Credit Card,195256.32,670,665,0,15,28.47,59,47,,East,2026-09-30
1004277,50004277,Retail,Auto Loan,1345090.79,691,713,0,0,11.53,47,34,1488024.52,West,2026-09-30
1004278,50004278,SME,Auto Loan,1435326.01,693,630,0,0,9.01,42,36,1069723.34,North,2026-09-30
1004279,50004279,Retail,Mortgage,8518556.17,650,675,0,0,10.42,153,20,10815759.96,South,2026-09-30
1004280,50004280,Retail,Credit Card,198607.25,614,633,0,0,37.79,18,15,,South,2026-09-30
1004281,50004281,Retail,Credit Card,404441.1,766,732,0,0,39.99,46,41,,East,2026-09-30
1004282,50004282,Retail,Personal Loan,1935899.53,756,720,0,0,13.78,32,8,,South,2026-09-30
1004283,50004283,Retail,Mortgage,10190891.03,587,562,30,30,10.34,291,202,9603699.94,North,2026-09-30
1004284,50004284,Retail,Auto Loan,766781.71,703,723,0,0,12.03,45,20,842725.49,East,2026-09-30
1004285,50004285,Retail,Mortgage,2639209.05,615,586,15,15,9.31,284,222,3294976.21,East,2026-09-30
1004286,50004286,Retail,Credit Card,26930.0,785,791,0,0,31.51,45,34,,West,2026-09-30
1004287,50004287,SME,SME Loan,13022019.14,641,654,0,0,11.21,16,9,,West,2026-09-30
1004288,50004288,SME,SME Loan,11991885.13,764,754,0,0,10.84,118,79,,South,2026-09-30
1004289,50004289,Retail,Mortgage,4329865.97,617,644,0,0,8.1,120,1,3754646.86,West,2026-09-30
1004290,50004290,Retail,Auto Loan,2184854.46,613,637,30,15,13.14,30,4,1717954.84,East,2026-09-30
1004291,50004291,Retail,Personal Loan,1943128.38,626,631,0,0,17.8,80,18,,North,2026-09-30
1004292,50004292,SME,SME Loan,13335118.72,674,689,0,0,9.55,71,65,,West,2026-09-30
1004293,50004293,Retail,Personal Loan,86029.61,647,611,0,0,17.14,39,18,,West,2026-09-30
1004294,50004294,Retail,Mortgage,5829574.6,695,734,0,0,10.17,161,55,5246904.24,South,2026-09-30
1004295,50004295,SME,SME Loan,13923468.45,796,800,0,0,9.89,23,14,,South,2026-09-30
1004296,50004296,SME,SME Loan,1286729.56,716,714,0,15,16.45,90,64,,East,2026-09-30
1004297,50004297,SME,SME Loan,4856461.46,724,750,0,15,13.43,37,21,,West,2026-09-30
1004298,50004298,SME,Mortgage,1724139.71,685,678,0,0,7.35,256,14,2189264.14,West,2026-09-30
1004299,50004299,SME,SME Loan,9059985.4,760,754,0,0,14.48,47,31,,North,2026-09-30
1004300,50004300,SME,SME Loan,1442519.53,762,768,0,0,15.31,100,81,,Central,2026-09-30
1004301,50004301,Retail,Personal Loan,900970.94,786,824,0,30,13.96,67,28,,West,2026-09-30
1004302,50004302,Retail,Auto Loan,1075784.55,737,700,180,180,11.31,32,10,678201.03,West,2026-09-30
1004303,50004303,Retail,Personal Loan,586699.97,704,700,0,0,11.49,41,25,,South,2026-09-30
1004304,50004304,Retail,Auto Loan,2884151.21,793,786,0,0,8.23,38,35,2838762.36,East,2026-09-30
1004305,50004305,Retail,Auto Loan,3318382.9,755,747,0,0,9.85,70,56,2128793.5,North,2026-09-30
1004306,50004306,Retail,Mortgage,8776937.44,900,900,0,0,8.81,134,121,10439176.44,South,2026-09-30
1004307,50004307,Retail,Mortgage,9506591.61,763,770,0,0,8.49,301,279,8523445.74,West,2026-09-30
1004308,50004308,Retail,Credit Card,112069.06,611,623,0,15,34.44,40,35,,East,2026-09-30
1004309,50004309,Corporate,Mortgage,8813713.92,721,700,0,0,8.82,183,47,8727573.09,West,2026-09-30
1004310,50004310,SME,SME Loan,9713199.3,746,742,0,30,15.55,79,10,,South,2026-09-30
1004311,50004311,Retail,Mortgage,6617906.48,568,601,90,90,7.45,217,133,8933123.94,North,2026-09-30
1004312,50004312,Retail,Auto Loan,402237.55,679,693,0,0,8.68,69,55,241966.31,West,2026-09-30
1004313,50004313,Retail,Auto Loan,2758329.95,629,637,0,15,10.33,49,18,3206393.82,West,2026-09-30
1004314,50004314,Retail,Credit Card,446094.82,730,737,0,0,31.53,38,29,,Central,2026-09-30
1004315,50004315,Retail,Personal Loan,150701.71,830,818,0,0,13.79,84,82,,North,2026-09-30
1004316,50004316,Retail,Mortgage,4578920.34,718,747,0,15,8.53,212,212,5887822.02,South,2026-09-30
1004317,50004317,Retail,Mortgage,7862970.87,656,645,0,0,9.04,153,105,9141721.29,West,2026-09-30
1004318,50004318,SME,SME Loan,9452682.27,796,762,0,15,10.4,14,5,,East,2026-09-30
1004319,50004319,Retail,Personal Loan,1305936.93,684,691,0,0,12.21,71,46,,Central,2026-09-30
1004320,50004320,Retail,Auto Loan,1847410.26,799,798,0,0,12.73,70,17,2033270.87,North,2026-09-30
1004321,50004321,SME,SME Loan,1802547.29,703,716,0,0,16.89,26,26,,South,2026-09-30
1004322,50004322,Retail,Mortgage,2316671.86,617,601,0,0,7.66,185,101,3314438.72,South,2026-09-30
1004323,50004323,SME,Mortgage,10156334.88,615,631,0,0,9.45,315,164,10405384.13,West,2026-09-30
1004324,50004324,Retail,Credit Card,77190.39,629,638,0,0,31.18,48,28,,South,2026-09-30
1004325,50004325,Retail,Credit Card,427660.41,751,726,0,0,25.41,55,39,,South,2026-09-30
1004326,50004326,Retail,Credit Card,120408.18,610,581,15,30,34.83,22,13,,South,2026-09-30
1004327,50004327,Retail,Credit Card,224684.89,766,747,0,0,40.6,53,24,,South,2026-09-30
1004328,50004328,Corporate,Corporate Loan,70788686.34,649,661,0,0,12.22,98,56,,North,2026-09-30
1004329,50004329,Retail,Personal Loan,1247343.88,747,745,0,30,13.67,17,14,,North,2026-09-30
1004330,50004330,Retail,Auto Loan,2966158.48,695,683,0,0,11.68,56,2,2672565.29,West,2026-09-30
1004331,50004331,SME,SME Loan,2715855.84,682,693,45,30,17.29,49,1,,East,2026-09-30
1004332,50004332,SME,SME Loan,6779637.0,686,678,0,15,12.4,112,9,,West,2026-09-30
1004333,50004333,Retail,Mortgage,5341105.62,713,746,0,0,8.18,282,114,7703470.68,West,2026-09-30
1004334,50004334,Retail,Credit Card,160261.78,678,666,0,15,35.94,16,16,,South,2026-09-30
1004335,50004335,Retail,Personal Loan,1419361.63,796,803,0,0,16.1,65,64,,East,2026-09-30
1004336,50004336,Retail,Credit Card,160358.41,768,807,0,0,27.24,12,9,,North,2026-09-30
1004337,50004337,SME,Auto Loan,2112177.18,715,735,0,15,13.97,53,18,1585074.06,North,2026-09-30
1004338,50004338,Retail,Auto Loan,1209124.32,565,563,0,0,8.02,76,36,1189030.12,North,2026-09-30
1004339,50004339,Retail,Mortgage,11693222.42,714,699,0,15,10.28,318,299,10627374.7,East,2026-09-30
1004340,50004340,SME,SME Loan,6348142.06,578,569,0,0,15.08,14,1,,North,2026-09-30
1004341,50004341,Retail,Mortgage,4322818.36,669,641,0,0,7.63,287,278,4958484.44,North,2026-09-30
1004342,50004342,Retail,Auto Loan,3161155.68,887,890,0,30,13.23,40,8,3734147.76,Central,2026-09-30
1004343,50004343,SME,SME Loan,2476753.35,764,767,0,0,10.23,119,79,,South,2026-09-30
1004344,50004344,SME,SME Loan,3126215.67,706,719,0,0,15.62,108,29,,North,2026-09-30
1004345,50004345,SME,SME Loan,14713875.26,618,632,0,15,16.16,95,5,,West,2026-09-30
1004346,50004346,SME,Auto Loan,2500647.18,735,735,0,15,9.42,58,31,1908333.02,South,2026-09-30
1004347,50004347,SME,Auto Loan,3393823.63,607,646,0,0,9.66,39,18,2397273.12,South,2026-09-30
1004348,50004348,SME,Mortgage,587560.99,770,790,0,0,8.5,279,196,811030.73,North,2026-09-30
1004349,50004349,Retail,Auto Loan,615256.38,761,770,0,0,9.01,67,59,431160.71,West,2026-09-30
1004350,50004350,SME,Auto Loan,3391280.88,732,741,0,0,13.89,65,58,3808264.72,East,2026-09-30
1004351,50004351,Retail,Mortgage,1136941.98,708,704,,0,7.42,302,141,1547465.34,West,2026-09-30
1004352,50004352,Retail,Mortgage,2325389.37,678,641,0,30,8.28,183,73,3309395.13,West,2026-09-30
1004353,50004353,Retail,Mortgage,7450004.46,722,737,0,0,9.27,228,82,10717473.86,East,2026-09-30
1004354,50004354,Retail,Credit Card,248023.4,621,638,0,0,39.35,24,1,,North,2026-09-30
1004355,50004355,Retail,Personal Loan,1668481.98,900,887,180,180,14.89,36,21,,Central,2026-09-30
1004356,50004356,Retail,Auto Loan,2665805.31,663,619,0,0,11.32,39,3,2330150.99,East,2026-09-30
1004357,50004357,SME,Auto Loan,2261556.54,624,628,0,0,10.7,24,8,1452685.32,West,2026-09-30
1004358,50004358,Retail,Mortgage,1009747.59,698,719,45,45,9.96,272,96,1053462.49,South,2026-09-30
1004359,50004359,SME,SME Loan,13440929.43,807,783,0,0,9.48,94,17,,South,2026-09-30
1004360,50004360,SME,SME Loan,3081614.48,623,626,15,15,9.11,54,36,,East,2026-09-30
1004361,50004361,Retail,Auto Loan,1436888.59,665,651,0,0,10.45,71,17,1138275.66,West,2026-09-30
1004362,50004362,Retail,Personal Loan,1671269.91,721,698,0,15,12.09,56,14,,South,2026-09-30
1004363,50004363,SME,SME Loan,9771566.72,655,664,0,15,15.51,65,13,,Central,2026-09-30
1004364,50004364,Retail,Personal Loan,1261169.15,711,723,0,0,11.14,41,14,,West,2026-09-30
1004365,50004365,Retail,Auto Loan,2057556.89,620,615,0,0,13.29,48,23,2393785.94,North,2026-09-30
1004366,50004366,Retail,Personal Loan,1520073.29,696,672,60,75,18.22,55,47,,West,2026-09-30
1004367,50004367,SME,SME Loan,4191507.53,663,701,0,0,15.62,85,41,,South,2026-09-30
1004368,50004368,Retail,Auto Loan,1393271.21,786,755,0,0,11.22,36,31,1349318.48,West,2026-09-30
1004369,50004369,Retail,Credit Card,77391.4,622,646,0,30,39.95,55,42,,East,2026-09-30
1004370,50004370,Retail,Credit Card,202028.24,633,641,0,30,24.63,23,19,,Central,2026-09-30
1004371,50004371,SME,SME Loan,4726788.89,780,770,0,0,12.01,112,30,,West,2026-09-30
1004372,50004372,Corporate,Corporate Loan,50333524.68,657,657,0,0,9.31,19,7,,North,2026-09-30
1004373,50004373,Retail,Personal Loan,380511.14,717,739,0,15,12.73,26,22,,Central,2026-09-30
1004374,50004374,Retail,Mortgage,1928577.52,776,757,0,15,9.7,283,199,2092971.96,South,2026-09-30
1004375,50004375,SME,Auto Loan,3350244.41,668,685,0,15,9.26,83,69,4014267.48,South,2026-09-30
1004376,50004376,Retail,Auto Loan,529028.57,788,780,0,0,10.9,51,30,320298.92,Central,2026-09-30
1004377,50004377,Retail,Mortgage,11862641.63,760,785,0,0,7.55,164,103,18062516.66,South,2026-09-30
1004378,50004378,Retail,Personal Loan,682189.77,790,785,0,0,19.64,15,10,,South,2026-09-30
1004379,50004379,SME,SME Loan,343626.72,730,675,0,0,12.99,20,20,,South,2026-09-30
1004380,50004380,Retail,Personal Loan,1250378.98,750,750,0,0,18.81,47,8,,East,2026-09-30
1004381,50004381,Retail,Mortgage,3283363.02,638,636,0,0,9.4,328,323,3941669.88,West,2026-09-30
1004382,50004382,Retail,Credit Card,436452.79,736,705,0,0,40.7,23,12,,West,2026-09-30
1004383,50004383,Retail,Personal Loan,1356786.87,778,798,0,0,13.96,13,3,,South,2026-09-30
1004384,50004384,Corporate,Corporate Loan,63261126.77,728,707,0,0,13.89,160,115,,North,2026-09-30
1004385,50004385,SME,SME Loan,4095269.74,643,646,30,30,11.66,99,99,,West,2026-09-30
1004386,50004386,Retail,Credit Card,74958.28,687,689,0,0,40.22,16,10,,East,2026-09-30
1004387,50004387,Retail,Personal Loan,183207.34,612,646,0,15,18.96,25,2,,Central,2026-09-30
1004388,50004388,SME,SME Loan,1666676.52,755,776,0,0,10.03,40,25,,West,2026-09-30
1004389,50004389,SME,Auto Loan,2421244.19,687,711,0,0,10.78,61,13,2546869.49,South,2026-09-30
1004390,50004390,Corporate,Corporate Loan,38487968.74,731,756,0,15,13.52,180,72,,East,2026-09-30
1004391,50004391,Retail,Personal Loan,764572.87,598,615,0,0,10.54,66,27,,East,2026-09-30
1004392,50004392,Retail,Credit Card,35382.59,659,625,0,0,41.74,49,28,,West,2026-09-30
1004393,50004393,Retail,Mortgage,9217737.53,790,791,0,0,10.39,276,223,10124137.22,North,2026-09-30
1004394,50004394,Retail,Credit Card,33610.25,814,777,0,0,32.33,24,15,,East,2026-09-30
1004395,50004395,Retail,Mortgage,10994572.94,715,715,0,0,10.06,259,130,12956363.64,West,2026-09-30
1004396,50004396,Retail,Personal Loan,55467.98,714,722,0,0,16.98,43,34,,South,2026-09-30
1004397,50004397,Retail,Mortgage,1507555.47,780,778,0,0,9.9,217,150,2082252.94,East,2026-09-30
1004398,50004398,Retail,Auto Loan,626286.65,755,755,0,0,9.64,72,48,390673.22,South,2026-09-30
1004399,50004399,Corporate,Corporate Loan,47916546.68,735,760,45,45,11.01,93,36,,South,2026-09-30
1004400,50004400,Retail,Mortgage,9689482.4,508,497,60,75,9.35,274,84,13443638.74,North,2026-09-30
1004401,50004401,Retail,Auto Loan,1248798.11,580,555,0,0,10.01,69,66,1461825.16,South,2026-09-30
1004402,50004402,Retail,Mortgage,6568749.01,792,814,0,0,9.8,324,147,9099496.9,West,2026-09-30
1004403,50004403,SME,SME Loan,1186694.77,722,684,0,0,12.4,53,35,,East,2026-09-30
1004404,50004404,Retail,Mortgage,1149852.49,712,740,0,0,7.45,329,238,1644965.03,Central,2026-09-30
1004405,50004405,Retail,Personal Loan,632105.5,644,652,0,0,19.88,64,39,,Central,2026-09-30
1004406,50004406,Retail,Auto Loan,1406923.78,713,726,0,0,11.11,44,38,1644616.98,North,2026-09-30
1004407,50004407,Retail,Credit Card,185473.26,705,732,0,0,35.81,54,19,,West,2026-09-30
1004408,50004408,SME,Auto Loan,1761540.49,736,754,0,30,13.1,57,3,1492407.63,West,2026-09-30
1004409,50004409,Retail,Personal Loan,94198.89,798,779,0,15,17.41,60,12,,East,2026-09-30
1004410,50004410,Retail,Auto Loan,3345163.68,738,751,0,15,13.75,39,22,3918599.7,North,2026-09-30
1004411,50004411,Retail,Credit Card,387912.34,665,658,0,0,32.09,19,7,,West,2026-09-30
1004412,50004412,Retail,Mortgage,8693155.88,783,812,0,0,10.44,289,14,11043039.32,West,2026-09-30
1004413,50004413,Retail,Mortgage,3855521.51,672,657,0,0,9.6,310,73,4566657.07,West,2026-09-30
1004414,50004414,Retail,Auto Loan,1024147.86,727,717,0,30,10.02,66,53,1199568.03,East,2026-09-30
1004415,50004415,Retail,Personal Loan,326412.81,684,698,,0,16.23,72,46,,West,2026-09-30
1004416,50004416,Retail,Mortgage,4804075.61,768,763,0,15,8.97,253,58,7029711.39,Central,2026-09-30
1004417,50004417,Retail,Auto Loan,280794.28,682,698,180,210,10.09,34,6,281326.92,South,2026-09-30
1004418,50004418,Retail,Personal Loan,1334459.76,729,753,30,60,16.85,76,28,,West,2026-09-30
1004419,50004419,SME,SME Loan,6742835.13,674,694,0,15,13.3,100,69,,South,2026-09-30
1004420,50004420,Retail,Personal Loan,560566.42,900,862,0,15,11.19,17,7,,South,2026-09-30
1004421,50004421,Corporate,Mortgage,7871969.13,684,688,0,0,8.96,251,202,10817201.78,West,2026-09-30
1004422,50004422,SME,SME Loan,2033183.56,637,643,0,0,12.86,44,30,,North,2026-09-30
1004423,50004423,Retail,Personal Loan,1050200.08,769,777,0,0,15.66,71,27,,West,2026-09-30
1004424,50004424,Retail,Mortgage,7941708.45,669,654,0,0,9.93,181,18,10467109.92,North,2026-09-30
1004425,50004425,Corporate,Mortgage,4806334.29,756,764,0,0,7.99,259,72,7012074.4,West,2026-09-30
1004426,50004426,SME,SME Loan,6342641.97,591,602,0,30,12.99,58,26,,North,2026-09-30
1004427,50004427,Retail,Auto Loan,3255269.05,744,751,0,0,13.86,69,55,3367817.78,West,2026-09-30
1004428,50004428,Retail,Credit Card,443666.26,719,743,0,15,29.99,29,6,,West,2026-09-30
1004429,50004429,Retail,Credit Card,230512.0,773,792,0,0,38.9,42,22,,Central,2026-09-30
1004430,50004430,Retail,Credit Card,74467.16,683,684,0,15,37.34,28,24,,East,2026-09-30
1004431,50004431,Retail,Auto Loan,399580.79,680,709,0,0,10.57,29,23,441681.35,Central,2026-09-30
1004432,50004432,Retail,Auto Loan,2083347.12,728,694,0,0,9.14,46,6,2342865.57,South,2026-09-30
1004433,50004433,Retail,Credit Card,357120.09,698,697,0,0,27.1,46,1,,North,2026-09-30
1004434,50004434,Retail,Mortgage,970681.91,672,670,0,0,8.06,276,72,984360.96,North,2026-09-30
1004435,50004435,SME,Mortgage,8296678.9,619,633,0,0,8.42,202,93,7472780.02,South,2026-09-30
1004436,50004436,SME,SME Loan,9396905.58,780,791,0,0,13.25,49,15,,South,2026-09-30
1004437,50004437,SME,Auto Loan,3426437.2,695,688,30,15,11.72,73,72,3735897.52,West,2026-09-30
1004438,50004438,Retail,Personal Loan,968449.03,810,783,0,15,16.0,30,29,,South,2026-09-30
1004439,50004439,Retail,Mortgage,11215719.46,802,805,0,0,9.14,255,62,9894930.73,East,2026-09-30
1004440,50004440,Retail,Credit Card,416711.58,604,672,0,0,25.8,58,31,,East,2026-09-30
1004441,50004441,Retail,Credit Card,100414.19,633,674,0,30,37.09,24,11,,North,2026-09-30
1004442,50004442,Retail,Personal Loan,925222.28,717,685,0,0,14.46,45,38,,West,2026-09-30
1004443,50004443,Retail,Mortgage,6394508.68,802,777,0,15,8.27,168,104,8664263.0,North,2026-09-30
1004444,50004444,Retail,Personal Loan,219743.01,775,777,0,0,13.36,37,30,,West,2026-09-30
1004445,50004445,Retail,Mortgage,4466833.9,534,552,0,15,10.07,297,134,4270249.03,South,2026-09-30
1004446,50004446,SME,SME Loan,9863403.93,640,667,0,0,14.42,27,11,,West,2026-09-30
1004447,50004447,Retail,Mortgage,4779519.8,694,684,0,30,7.69,265,19,5577501.91,Central,2026-09-30
1004448,50004448,Retail,Mortgage,10213751.94,607,602,0,0,8.14,289,237,,South,2026-09-30
1004449,50004449,SME,Auto Loan,2612030.07,647,627,0,0,8.49,48,1,1987605.27,Central,2026-09-30
1004450,50004450,Retail,Personal Loan,1361317.79,674,679,0,0,18.52,79,25,,West,2026-09-30
1004451,50004451,Retail,Credit Card,242056.71,568,602,0,0,26.68,26,12,,South,2026-09-30
1004452,50004452,SME,SME Loan,10638893.76,742,706,0,0,16.91,106,48,,East,2026-09-30
1004453,50004453,Retail,Personal Loan,928341.97,574,544,0,0,19.7,25,16,,West,2026-09-30
1004454,50004454,Retail,Mortgage,7480620.33,507,539,60,60,9.02,248,248,6854352.69,East,2026-09-30
1004455,50004455,Retail,Personal Loan,860198.14,,749,0,0,15.69,61,24,,West,2026-09-30
1004456,50004456,Retail,Personal Loan,1481682.18,835,849,0,15,13.73,40,27,,West,2026-09-30
1004457,50004457,Retail,Mortgage,3164845.91,621,640,75,105,9.45,313,203,3850395.42,North,2026-09-30
1004458,50004458,Retail,Personal Loan,1727690.19,592,589,0,15,11.15,36,13,,North,2026-09-30
1004459,50004459,Retail,Personal Loan,333112.51,568,593,0,0,16.91,28,23,,East,2026-09-30
1004460,50004460,Retail,Personal Loan,347277.88,681,708,0,15,11.36,55,12,,South,2026-09-30
1004461,50004461,Retail,Credit Card,371618.27,743,743,0,0,38.28,15,11,,South,2026-09-30
1004462,50004462,Retail,Mortgage,10967225.38,727,727,0,0,8.03,195,33,15250477.09,West,2026-09-30
1004463,50004463,SME,Mortgage,8717838.96,677,651,0,0,8.06,234,197,11789200.88,North,2026-09-30
1004464,50004464,Retail,Personal Loan,935981.14,701,703,120,105,10.23,67,40,,West,2026-09-30
1004465,50004465,Retail,Mortgage,4920540.94,760,773,0,15,10.25,128,118,6974306.07,West,2026-09-30
1004466,50004466,Retail,Personal Loan,1089485.87,750,762,0,30,19.58,35,9,,East,2026-09-30
1004467,50004467,SME,SME Loan,13997993.1,700,700,0,0,14.41,86,34,,Central,2026-09-30
1004468,50004468,Retail,Auto Loan,2680538.14,809,778,0,0,10.6,39,13,3149664.09,South,2026-09-30
1004469,50004469,Retail,Personal Loan,903862.57,752,714,0,0,11.5,59,11,,South,2026-09-30
1004470,50004470,Retail,Auto Loan,2139691.1,647,633,0,15,9.83,81,60,2000848.7,West,2026-09-30
1004471,50004471,Retail,Mortgage,7539587.05,711,689,0,30,8.53,256,144,8252132.5,North,2026-09-30
1004472,50004472,SME,Mortgage,7501427.6,869,824,0,0,10.18,167,34,8438232.05,South,2026-09-30
1004473,50004473,Retail,Auto Loan,1766104.52,717,696,0,0,11.91,83,36,1091584.3,North,2026-09-30
1004474,50004474,Retail,Personal Loan,1174922.84,694,725,0,15,14.04,16,9,,South,2026-09-30
1004475,50004475,Retail,Personal Loan,1292085.77,568,609,15,15,16.13,55,6,,West,2026-09-30
1004476,50004476,Retail,Personal Loan,1620556.6,678,667,0,30,13.22,17,16,,Central,2026-09-30
1004477,50004477,Retail,Auto Loan,962009.45,611,599,45,15,13.78,68,39,796899.83,North,2026-09-30
1004478,50004478,SME,Mortgage,6094137.41,607,626,0,0,7.35,352,229,5659325.48,West,2026-09-30
1004479,50004479,Retail,Auto Loan,2240947.76,759,757,0,0,10.45,27,17,2340003.62,North,2026-09-30
1004480,50004480,Corporate,Corporate Loan,25077455.93,600,570,0,15,7.89,115,38,,West,2026-09-30
1004481,50004481,Retail,Mortgage,3254617.09,703,709,0,0,7.93,139,72,3111314.09,East,2026-09-30
1004482,50004482,Retail,Auto Loan,2172089.82,655,667,75,60,9.73,48,8,2602898.14,South,2026-09-30
1004483,50004483,Retail,Mortgage,11454884.16,589,600,30,30,8.66,143,21,15682568.5,South,2026-09-30
1004484,50004484,SME,SME Loan,2912605.59,723,734,0,0,10.16,91,82,,South,2026-09-30
1004485,50004485,Retail,Auto Loan,3333346.78,735,736,0,0,10.45,57,31,3984033.73,West,2026-09-30
1004486,50004486,Retail,Mortgage,6517728.14,739,733,0,0,9.63,264,88,6113318.05,South,2026-09-30
1004487,50004487,SME,Auto Loan,1919740.09,551,511,0,15,9.85,24,22,1173688.54,East,2026-09-30
1004488,50004488,Retail,Auto Loan,3185173.57,770,765,0,0,9.19,35,31,1949045.36,South,2026-09-30
1004489,50004489,Retail,Credit Card,229006.91,718,724,0,0,29.97,40,2,,South,2026-09-30
1004490,50004490,Retail,Mortgage,1643947.9,728,713,0,0,7.57,359,50,2324336.04,East,2026-09-30
1004491,50004491,Retail,Mortgage,9505778.18,592,601,0,0,9.01,198,120,11111362.7,West,2026-09-30
1004492,50004492,Retail,Auto Loan,1613354.51,773,808,0,0,12.71,32,15,1723932.88,North,2026-09-30
1004493,50004493,Retail,Auto Loan,1404010.5,635,620,0,0,12.07,45,43,1374234.88,South,2026-09-30
1004494,50004494,Retail,Auto Loan,1189150.3,742,743,0,15,8.03,54,28,789472.97,Central,2026-09-30
1004495,50004495,Corporate,Corporate Loan,15866234.15,623,612,0,0,10.0,69,15,,Central,2026-09-30
1004496,50004496,Retail,Personal Loan,607950.56,771,733,0,0,18.96,24,19,,West,2026-09-30
1004497,50004497,Retail,Auto Loan,400670.09,654,659,0,0,10.36,82,26,327530.58,North,2026-09-30
1004498,50004498,Retail,Credit Card,290073.91,677,664,0,0,31.78,24,5,,West,2026-09-30
1004499,50004499,Retail,Credit Card,420233.53,639,647,0,15,27.74,53,36,,South,2026-09-30
1004500,50004500,Retail,Mortgage,7737921.14,644,636,0,0,7.04,133,87,8011592.03,South,2026-09-30
1004501,50004501,Retail,Personal Loan,1642960.68,781,751,0,0,17.98,69,52,,North,2026-09-30
1004502,50004502,Retail,Credit Card,428895.83,675,686,0,0,31.72,18,2,,East,2026-09-30
1004503,50004503,SME,Auto Loan,2505048.4,639,606,0,0,8.2,53,8,2620056.31,West,2026-09-30
1004504,50004504,SME,SME Loan,12956166.76,774,766,0,0,15.44,67,47,,West,2026-09-30
1004505,50004505,Retail,Mortgage,6932550.35,714,724,0,30,9.68,276,213,10441054.35,West,2026-09-30
1004506,50004506,Retail,Auto Loan,3042994.96,734,762,0,15,10.98,26,26,2064742.57,North,2026-09-30
1004507,50004507,SME,SME Loan,12149030.08,588,593,0,0,10.66,103,68,,North,2026-09-30
1004508,50004508,Retail,Auto Loan,669649.57,592,595,0,0,10.93,34,29,507117.54,East,2026-09-30
1004509,50004509,Corporate,Corporate Loan,57116186.19,638,631,45,45,11.29,173,37,,West,2026-09-30
1004510,50004510,Retail,Credit Card,183383.26,706,753,0,0,25.68,32,7,,West,2026-09-30
1004511,50004511,Retail,Credit Card,342710.56,703,710,0,0,28.95,12,7,,East,2026-09-30
1004512,50004512,Retail,Auto Loan,1018893.67,728,748,0,0,13.04,57,43,714452.12,Central,2026-09-30
1004513,50004513,Retail,Mortgage,1316842.57,669,656,0,0,8.67,138,97,1328787.05,South,2026-09-30
1004514,50004514,SME,SME Loan,12414685.59,653,642,0,15,10.78,18,1,,Central,2026-09-30
1004515,50004515,Retail,Mortgage,2919976.96,632,634,0,30,8.66,166,64,2838541.04,South,2026-09-30
1004516,50004516,SME,Auto Loan,376628.63,746,739,0,15,8.54,30,21,390622.43,North,2026-09-30
1004517,50004517,Retail,Mortgage,1169874.35,578,582,90,75,7.46,275,234,1722354.01,West,2026-09-30
1004518,50004518,Retail,Personal Loan,633097.22,745,747,0,15,18.78,13,8,,East,2026-09-30
1004519,50004519,Retail,Mortgage,8055705.92,534,581,0,0,10.34,235,221,7240599.82,Central,2026-09-30
1004520,50004520,Retail,Credit Card,393881.38,697,706,0,0,24.49,34,34,,West,2026-09-30
1004521,50004521,Retail,Auto Loan,1346491.36,754,724,0,0,10.03,65,2,980158.79,East,2026-09-30
1004522,50004522,Retail,Personal Loan,486402.44,790,776,0,0,17.85,74,22,,West,2026-09-30
1004523,50004523,Retail,Personal Loan,731616.06,743,740,0,30,18.11,56,28,,South,2026-09-30
1004524,50004524,Retail,Auto Loan,2610338.15,696,693,0,0,11.73,61,57,2088904.0,South,2026-09-30
1004525,50004525,Retail,Credit Card,360321.24,740,716,0,0,36.43,44,16,,Central,2026-09-30
1004526,50004526,Retail,Personal Loan,512661.51,643,682,15,0,18.74,55,30,,West,2026-09-30
1004527,50004527,Retail,Auto Loan,2824562.53,609,587,0,0,12.47,41,25,2055396.91,North,2026-09-30
1004528,50004528,Retail,Personal Loan,1492384.67,743,741,0,0,17.45,36,4,,West,2026-09-30
1004529,50004529,Retail,Mortgage,727777.94,690,666,0,0,9.98,123,49,866339.0,West,2026-09-30
1004530,50004530,Retail,Personal Loan,743588.74,729,725,0,0,16.2,15,8,,East,2026-09-30
1004531,50004531,Retail,Personal Loan,1588711.3,822,793,0,0,13.07,37,27,,West,2026-09-30
1004532,50004532,Retail,Personal Loan,337596.86,635,646,0,0,14.01,79,69,,East,2026-09-30
1004533,50004533,Retail,Mortgage,1648481.52,742,733,0,15,7.94,350,177,1877183.09,West,2026-09-30
1004534,50004534,Retail,Credit Card,321453.63,650,654,0,15,41.69,49,26,,North,2026-09-30
1004535,50004535,Retail,Personal Loan,1270592.24,790,777,0,0,11.59,19,11,,South,2026-09-30
1004536,50004536,Retail,Mortgage,1439439.65,773,728,0,0,7.44,203,140,1805156.28,North,2026-09-30
1004537,50004537,Retail,Auto Loan,3303849.26,629,663,0,15,8.46,73,64,2082223.5,West,2026-09-30
1004538,50004538,Retail,Mortgage,2973508.1,705,687,0,30,9.12,199,125,4334567.23,West,2026-09-30
1004539,50004539,SME,SME Loan,11808328.69,647,623,0,0,9.65,68,16,,North,2026-09-30
1004540,50004540,Retail,Auto Loan,2947670.64,751,731,0,0,9.87,48,26,2674948.8,South,2026-09-30
1004541,50004541,Retail,Auto Loan,2221010.31,778,757,0,0,11.94,38,2,1911010.93,North,2026-09-30
1004542,50004542,Retail,Personal Loan,1315335.85,634,649,0,0,10.98,76,70,,West,2026-09-30
1004543,50004543,Retail,Mortgage,11311746.76,631,602,0,0,8.11,120,56,13313378.4,South,2026-09-30
1004544,50004544,Retail,Credit Card,439275.09,598,626,30,45,37.55,17,3,,North,2026-09-30
1004545,50004545,Retail,Auto Loan,1502691.92,686,697,60,60,13.34,58,28,922944.18,Central,2026-09-30
1004546,50004546,Retail,Mortgage,9504988.34,619,649,60,90,9.16,141,82,8591845.96,West,2026-09-30
1004547,50004547,SME,SME Loan,3590416.95,699,683,0,0,14.77,60,33,,West,2026-09-30
1004548,50004548,Retail,Credit Card,355630.12,770,801,0,0,24.22,15,4,,Central,2026-09-30
1004549,50004549,Retail,Personal Loan,1932988.07,715,714,0,30,13.4,53,36,,West,2026-09-30
1004550,50004550,Corporate,Corporate Loan,59222950.46,718,689,0,30,7.88,89,70,,North,2026-09-30
1004551,50004551,SME,SME Loan,1826971.53,776,782,0,15,9.06,74,17,,West,2026-09-30
1004552,50004552,Retail,Personal Loan,958214.7,737,746,0,15,15.87,16,8,,West,2026-09-30
1004553,50004553,SME,SME Loan,13530983.16,625,611,0,15,11.09,111,33,,Central,2026-09-30
1004554,50004554,Retail,Personal Loan,1065012.85,674,647,0,0,12.37,83,42,,South,2026-09-30
1004555,50004555,SME,SME Loan,10828987.49,657,659,0,0,14.36,22,14,,South,2026-09-30
1004556,50004556,Retail,Auto Loan,995869.61,749,750,0,0,8.91,84,61,831412.08,South,2026-09-30
1004557,50004557,SME,SME Loan,7376764.06,743,737,0,0,11.03,100,71,,West,2026-09-30
1004558,50004558,Retail,Credit Card,31899.91,755,729,0,0,33.61,31,11,,South,2026-09-30
1004559,50004559,SME,SME Loan,2032210.21,546,566,0,30,12.47,108,6,,West,2026-09-30
1004560,50004560,SME,Auto Loan,3050642.73,704,701,0,0,8.08,31,29,3044541.16,Central,2026-09-30
1004561,50004561,Retail,Credit Card,141139.53,746,742,0,30,24.27,35,21,,North,2026-09-30
1004562,50004562,Retail,Auto Loan,1585961.0,710,690,0,0,13.59,32,30,1410210.23,Central,2026-09-30
1004563,50004563,Retail,Auto Loan,1887365.27,801,793,0,0,12.21,61,55,1319035.52,West,2026-09-30
1004564,50004564,Retail,Credit Card,124303.96,831,858,0,0,32.23,30,2,,Central,2026-09-30
1004565,50004565,Retail,Mortgage,1404697.01,669,665,0,15,9.52,121,73,2143491.02,West,2026-09-30
1004566,50004566,Retail,Credit Card,65360.56,752,729,0,0,31.03,36,21,,South,2026-09-30
1004567,50004567,Retail,Credit Card,118237.75,605,613,45,75,36.08,24,15,,South,2026-09-30
1004568,50004568,Retail,Personal Loan,1648176.74,871,839,0,0,16.64,35,33,,West,2026-09-30
1004569,50004569,Retail,Mortgage,6230776.55,566,582,0,0,9.55,137,52,8519366.21,East,2026-09-30
1004570,50004570,Corporate,Corporate Loan,28913430.45,647,648,30,45,10.85,17,3,,East,2026-09-30
1004571,50004571,SME,SME Loan,9122065.52,698,649,0,30,13.06,96,36,,West,2026-09-30
1004572,50004572,Retail,Mortgage,6321456.59,600,621,0,0,8.83,352,216,9505019.92,South,2026-09-30
1004573,50004573,Retail,Personal Loan,151897.17,782,767,0,15,12.27,68,66,,West,2026-09-30
1004574,50004574,SME,SME Loan,10425757.51,653,647,0,15,9.28,83,51,,West,2026-09-30
1004575,50004575,Retail,Auto Loan,878817.1,660,655,0,15,10.78,83,63,618653.44,East,2026-09-30
1004576,50004576,Retail,Personal Loan,821429.29,777,776,0,15,11.15,40,15,,South,2026-09-30
1004577,50004577,SME,Auto Loan,923659.17,718,718,0,0,12.7,78,25,731684.27,West,2026-09-30
1004578,50004578,Retail,Mortgage,5518397.48,709,728,0,0,7.41,232,89,7595455.87,East,2026-09-30
1004579,50004579,Retail,Credit Card,53806.88,586,633,45,75,32.81,33,23,,West,2026-09-30
1004580,50004580,Retail,Personal Loan,1820545.84,560,595,0,0,14.54,12,7,,East,2026-09-30
1004581,50004581,Retail,Personal Loan,994461.08,615,624,15,30,10.11,30,6,,West,2026-09-30
1004582,50004582,Retail,Mortgage,1770432.52,558,569,60,60,8.45,208,18,2509167.16,South,2026-09-30
1004583,50004583,Retail,Credit Card,281239.39,793,799,0,0,29.07,12,12,,South,2026-09-30
1004584,50004584,Retail,Credit Card,52582.29,659,686,0,30,34.81,33,24,,Central,2026-09-30
1004585,50004585,Retail,Personal Loan,1181119.18,723,720,0,0,10.07,75,6,,North,2026-09-30
1004586,50004586,SME,Auto Loan,350331.98,708,711,90,105,10.43,74,64,290456.18,North,2026-09-30
1004587,50004587,Retail,Personal Loan,756168.07,651,672,15,0,10.6,14,4,,South,2026-09-30
1004588,50004588,Retail,Personal Loan,797657.27,762,758,0,0,10.75,43,1,,North,2026-09-30
1004589,50004589,SME,SME Loan,14559300.17,694,721,0,0,10.21,85,35,,South,2026-09-30
1004590,50004590,Retail,Credit Card,338149.22,766,768,0,15,37.58,57,9,,South,2026-09-30
1004591,50004591,SME,SME Loan,7314705.18,720,705,0,15,15.17,45,1,,West,2026-09-30
1004592,50004592,Retail,Personal Loan,190105.61,741,742,0,0,11.57,54,52,,North,2026-09-30
1004593,50004593,Retail,Credit Card,432354.02,744,762,0,0,29.02,55,8,,Central,2026-09-30
1004594,50004594,Retail,Mortgage,10260795.45,733,735,0,0,8.83,205,134,15093431.14,South,2026-09-30
1004595,50004595,SME,Mortgage,3206745.96,757,729,0,0,7.71,357,86,3522332.05,South,2026-09-30
1004596,50004596,Retail,Personal Loan,1109588.21,731,719,0,15,14.49,18,12,,North,2026-09-30
1004597,50004597,Retail,Credit Card,473228.78,741,785,0,0,31.16,51,11,,East,2026-09-30
1004598,50004598,Retail,Credit Card,78158.5,507,502,15,0,34.12,33,17,,South,2026-09-30
1004599,50004599,Corporate,Corporate Loan,66220882.87,673,719,45,75,11.36,33,11,,West,2026-09-30
1004600,50004600,Retail,Personal Loan,1983816.73,573,548,45,60,18.24,36,10,,South,2026-09-30
1004601,50004601,Retail,Mortgage,3197340.21,657,637,0,15,7.08,129,99,3487981.64,West,2026-09-30
1004602,50004602,Retail,Auto Loan,2957456.37,732,695,0,15,13.77,39,20,1970764.21,South,2026-09-30
1004603,50004603,Retail,Credit Card,362931.26,782,787,0,0,33.39,51,1,,South,2026-09-30
1004604,50004604,Retail,Auto Loan,1996423.16,714,721,15,45,10.7,45,7,1969533.31,South,2026-09-30
1004605,50004605,Retail,Mortgage,3345133.26,682,700,0,0,7.59,227,46,3283347.11,West,2026-09-30
1004606,50004606,Retail,Mortgage,3453985.56,733,740,0,0,9.28,131,76,4578217.48,South,2026-09-30
1004607,50004607,Retail,Credit Card,386598.34,810,825,0,0,33.56,24,2,,North,2026-09-30
1004608,50004608,Retail,Personal Loan,320655.8,658,673,0,0,15.87,46,42,,West,2026-09-30
1004609,50004609,Retail,Mortgage,6617828.01,764,763,0,30,10.37,341,309,8445896.63,North,2026-09-30
1004610,50004610,Retail,Auto Loan,2595409.93,764,761,0,15,8.91,24,22,2863071.13,West,2026-09-30
1004611,50004611,SME,Auto Loan,1741964.63,687,698,0,0,12.82,32,32,1299415.39,Central,2026-09-30
1004612,50004612,SME,SME Loan,11646559.21,771,751,0,15,17.04,35,8,,South,2026-09-30
1004613,50004613,SME,Mortgage,8564193.07,,682,0,0,7.14,141,21,11383130.76,West,2026-09-30
1004614,50004614,Retail,Credit Card,202022.01,625,648,0,30,26.13,49,34,,West,2026-09-30
1004615,50004615,Retail,Credit Card,212692.4,696,682,0,0,29.42,32,29,,West,2026-09-30
1004616,50004616,SME,Mortgage,674709.62,781,785,0,0,8.81,226,88,970629.38,Central,2026-09-30
1004617,50004617,SME,Mortgage,8731670.06,645,692,0,0,9.31,308,20,10968298.73,West,2026-09-30
1004618,50004618,Corporate,Corporate Loan,72787884.1,780,796,0,15,11.38,152,135,,West,2026-09-30
1004619,50004619,Retail,Mortgage,6102067.08,724,696,0,0,8.68,261,108,6464830.36,East,2026-09-30
1004620,50004620,Retail,Mortgage,3447394.26,636,624,75,75,7.22,298,196,4964875.79,South,2026-09-30
1004621,50004621,SME,SME Loan,10782332.04,730,723,0,0,13.09,21,13,,West,2026-09-30
1004622,50004622,SME,SME Loan,640343.26,834,829,0,15,16.6,30,14,,West,2026-09-30
1004623,50004623,Retail,Mortgage,2637986.1,753,702,0,15,10.44,133,15,3358264.14,South,2026-09-30
1004624,50004624,Retail,Credit Card,479174.99,562,590,0,0,37.65,40,6,,West,2026-09-30
1004625,50004625,Retail,Personal Loan,1698346.9,698,663,0,0,15.13,60,6,,North,2026-09-30
1004626,50004626,Retail,Auto Loan,532111.93,578,586,0,0,13.03,43,5,624794.65,North,2026-09-30
1004627,50004627,Retail,Mortgage,3697126.62,580,574,45,75,8.07,176,14,3215527.64,North,2026-09-30
1004628,50004628,Corporate,Mortgage,1375606.38,614,654,90,90,8.92,342,100,1571013.32,South,2026-09-30
1004629,50004629,Retail,Mortgage,7540711.5,634,649,0,0,8.37,254,35,7385498.46,West,2026-09-30
1004630,50004630,Retail,Auto Loan,294961.77,744,733,0,0,9.69,81,40,247684.7,Central,2026-09-30
1004631,50004631,SME,SME Loan,1172647.1,775,729,0,30,14.27,63,58,,Central,2026-09-30
1004632,50004632,Retail,Personal Loan,1044769.27,630,658,0,0,12.25,55,29,,East,2026-09-30
1004633,50004633,Corporate,Corporate Loan,37178557.9,718,719,0,0,13.5,13,5,,South,2026-09-30
1004634,50004634,Retail,Credit Card,381113.14,731,719,0,0,32.73,45,20,,South,2026-09-30
1004635,50004635,Retail,Mortgage,8206610.92,823,821,0,0,7.15,165,35,10575058.29,South,2026-09-30
1004636,50004636,Retail,Auto Loan,1354613.93,746,753,0,0,9.44,71,21,1429586.01,South,2026-09-30
1004637,50004637,Retail,Credit Card,304834.23,789,824,0,0,27.44,33,1,,North,2026-09-30
1004638,50004638,SME,SME Loan,4591960.64,605,599,0,30,15.36,59,40,,East,2026-09-30
1004639,50004639,Retail,Credit Card,367967.6,651,652,75,105,37.7,24,12,,East,2026-09-30
1004640,50004640,Retail,Mortgage,9673025.12,642,665,0,0,9.56,341,335,14111077.79,East,2026-09-30
1004641,50004641,SME,SME Loan,5284937.44,740,724,0,0,15.15,118,43,,South,2026-09-30
1004642,50004642,Retail,Personal Loan,1869174.71,578,597,0,15,15.2,29,8,,South,2026-09-30
1004643,50004643,Retail,Mortgage,4628798.74,646,671,0,0,9.08,342,135,4022792.6,South,2026-09-30
1004644,50004644,Retail,Auto Loan,783598.95,618,646,0,0,8.46,82,65,558319.4,East,2026-09-30
1004645,50004645,SME,SME Loan,8178318.51,,653,0,15,16.89,116,18,,South,2026-09-30
1004646,50004646,Retail,Personal Loan,1195058.85,730,689,0,30,14.78,72,2,,East,2026-09-30
1004647,50004647,SME,SME Loan,13645797.74,720,715,120,135,15.81,89,3,,West,2026-09-30
1004648,50004648,Retail,Personal Loan,627261.43,798,796,0,0,16.25,30,29,,South,2026-09-30
1004649,50004649,Retail,Credit Card,281414.33,699,685,0,0,40.29,30,16,,South,2026-09-30
1004650,50004650,SME,SME Loan,707766.71,736,689,0,0,12.9,18,10,,North,2026-09-30
1004651,50004651,Corporate,Corporate Loan,23177490.95,705,687,0,0,13.77,118,47,,West,2026-09-30
1004652,50004652,Retail,Auto Loan,1487296.8,601,605,0,0,10.2,82,36,967496.55,East,2026-09-30
1004653,50004653,Retail,Auto Loan,461576.22,633,652,0,15,11.91,57,35,455836.72,South,2026-09-30
1004654,50004654,Retail,Credit Card,51388.5,579,587,0,0,34.69,48,16,,South,2026-09-30
1004655,50004655,Retail,Credit Card,250000.2,742,704,0,30,38.05,37,28,,West,2026-09-30
1004656,50004656,Retail,Credit Card,330418.61,728,724,0,15,36.15,42,3,,Central,2026-09-30
1004657,50004657,Retail,Auto Loan,586758.13,594,629,45,30,10.7,46,1,357499.68,North,2026-09-30
1004658,50004658,Retail,Mortgage,2096244.23,842,840,0,0,8.33,260,235,,West,2026-09-30
1004659,50004659,SME,SME Loan,6742883.75,657,630,0,0,13.23,53,4,,North,2026-09-30
1004660,50004660,Retail,Personal Loan,940065.29,664,603,0,0,18.11,66,45,,South,2026-09-30
1004661,50004661,Retail,Mortgage,1700410.87,717,711,0,0,9.3,194,30,2249753.58,South,2026-09-30
1004662,50004662,Retail,Personal Loan,1833956.01,624,673,0,0,19.94,84,61,,West,2026-09-30
1004663,50004663,Corporate,Corporate Loan,22000224.62,780,730,0,0,13.07,35,13,,North,2026-09-30
1004664,50004664,Retail,Mortgage,1530827.32,720,756,0,0,7.41,259,124,1768449.03,East,2026-09-30
1004665,50004665,Retail,Personal Loan,1390952.47,838,837,0,0,12.53,36,22,,North,2026-09-30
1004666,50004666,Retail,Mortgage,2027757.1,651,657,0,0,7.73,334,331,2190643.68,West,2026-09-30
1004667,50004667,Retail,Mortgage,4148866.69,711,708,0,30,7.84,280,258,4914469.31,East,2026-09-30
1004668,50004668,Retail,Mortgage,8116345.53,617,636,0,0,10.08,277,209,7869603.36,South,2026-09-30
1004669,50004669,Retail,Auto Loan,2024367.81,718,701,0,0,11.89,51,29,2333798.96,East,2026-09-30
1004670,50004670,Retail,Mortgage,5279161.58,678,649,0,15,7.36,283,197,7708977.42,East,2026-09-30
1004671,50004671,SME,SME Loan,10086529.57,765,787,0,0,10.67,46,7,,Central,2026-09-30
1004672,50004672,Retail,Credit Card,174989.17,571,582,45,75,30.28,48,18,,West,2026-09-30
1004673,50004673,SME,SME Loan,1868901.23,633,638,0,0,14.48,15,1,,East,2026-09-30
1004674,50004674,Retail,Mortgage,6496283.12,640,658,0,0,7.5,268,52,7394660.6,Central,2026-09-30
1004675,50004675,Retail,Personal Loan,1561798.64,595,597,0,15,10.16,61,12,,South,2026-09-30
1004676,50004676,SME,Auto Loan,971810.04,631,655,0,0,8.86,53,7,1064825.74,North,2026-09-30
1004677,50004677,Retail,Personal Loan,1361311.22,705,648,30,60,13.81,40,32,,West,2026-09-30
1004678,50004678,SME,SME Loan,10044601.33,862,813,0,0,12.34,81,34,,West,2026-09-30
1004679,50004679,Corporate,Mortgage,7283812.14,688,744,30,45,8.89,145,122,7476266.5,West,2026-09-30
1004680,50004680,SME,Auto Loan,694263.07,750,739,0,0,8.34,42,9,500294.76,West,2026-09-30
1004681,50004681,Retail,Mortgage,11893359.25,724,689,0,0,7.24,359,345,11489608.18,West,2026-09-30
1004682,50004682,Retail,Auto Loan,2096646.17,739,745,0,30,10.1,67,36,1369127.64,South,2026-09-30
1004683,50004683,Retail,Personal Loan,878393.32,715,693,0,0,10.03,76,53,,Central,2026-09-30
1004684,50004684,SME,Mortgage,8622353.87,783,788,0,30,8.56,157,66,12445508.69,South,2026-09-30
1004685,50004685,Retail,Personal Loan,1463602.81,681,699,0,0,11.28,58,7,,West,2026-09-30
1004686,50004686,Retail,Mortgage,2101844.97,753,766,0,15,9.82,202,93,3252442.76,West,2026-09-30
1004687,50004687,Retail,Mortgage,9052385.84,735,725,0,0,8.08,346,10,10071676.94,Central,2026-09-30
1004688,50004688,Retail,Mortgage,4285888.21,863,852,0,30,10.21,201,124,5614458.71,West,2026-09-30
1004689,50004689,Retail,Mortgage,8182314.89,734,736,0,0,8.17,355,274,7628611.8,South,2026-09-30
1004690,50004690,SME,Auto Loan,1269863.67,722,720,0,30,8.96,68,1,1024713.54,South,2026-09-30
1004691,50004691,Retail,Credit Card,323666.3,597,586,0,0,25.61,44,28,,West,2026-09-30
1004692,50004692,SME,Auto Loan,658309.89,559,557,0,15,9.2,58,55,446943.29,North,2026-09-30
1004693,50004693,Retail,Personal Loan,1603668.28,807,773,0,0,16.69,50,30,,North,2026-09-30
1004694,50004694,Retail,Mortgage,3326703.01,746,738,0,0,7.63,125,67,4576208.08,South,2026-09-30
1004695,50004695,Retail,Mortgage,1305252.59,651,703,0,0,8.38,122,62,1538134.75,East,2026-09-30
1004696,50004696,SME,SME Loan,14263121.02,738,713,60,45,11.4,17,12,,East,2026-09-30
1004697,50004697,Retail,Personal Loan,1398542.17,634,625,0,0,17.95,39,38,,West,2026-09-30
1004698,50004698,Retail,Personal Loan,150297.52,561,556,60,30,11.22,53,1,,West,2026-09-30
1004699,50004699,Retail,Auto Loan,555775.66,701,660,0,0,13.16,38,29,521205.03,Central,2026-09-30
1004700,50004700,Retail,Mortgage,9028071.3,666,649,0,15,9.19,185,50,8461205.24,North,2026-09-30
1004701,50004701,Retail,Mortgage,3681582.08,704,712,0,0,8.89,188,150,5402478.94,South,2026-09-30
1004702,50004702,SME,SME Loan,11867192.63,629,615,45,75,10.33,91,23,,North,2026-09-30
1004703,50004703,Corporate,Corporate Loan,55186339.09,738,753,0,0,12.24,172,108,,West,2026-09-30
1004704,50004704,Retail,Mortgage,6997942.39,702,682,0,0,8.02,285,7,8250752.33,South,2026-09-30
1004705,50004705,Retail,Auto Loan,3354234.08,618,624,0,0,10.52,35,1,3384305.66,West,2026-09-30
1004706,50004706,Retail,Auto Loan,2390001.4,731,723,0,0,13.35,77,5,1996286.89,East,2026-09-30
1004707,50004707,Retail,Auto Loan,1707301.11,711,701,0,0,12.52,67,65,1629678.01,West,2026-09-30
1004708,50004708,Retail,Mortgage,785547.26,680,700,0,0,9.05,311,134,945183.8,West,2026-09-30
1004709,50004709,Retail,Credit Card,33528.23,689,696,0,0,41.9,28,23,,East,2026-09-30
1004710,50004710,Retail,Auto Loan,3051018.1,686,723,0,0,10.02,79,8,3282823.94,Central,2026-09-30
1004711,50004711,Retail,Credit Card,33250.18,647,640,0,0,40.11,32,27,,Central,2026-09-30
1004712,50004712,SME,SME Loan,4017895.55,595,603,0,0,14.06,102,33,,South,2026-09-30
1004713,50004713,SME,Auto Loan,340395.61,650,615,0,0,13.39,59,34,226401.69,North,2026-09-30
1004714,50004714,Retail,Credit Card,463541.27,664,680,0,0,36.09,34,16,,North,2026-09-30
1004715,50004715,Retail,Personal Loan,66496.33,729,749,30,30,14.99,39,34,,West,2026-09-30
1004716,50004716,Retail,Mortgage,4497862.79,857,847,0,0,9.89,124,70,5126322.28,East,2026-09-30
1004717,50004717,Retail,Personal Loan,562081.66,717,722,0,15,19.45,50,28,,West,2026-09-30
1004718,50004718,Retail,Auto Loan,2244094.52,875,855,0,0,10.94,25,11,2112878.02,West,2026-09-30
1004719,50004719,Retail,Credit Card,314578.92,560,566,0,0,40.21,44,34,,Central,2026-09-30
1004720,50004720,Retail,Personal Loan,1655573.54,717,715,0,0,15.06,41,2,,South,2026-09-30
1004721,50004721,Retail,Personal Loan,329242.81,708,723,0,0,12.17,40,23,,East,2026-09-30
1004722,50004722,Retail,Personal Loan,466362.65,590,612,0,0,15.81,75,25,,South,2026-09-30
1004723,50004723,Retail,Personal Loan,275111.6,691,665,0,15,18.05,57,2,,East,2026-09-30
1004724,50004724,Retail,Personal Loan,1966340.61,619,640,15,0,19.73,52,33,,West,2026-09-30
1004725,50004725,Retail,Auto Loan,2492974.64,727,718,0,0,10.36,62,17,2233367.63,East,2026-09-30
1004726,50004726,Retail,Mortgage,6255194.81,695,691,0,0,8.77,318,245,9051830.87,East,2026-09-30
1004727,50004727,Retail,Personal Loan,1017680.87,717,720,0,0,19.83,64,20,,Central,2026-09-30
1004728,50004728,Retail,Personal Loan,62728.23,499,533,75,75,19.86,28,1,,South,2026-09-30
1004729,50004729,Retail,Credit Card,32508.79,639,654,0,30,37.6,31,27,,West,2026-09-30
1004730,50004730,Retail,Mortgage,7966994.5,763,762,0,0,8.32,246,19,9298087.69,North,2026-09-30
1004731,50004731,SME,SME Loan,2709255.24,673,665,0,15,9.17,13,8,,North,2026-09-30
1004732,50004732,Retail,Auto Loan,1912217.52,614,599,0,0,13.32,31,30,1699996.15,Central,2026-09-30
1004733,50004733,SME,SME Loan,4213257.64,678,689,0,15,14.02,98,48,,South,2026-09-30
1004734,50004734,Retail,Mortgage,10583122.29,761,761,0,0,9.01,221,30,9549888.09,West,2026-09-30
1004735,50004735,Retail,Mortgage,1777964.58,716,707,0,0,8.35,257,69,1558421.23,West,2026-09-30
1004736,50004736,Retail,Personal Loan,881012.55,793,764,0,0,12.9,33,6,,South,2026-09-30
1004737,50004737,Retail,Auto Loan,721099.83,773,757,0,15,12.57,44,31,476740.57,West,2026-09-30
1004738,50004738,Retail,Personal Loan,664569.5,635,618,0,15,10.61,81,20,,East,2026-09-30
1004739,50004739,Retail,Auto Loan,1685720.65,619,644,90,90,10.61,44,1,1980424.23,South,2026-09-30
1004740,50004740,Retail,Mortgage,11275247.93,887,874,60,90,7.59,121,21,13014027.8,South,2026-09-30
1004741,50004741,Retail,Auto Loan,624610.13,707,675,0,0,13.44,69,58,477145.15,West,2026-09-30
1004742,50004742,Retail,Mortgage,10628015.94,705,708,0,0,9.18,331,276,11604345.76,West,2026-09-30
1004743,50004743,Retail,Credit Card,244721.76,776,737,90,90,30.91,56,17,,West,2026-09-30
1004744,50004744,Retail,Personal Loan,1739854.08,635,650,0,30,18.64,74,43,,North,2026-09-30
1004745,50004745,Retail,Personal Loan,1770972.34,673,658,0,0,18.35,73,10,,North,2026-09-30
1004746,50004746,Retail,Mortgage,1566940.81,784,741,0,0,9.8,323,36,1858371.08,North,2026-09-30
1004747,50004747,Retail,Mortgage,9005393.81,728,705,0,30,10.28,308,7,10263178.15,East,2026-09-30
1004748,50004748,Retail,Mortgage,3039345.68,795,769,0,0,7.29,295,29,3013739.86,West,2026-09-30
1004749,50004749,Retail,Credit Card,229982.74,674,669,0,0,30.06,32,32,,Central,2026-09-30
1004750,50004750,Retail,Personal Loan,920626.86,656,667,0,15,10.79,45,28,,East,2026-09-30
1004751,50004751,Retail,Auto Loan,1122333.96,685,705,0,0,12.56,69,46,1316191.02,North,2026-09-30
1004752,50004752,Retail,Personal Loan,1234592.64,617,635,0,30,14.87,41,38,,West,2026-09-30
1004753,50004753,Retail,Personal Loan,495248.5,713,693,0,15,12.3,14,10,,West,2026-09-30
1004754,50004754,SME,SME Loan,14816293.22,663,689,0,0,15.45,76,72,,East,2026-09-30
1004755,50004755,Retail,Mortgage,9561881.31,674,654,0,0,9.38,281,52,10198639.87,Central,2026-09-30
1004756,50004756,SME,SME Loan,2343383.22,663,659,0,0,12.82,40,38,,East,2026-09-30
1004757,50004757,SME,SME Loan,8258573.09,730,707,0,0,9.27,68,2,,North,2026-09-30
1004758,50004758,Retail,Credit Card,317821.72,707,721,0,0,25.22,48,42,,East,2026-09-30
1004759,50004759,Retail,Credit Card,484974.05,689,708,0,0,38.64,37,19,,East,2026-09-30
1004760,50004760,Retail,Mortgage,5638870.57,680,699,,0,9.47,261,167,4915370.22,East,2026-09-30
1004761,50004761,Retail,Credit Card,488181.38,670,667,0,0,40.19,28,7,,West,2026-09-30
1004762,50004762,Retail,Credit Card,333865.07,624,615,75,90,29.92,42,19,,Central,2026-09-30
1004763,50004763,Retail,Mortgage,3867597.78,667,690,0,0,10.31,185,156,4841577.9,West,2026-09-30
1004764,50004764,Retail,Mortgage,9080892.06,653,669,0,0,8.44,281,36,14053931.03,West,2026-09-30
1004765,50004765,Retail,Personal Loan,720399.35,900,884,0,0,19.64,21,1,,Central,2026-09-30
1004766,50004766,Retail,Credit Card,480617.59,756,757,0,0,38.38,51,41,,East,2026-09-30
1004767,50004767,Retail,Personal Loan,576426.96,773,773,0,0,16.8,12,7,,West,2026-09-30
1004768,50004768,Retail,Auto Loan,2365794.6,786,765,0,0,8.62,51,27,1860613.78,North,2026-09-30
1004769,50004769,Retail,Personal Loan,339525.49,631,615,0,0,10.07,80,22,,West,2026-09-30
1004770,50004770,SME,Auto Loan,2633379.81,756,734,0,30,13.0,74,7,1961942.18,Central,2026-09-30
1004771,50004771,Retail,Personal Loan,651260.21,655,668,90,120,16.38,33,11,,East,2026-09-30
1004772,50004772,Retail,Mortgage,3096928.8,771,732,0,0,8.7,174,12,3717616.2,West,2026-09-30
1004773,50004773,Retail,Auto Loan,529670.33,635,688,0,15,13.83,57,22,581148.85,West,2026-09-30
1004774,50004774,Retail,Credit Card,337734.95,693,678,0,15,30.67,43,30,,East,2026-09-30
1004775,50004775,Retail,Auto Loan,386817.74,792,782,0,15,12.73,58,21,456274.86,West,2026-09-30
1004776,50004776,Retail,Personal Loan,1263562.41,648,660,0,0,13.36,20,5,,West,2026-09-30
1004777,50004777,Retail,Auto Loan,1215511.66,754,763,0,0,13.75,84,19,1322096.88,West,2026-09-30
1004778,50004778,Retail,Auto Loan,3136890.5,723,694,0,0,11.52,35,33,2859277.06,West,2026-09-30
1004779,50004779,Retail,Mortgage,7837257.44,846,856,0,15,9.26,169,84,9074485.43,Central,2026-09-30
1004780,50004780,Retail,Auto Loan,3359011.25,769,751,0,0,8.05,61,14,3818558.07,West,2026-09-30
1004781,50004781,Retail,Mortgage,1294762.6,650,693,0,0,7.03,354,236,1306187.26,North,2026-09-30
1004782,50004782,SME,SME Loan,6549606.78,694,714,0,0,13.24,99,43,,North,2026-09-30
1004783,50004783,Retail,Mortgage,7005097.49,717,733,0,15,9.01,234,118,10678034.47,East,2026-09-30
1004784,50004784,SME,Auto Loan,2929066.78,700,755,0,30,12.35,61,36,2488875.12,North,2026-09-30
1004785,50004785,Retail,Personal Loan,1498108.88,649,625,0,0,16.77,29,22,,North,2026-09-30
1004786,50004786,Retail,Personal Loan,370956.91,566,558,120,105,19.42,44,38,,North,2026-09-30
1004787,50004787,Retail,Auto Loan,1927263.44,730,722,0,0,10.93,26,11,1618606.31,Central,2026-09-30
1004788,50004788,Retail,Credit Card,385829.56,685,690,0,0,31.73,13,13,,East,2026-09-30
1004789,50004789,SME,SME Loan,2792398.5,658,654,60,90,11.73,49,40,,West,2026-09-30
1004790,50004790,Retail,Mortgage,10481602.82,690,688,0,0,8.78,304,189,14529755.16,Central,2026-09-30
1004791,50004791,SME,SME Loan,14608780.83,743,740,0,0,13.59,58,17,,North,2026-09-30
1004792,50004792,Retail,Credit Card,309296.29,674,671,0,0,39.12,28,20,,West,2026-09-30
1004793,50004793,Retail,Auto Loan,533329.57,856,836,0,0,9.02,31,21,604939.18,East,2026-09-30
1004794,50004794,Retail,Personal Loan,1770916.85,728,723,0,0,11.25,58,57,,South,2026-09-30
1004795,50004795,Retail,Credit Card,47448.75,652,670,0,0,24.09,43,29,,East,2026-09-30
1004796,50004796,Retail,Mortgage,9155600.69,570,590,45,30,7.75,245,20,10443034.07,East,2026-09-30
1004797,50004797,Retail,Auto Loan,1960251.45,634,654,0,0,8.68,57,54,1229764.57,West,2026-09-30
1004798,50004798,Retail,Mortgage,11046008.01,757,777,0,15,8.48,201,113,11747642.84,Central,2026-09-30
1004799,50004799,Retail,Mortgage,1288493.39,708,689,0,0,8.01,301,156,1954384.88,Central,2026-09-30
1004800,50004800,Retail,Credit Card,103612.27,662,689,0,30,30.14,52,43,,East,2026-09-30
1004801,50004801,Retail,Auto Loan,3382567.6,594,619,0,15,9.25,60,29,2573356.76,West,2026-09-30
1004802,50004802,Retail,Credit Card,214328.25,745,723,0,0,39.78,57,4,,West,2026-09-30
1004803,50004803,Retail,Mortgage,1589105.18,702,726,0,30,8.73,144,34,2066348.78,South,2026-09-30
1004804,50004804,SME,SME Loan,14236513.13,691,724,0,0,17.35,28,15,,North,2026-09-30
1004805,50004805,Retail,Personal Loan,622159.27,601,614,0,0,12.98,18,3,,South,2026-09-30
1004806,50004806,Retail,Mortgage,9188762.35,702,689,0,0,9.38,295,264,8401715.28,East,2026-09-30
1004807,50004807,Retail,Auto Loan,3104171.75,683,663,0,15,13.61,34,11,2946771.2,North,2026-09-30
1004808,50004808,Retail,Auto Loan,2250111.08,631,652,15,15,9.27,32,16,1958548.96,West,2026-09-30
1004809,50004809,SME,SME Loan,6821654.54,765,755,0,0,17.09,53,19,,North,2026-09-30
1004810,50004810,Retail,Mortgage,2514315.66,665,662,0,30,10.01,300,165,2708030.29,South,2026-09-30
1004811,50004811,Retail,Auto Loan,1198192.5,681,665,0,15,11.79,37,23,1202298.49,West,2026-09-30
1004812,50004812,Retail,Credit Card,267907.36,691,712,0,0,28.4,17,11,,South,2026-09-30
1004813,50004813,SME,SME Loan,9213586.04,675,686,0,0,10.51,47,16,,West,2026-09-30
1004814,50004814,Retail,Mortgage,4102338.59,774,787,0,0,8.51,322,167,5854217.14,East,2026-09-30
1004815,50004815,Retail,Mortgage,4314063.51,680,669,0,15,10.46,185,89,4519288.11,North,2026-09-30
1004816,50004816,Retail,Auto Loan,1627236.35,561,563,120,135,8.56,58,38,1465292.27,South,2026-09-30
1004817,50004817,Retail,Mortgage,9614865.16,574,612,0,0,8.96,237,51,14399817.3,East,2026-09-30
1004818,50004818,SME,SME Loan,4796939.34,620,641,0,0,17.3,70,70,,South,2026-09-30
1004819,50004819,Retail,Mortgage,5477869.57,793,774,0,0,7.41,239,225,8258379.98,West,2026-09-30
1004820,50004820,SME,SME Loan,8254202.09,627,623,0,0,9.52,37,24,,South,2026-09-30
1004821,50004821,Retail,Mortgage,4162861.34,779,777,0,15,10.23,233,126,3973043.46,South,2026-09-30
1004822,50004822,SME,Auto Loan,2432266.65,782,727,0,0,12.79,27,21,2103742.28,West,2026-09-30
1004823,50004823,Retail,Mortgage,958288.15,737,753,0,0,9.43,250,158,1052678.57,West,2026-09-30
1004824,50004824,Retail,Credit Card,148312.82,727,723,0,0,41.38,14,3,,South,2026-09-30
1004825,50004825,Retail,Mortgage,8752549.65,640,668,0,0,8.22,234,12,13552885.43,West,2026-09-30
1004826,50004826,Retail,Personal Loan,643522.33,656,667,0,0,10.72,51,44,,South,2026-09-30
1004827,50004827,Retail,Mortgage,7565945.97,678,673,0,0,10.18,315,163,7591186.05,East,2026-09-30
1004828,50004828,Retail,Mortgage,8880982.74,620,654,75,45,7.76,154,12,11887802.69,North,2026-09-30
1004829,50004829,SME,SME Loan,5422252.07,767,783,0,0,12.61,84,69,,Central,2026-09-30
1004830,50004830,Retail,Personal Loan,784009.87,827,811,0,0,12.68,54,2,,North,2026-09-30
1004831,50004831,SME,SME Loan,14950581.22,824,827,0,0,17.29,93,71,,North,2026-09-30
1004832,50004832,SME,Auto Loan,1945258.09,519,561,0,15,8.83,38,18,2076055.42,West,2026-09-30
1004833,50004833,Retail,Personal Loan,216365.11,738,742,0,15,16.26,74,40,,West,2026-09-30
1004834,50004834,Retail,Credit Card,75679.67,729,741,0,0,39.78,24,23,,East,2026-09-30
1004835,50004835,Retail,Personal Loan,1128164.02,716,711,0,0,18.34,83,14,,Central,2026-09-30
1004836,50004836,SME,SME Loan,6045659.68,625,634,0,0,14.74,105,74,,East,2026-09-30
1004837,50004837,Retail,Auto Loan,3385801.12,757,749,0,0,10.22,45,21,2548564.29,North,2026-09-30
1004838,50004838,Retail,Credit Card,357694.88,616,628,0,0,38.12,33,22,,South,2026-09-30
1004839,50004839,Retail,Auto Loan,3006500.99,728,735,0,0,13.18,80,24,2994124.58,West,2026-09-30
1004840,50004840,Retail,Credit Card,196945.5,594,591,0,15,28.46,59,47,,Central,2026-09-30
1004841,50004841,Retail,Auto Loan,3359736.1,782,731,0,30,9.36,63,11,3472450.31,East,2026-09-30
1004842,50004842,Retail,Credit Card,338959.51,668,692,0,0,41.04,54,37,,Central,2026-09-30
1004843,50004843,Retail,Auto Loan,1670088.39,595,639,45,30,13.78,44,6,1630816.36,South,2026-09-30
1004844,50004844,Retail,Personal Loan,357719.54,696,699,120,105,19.48,27,26,,North,2026-09-30
1004845,50004845,Retail,Auto Loan,1019383.5,703,710,0,0,13.1,78,3,777610.95,West,2026-09-30
1004846,50004846,Retail,Mortgage,7864034.23,685,689,45,60,10.14,255,113,12109189.74,South,2026-09-30
1004847,50004847,Retail,Auto Loan,484990.91,633,643,0,30,11.53,84,70,302775.66,West,2026-09-30
1004848,50004848,Retail,Mortgage,2637727.02,693,679,0,15,10.13,308,63,4046963.76,South,2026-09-30
1004849,50004849,Retail,Credit Card,219200.68,731,771,0,0,28.82,59,37,,West,2026-09-30
1004850,50004850,Retail,Personal Loan,1410864.08,600,610,45,60,15.57,26,24,,North,2026-09-30
1004851,50004851,Retail,Mortgage,2578240.93,651,649,0,0,7.81,336,198,3006208.67,East,2026-09-30
1004852,50004852,Retail,Auto Loan,799623.2,657,684,0,0,10.93,44,10,759951.04,South,2026-09-30
1004853,50004853,Retail,Auto Loan,2713073.64,706,702,0,0,11.15,44,33,1794384.53,South,2026-09-30
1004854,50004854,SME,SME Loan,10813479.07,751,729,0,30,17.71,74,18,,South,2026-09-30
1004855,50004855,SME,Mortgage,7930973.91,846,843,0,15,7.16,296,45,8580456.0,South,2026-09-30
1004856,50004856,SME,Auto Loan,579107.69,802,812,15,45,10.51,26,14,385265.97,East,2026-09-30
1004857,50004857,Retail,Auto Loan,2417706.42,869,815,0,30,8.61,43,15,1482009.75,South,2026-09-30
1004858,50004858,Retail,Credit Card,463688.94,734,704,0,15,27.61,13,12,,East,2026-09-30
1004859,50004859,Retail,Auto Loan,2364844.22,764,783,0,0,12.96,34,29,2726887.06,North,2026-09-30
1004860,50004860,Retail,Auto Loan,484066.49,794,802,0,0,13.16,68,33,512786.4,Central,2026-09-30
1004861,50004861,SME,Auto Loan,2273329.62,639,645,75,75,11.58,48,38,2548882.91,East,2026-09-30
1004862,50004862,Retail,Mortgage,10805263.81,710,724,0,0,10.33,300,145,12835416.72,North,2026-09-30
1004863,50004863,Retail,Personal Loan,918583.76,732,742,0,0,16.47,54,35,,West,2026-09-30
1004864,50004864,Retail,Mortgage,11554197.71,771,775,0,0,8.16,301,192,14778001.66,West,2026-09-30
1004865,50004865,Retail,Auto Loan,2552047.6,789,776,0,0,9.05,32,3,1747584.37,East,2026-09-30
1004866,50004866,Retail,Mortgage,8615039.16,725,728,0,0,7.08,229,208,12425090.32,West,2026-09-30
1004867,50004867,SME,SME Loan,6200629.14,706,724,0,30,9.77,41,37,,East,2026-09-30
1004868,50004868,Retail,Credit Card,255527.2,761,721,0,15,41.73,24,13,,West,2026-09-30
1004869,50004869,Retail,Mortgage,1982573.67,649,641,0,15,7.86,252,56,3071201.36,North,2026-09-30
1004870,50004870,SME,SME Loan,12015708.33,826,824,0,0,10.14,46,14,,West,2026-09-30
1004871,50004871,Retail,Mortgage,3206464.7,682,698,0,0,9.89,317,257,3418712.91,West,2026-09-30
1004872,50004872,SME,SME Loan,10086466.15,674,689,0,0,14.99,86,22,,North,2026-09-30
1004873,50004873,SME,Auto Loan,1820153.96,693,695,15,30,8.76,75,66,1186302.22,North,2026-09-30
1004874,50004874,SME,Auto Loan,2849905.46,775,805,0,0,12.33,33,14,1947179.97,South,2026-09-30
1004875,50004875,Retail,Credit Card,392149.17,700,721,0,0,32.68,31,29,,North,2026-09-30
1004876,50004876,Retail,Personal Loan,417155.12,775,812,0,15,10.97,83,24,,West,2026-09-30
1004877,50004877,Retail,Mortgage,9321823.8,675,675,0,15,10.32,193,5,14028961.74,West,2026-09-30
1004878,50004878,Retail,Personal Loan,576643.36,699,722,30,30,12.31,46,1,,South,2026-09-30
1004879,50004879,Retail,Credit Card,122992.93,654,635,0,0,24.42,47,16,,South,2026-09-30
1004880,50004880,Retail,Credit Card,183988.57,668,646,60,60,41.61,15,10,,West,2026-09-30
1004881,50004881,Retail,Auto Loan,1064357.07,695,714,15,0,12.66,46,38,1266074.04,West,2026-09-30
1004882,50004882,SME,SME Loan,3205572.17,740,697,0,0,11.68,32,29,,West,2026-09-30
1004883,50004883,Retail,Personal Loan,655742.97,818,804,0,0,19.81,76,45,,West,2026-09-30
1004884,50004884,SME,SME Loan,1384459.22,888,840,120,90,13.83,20,5,,West,2026-09-30
1004885,50004885,Retail,Mortgage,2626918.4,778,806,0,0,8.26,320,58,2535695.59,East,2026-09-30
1004886,50004886,Retail,Personal Loan,1732028.65,729,745,0,0,12.35,69,21,,East,2026-09-30
1004887,50004887,Retail,Auto Loan,2327147.05,740,748,0,30,11.78,29,10,2650749.27,North,2026-09-30
1004888,50004888,Retail,Mortgage,4714629.74,803,784,0,0,10.24,264,146,5501674.84,South,2026-09-30
1004889,50004889,Retail,Personal Loan,1018587.58,895,886,0,0,17.03,55,50,,South,2026-09-30
1004890,50004890,Retail,Mortgage,4038362.27,742,736,0,15,8.34,236,19,5153062.08,West,2026-09-30
1004891,50004891,SME,SME Loan,8759767.84,605,627,0,30,10.72,120,74,,West,2026-09-30
1004892,50004892,Retail,Auto Loan,1199850.95,713,673,0,0,10.95,58,28,1417952.16,Central,2026-09-30
1004893,50004893,Retail,Mortgage,10695027.99,597,637,90,60,9.42,338,224,11379068.13,South,2026-09-30
1004894,50004894,Retail,Auto Loan,1014048.61,786,783,0,0,11.74,30,13,714211.17,West,2026-09-30
1004895,50004895,SME,SME Loan,4379493.36,688,716,30,30,17.19,46,43,,West,2026-09-30
1004896,50004896,Retail,Auto Loan,2921006.75,606,647,0,30,11.4,63,28,2651592.56,West,2026-09-30
1004897,50004897,Retail,Personal Loan,831950.74,727,729,0,0,16.31,24,6,,East,2026-09-30
1004898,50004898,SME,SME Loan,1413453.46,668,685,0,15,14.12,83,29,,West,2026-09-30
1004899,50004899,Retail,Credit Card,176364.05,755,757,0,0,27.44,32,26,,West,2026-09-30
1004900,50004900,SME,SME Loan,1768472.28,692,686,0,0,10.18,96,86,,East,2026-09-30
1004901,50004901,Retail,Credit Card,303251.06,717,712,0,0,33.98,27,24,,West,2026-09-30
1004902,50004902,SME,Auto Loan,1704377.34,795,793,0,0,11.77,69,18,1918434.95,South,2026-09-30
1004903,50004903,Retail,Mortgage,9697762.21,743,769,0,0,8.52,133,11,9984846.41,North,2026-09-30
1004904,50004904,Retail,Credit Card,357037.8,693,703,0,0,28.47,43,32,,West,2026-09-30
1004905,50004905,SME,Auto Loan,2285394.4,624,603,0,0,9.15,54,44,2370714.07,West,2026-09-30
1004906,50004906,Retail,Auto Loan,1084903.28,527,540,60,60,9.29,62,46,789616.98,West,2026-09-30
1004907,50004907,Retail,Personal Loan,882657.87,667,713,0,0,18.42,83,38,,North,2026-09-30
1004908,50004908,Retail,Credit Card,321861.65,749,765,0,0,26.7,37,12,,East,2026-09-30
1004909,50004909,Retail,Personal Loan,67901.35,538,585,0,15,19.45,71,66,,North,2026-09-30
1004910,50004910,Retail,Auto Loan,754835.69,546,599,0,0,9.71,50,44,807973.47,East,2026-09-30
1004911,50004911,Retail,Credit Card,327550.5,712,711,0,30,31.17,47,4,,East,2026-09-30
1004912,50004912,Retail,Mortgage,8080113.49,581,619,120,105,7.89,202,73,8852417.97,Central,2026-09-30
1004913,50004913,SME,SME Loan,6273584.08,616,631,0,0,16.23,69,61,,North,2026-09-30
1004914,50004914,Corporate,Corporate Loan,58582244.16,661,656,0,0,10.89,54,47,,South,2026-09-30
1004915,50004915,Retail,Mortgage,6573619.58,659,676,0,15,10.03,259,232,6715601.53,North,2026-09-30
1004916,50004916,Retail,Mortgage,5113216.43,640,592,0,15,10.1,146,66,4874711.4,West,2026-09-30
1004917,50004917,Retail,Mortgage,884728.31,679,708,0,0,9.27,323,312,825331.55,West,2026-09-30
1004918,50004918,Retail,Mortgage,8076894.72,661,658,60,45,9.9,351,183,12274549.41,Central,2026-09-30
1004919,50004919,Retail,Auto Loan,3120068.94,669,658,0,15,12.44,51,16,1945964.29,Central,2026-09-30
1004920,50004920,Retail,Auto Loan,2607476.97,707,700,0,0,9.37,59,59,2590146.35,West,2026-09-30
1004921,50004921,Retail,Mortgage,3598204.5,823,814,0,0,9.24,286,228,5238465.37,West,2026-09-30
1004922,50004922,Retail,Mortgage,9692507.73,720,718,0,15,9.9,156,104,12359035.43,West,2026-09-30
1004923,50004923,Retail,Credit Card,200856.28,737,748,0,0,29.2,54,41,,West,2026-09-30
1004924,50004924,Retail,Credit Card,187106.45,673,666,0,0,40.27,34,28,,North,2026-09-30
1004925,50004925,SME,SME Loan,3463341.44,675,673,0,15,13.87,118,39,,Central,2026-09-30
1004926,50004926,Retail,Mortgage,1134537.5,821,791,0,30,8.39,224,77,1339938.04,North,2026-09-30
1004927,50004927,Retail,Personal Loan,1133501.88,718,718,0,15,10.86,34,23,,East,2026-09-30
1004928,50004928,Corporate,Corporate Loan,33873898.55,737,700,0,0,10.11,136,104,,West,2026-09-30
1004929,50004929,Retail,Mortgage,600736.4,731,753,0,15,9.73,138,26,583022.09,West,2026-09-30
1004930,50004930,Retail,Auto Loan,2740948.31,797,768,15,0,8.72,74,43,2790106.82,East,2026-09-30
1004931,50004931,Retail,Auto Loan,2845764.66,650,663,0,0,13.25,61,3,1873423.55,West,2026-09-30
1004932,50004932,Retail,Mortgage,5898372.02,681,658,0,0,9.19,306,291,5861336.77,West,2026-09-30
1004933,50004933,Retail,Personal Loan,1853383.58,658,652,0,0,16.67,73,44,,South,2026-09-30
1004934,50004934,Retail,Credit Card,392924.88,687,703,0,0,40.57,45,13,,South,2026-09-30
1004935,50004935,Retail,Auto Loan,2928781.59,772,774,0,0,11.97,77,52,1928391.08,South,2026-09-30
1004936,50004936,Retail,Credit Card,54091.04,754,767,0,0,26.35,59,59,,South,2026-09-30
1004937,50004937,Retail,Mortgage,6672559.44,862,841,0,0,10.36,294,135,9129768.41,East,2026-09-30
1004938,50004938,Retail,Credit Card,273265.5,609,627,75,45,40.62,30,9,,South,2026-09-30
1004939,50004939,Retail,Mortgage,2465937.26,675,724,75,60,9.8,345,198,3111498.62,South,2026-09-30
1004940,50004940,Retail,Credit Card,475930.85,757,727,0,0,26.78,42,41,,West,2026-09-30
1004941,50004941,Retail,Credit Card,314174.51,611,633,0,0,28.5,45,45,,South,2026-09-30
1004942,50004942,Retail,Mortgage,2835470.91,726,753,0,0,8.83,271,122,2881774.15,North,2026-09-30
1004943,50004943,Retail,Auto Loan,2461671.64,675,651,0,30,9.07,31,11,2104689.27,South,2026-09-30
1004944,50004944,Retail,Personal Loan,1570293.15,659,649,15,15,16.45,36,22,,West,2026-09-30
1004945,50004945,Retail,Personal Loan,1832571.44,717,705,0,0,16.36,61,33,,West,2026-09-30
1004946,50004946,SME,SME Loan,11089961.26,744,757,0,15,13.98,57,31,,North,2026-09-30
1004947,50004947,Retail,Auto Loan,2183122.09,714,681,0,0,11.33,51,36,1867700.51,West,2026-09-30
1004948,50004948,Retail,Personal Loan,950950.95,714,687,90,105,10.1,66,51,,South,2026-09-30
1004949,50004949,Retail,Personal Loan,1386128.07,627,666,0,0,10.93,72,72,,South,2026-09-30
1004950,50004950,Retail,Auto Loan,3134070.9,661,638,0,0,9.66,39,32,1967731.14,Central,2026-09-30
1004951,50004951,Retail,Auto Loan,3274990.64,656,666,30,30,8.72,32,13,3471641.55,West,2026-09-30
1004952,50004952,Retail,Personal Loan,902923.68,658,648,75,75,16.3,33,17,,West,2026-09-30
1004953,50004953,SME,SME Loan,14346891.55,632,621,0,15,15.16,43,32,,North,2026-09-30
1004954,50004954,Retail,Personal Loan,1452929.63,751,732,0,15,18.82,44,12,,North,2026-09-30
1004955,50004955,Retail,Auto Loan,2905983.2,640,648,0,0,10.48,82,77,2185436.6,North,2026-09-30
1004956,50004956,Retail,Auto Loan,2234681.47,638,705,0,0,9.8,31,9,1764689.25,East,2026-09-30
1004957,50004957,Retail,Auto Loan,519373.07,687,663,0,30,11.64,67,29,318512.93,West,2026-09-30
1004958,50004958,Retail,Mortgage,685040.52,664,674,0,15,9.49,121,85,719399.71,South,2026-09-30
1004959,50004959,SME,SME Loan,11316394.76,639,656,120,120,14.62,116,17,,North,2026-09-30
1004960,50004960,Retail,Personal Loan,1303449.97,742,767,,0,16.31,40,40,,South,2026-09-30
1004961,50004961,Retail,Personal Loan,868651.38,632,660,60,45,12.56,55,37,,West,2026-09-30
1004962,50004962,SME,SME Loan,10101253.12,672,682,0,30,14.88,47,8,,North,2026-09-30
1004963,50004963,Retail,Credit Card,85354.86,776,754,0,30,28.22,33,19,,North,2026-09-30
1004964,50004964,Retail,Personal Loan,63660.81,619,672,0,15,13.03,27,1,,South,2026-09-30
1004965,50004965,Retail,Credit Card,216263.46,780,785,0,15,41.4,15,6,,South,2026-09-30
1004966,50004966,Retail,Auto Loan,1079561.58,696,682,0,0,10.87,47,11,963241.26,North,2026-09-30
1004967,50004967,Retail,Mortgage,3121311.48,736,723,0,15,10.26,241,207,3224031.79,Central,2026-09-30
1004968,50004968,Retail,Credit Card,440446.73,716,732,0,0,40.32,43,20,,East,2026-09-30
1004969,50004969,Retail,Mortgage,11183921.13,641,626,0,0,7.53,239,184,16850491.03,East,2026-09-30
1004970,50004970,Corporate,Corporate Loan,51157657.16,681,649,0,30,7.99,161,134,,South,2026-09-30
1004971,50004971,Retail,Mortgage,8267140.75,712,709,0,0,9.63,272,218,8957697.91,East,2026-09-30
1004972,50004972,Retail,Credit Card,96708.38,854,854,45,30,37.62,58,8,,West,2026-09-30
1004973,50004973,Retail,Credit Card,152034.19,612,625,0,0,38.91,30,5,,South,2026-09-30
1004974,50004974,Corporate,Corporate Loan,3987055.74,462,423,0,15,11.18,169,23,,North,2026-09-30
1004975,50004975,Retail,Mortgage,1452209.12,627,674,0,0,7.75,184,128,2046247.1,West,2026-09-30
1004976,50004976,Retail,Mortgage,8505216.6,673,694,0,30,9.24,206,198,10038866.49,East,2026-09-30
1004977,50004977,Retail,Personal Loan,1032247.36,742,680,0,15,10.15,33,21,,Central,2026-09-30
1004978,50004978,Retail,Mortgage,4872615.3,720,748,0,0,7.3,286,127,6732519.04,Central,2026-09-30
1004979,50004979,Retail,Credit Card,117624.99,701,695,0,0,28.69,57,52,,West,2026-09-30
1004980,50004980,Retail,Auto Loan,3209281.76,881,876,0,0,8.49,46,22,2119562.07,Central,2026-09-30
1004981,50004981,Retail,Personal Loan,1020241.75,681,671,0,0,10.92,69,39,,West,2026-09-30
1004982,50004982,Retail,Mortgage,8316002.07,762,756,0,0,7.84,199,79,8110389.8,West,2026-09-30
1004983,50004983,SME,Mortgage,3670796.82,712,727,0,0,7.99,181,16,3762628.16,West,2026-09-30
1004984,50004984,SME,SME Loan,9446389.71,624,609,0,0,13.75,29,28,,North,2026-09-30
1004985,50004985,Retail,Personal Loan,1476511.64,707,707,0,0,11.28,41,24,,South,2026-09-30
1004986,50004986,Retail,Mortgage,5272632.96,700,687,90,75,7.11,205,169,4669817.24,West,2026-09-30
1004987,50004987,Corporate,Corporate Loan,38025755.01,741,734,0,0,7.98,34,28,,West,2026-09-30
1004988,50004988,Retail,Auto Loan,655135.19,770,757,0,0,9.18,64,43,480140.97,West,2026-09-30
1004989,50004989,Retail,Personal Loan,1835325.78,738,725,0,0,14.26,18,10,,East,2026-09-30
1004990,50004990,SME,SME Loan,7706160.92,696,696,0,0,12.99,67,28,,North,2026-09-30
1004991,50004991,Retail,Credit Card,356670.87,792,776,0,0,34.76,14,7,,North,2026-09-30
1004992,50004992,Retail,Mortgage,2623897.87,827,803,0,15,10.16,343,90,3751489.1,South,2026-09-30
1004993,50004993,SME,SME Loan,1071154.08,664,666,0,0,14.41,95,40,,North,2026-09-30
1004994,50004994,Retail,Personal Loan,1130526.63,659,662,75,105,16.36,69,67,,West,2026-09-30
1004995,50004995,Retail,Auto Loan,1364208.9,758,730,0,0,8.8,47,19,1359364.05,East,2026-09-30
1004996,50004996,Retail,Mortgage,3851462.34,823,796,0,0,9.84,226,112,3680189.43,East,2026-09-30
1004997,50004997,Retail,Credit Card,191411.97,569,546,0,0,30.63,39,10,,West,2026-09-30
1004998,50004998,Retail,Personal Loan,254944.46,866,836,0,0,18.74,47,16,,West,2026-09-30
1004999,50004999,Retail,Credit Card,58302.29,742,744,0,15,28.83,29,17,,West,2026-09-30
1005000,50005000,Retail,Credit Card,248940.9,742,728,0,0,33.0,47,19,,South,2026-09-30
1005001,50005001,SME,Auto Loan,3018336.44,663,683,0,0,10.64,63,56,2624087.13,Central,2026-09-30
1005002,50005002,SME,Auto Loan,1236433.58,668,663,45,45,13.2,33,16,934448.08,North,2026-09-30
1005003,50005003,Retail,Mortgage,8396005.87,687,701,0,0,10.4,358,269,12092008.53,South,2026-09-30
1005004,50005004,Retail,Auto Loan,2397826.39,603,604,60,75,10.3,29,28,2111110.82,East,2026-09-30
1005005,50005005,SME,SME Loan,10815915.32,687,692,0,0,9.8,99,4,,West,2026-09-30
1005006,50005006,Retail,Personal Loan,322908.86,637,626,0,0,16.24,76,72,,West,2026-09-30
1005007,50005007,SME,SME Loan,8029952.47,569,589,0,0,9.61,76,43,,West,2026-09-30
1005008,50005008,Retail,Auto Loan,2077798.74,710,658,75,90,9.58,34,1,1944849.81,East,2026-09-30
1005009,50005009,Retail,Credit Card,492554.41,536,551,0,0,37.49,14,12,,South,2026-09-30
1005010,50005010,SME,SME Loan,8647836.59,756,742,0,0,16.25,116,93,,West,2026-09-30
1005011,50005011,Retail,Personal Loan,68440.02,671,657,0,15,10.06,76,8,,East,2026-09-30
1005012,50005012,Retail,Auto Loan,3417675.82,647,635,0,0,8.68,68,39,3735681.14,South,2026-09-30
1005013,50005013,Retail,Auto Loan,3155671.03,674,639,180,165,12.11,76,21,3674601.75,Central,2026-09-30
1005014,50005014,Retail,Mortgage,10386808.94,655,646,0,0,7.71,251,145,11697150.89,West,2026-09-30
1005015,50005015,Retail,Personal Loan,829768.33,770,760,0,0,10.98,43,6,,North,2026-09-30
1005016,50005016,Corporate,Corporate Loan,31675948.11,725,716,0,0,13.19,27,5,,South,2026-09-30
1005017,50005017,Retail,Personal Loan,1717854.69,758,772,0,30,13.5,14,5,,South,2026-09-30
1005018,50005018,Retail,Mortgage,7060328.81,671,656,0,0,9.89,295,245,10224483.17,West,2026-09-30
1005019,50005019,Retail,Personal Loan,298022.02,733,733,0,0,17.48,71,59,,South,2026-09-30
1005020,50005020,Retail,Personal Loan,927613.79,622,631,0,0,15.84,45,25,,Central,2026-09-30
1005021,50005021,Retail,Mortgage,5972773.32,680,696,0,0,8.93,244,19,7763158.13,West,2026-09-30
1005022,50005022,Retail,Auto Loan,1859280.18,668,705,30,60,12.39,55,34,2033925.45,West,2026-09-30
1005023,50005023,Retail,Personal Loan,818141.67,824,744,0,0,10.51,73,20,,West,2026-09-30
1005024,50005024,Retail,Auto Loan,1322090.31,601,619,0,0,11.8,69,43,1318940.2,West,2026-09-30
1005025,50005025,Retail,Personal Loan,1162647.05,718,728,0,0,17.02,43,25,,North,2026-09-30
1005026,50005026,SME,SME Loan,4457218.5,614,602,75,75,15.11,33,10,,North,2026-09-30
1005027,50005027,SME,SME Loan,6727068.46,642,649,0,0,10.48,98,80,,East,2026-09-30
1005028,50005028,Retail,Personal Loan,607952.94,648,670,0,15,13.67,49,14,,West,2026-09-30
1005029,50005029,Retail,Auto Loan,2528761.02,654,670,0,15,9.5,42,16,2329422.86,North,2026-09-30
1005030,50005030,Retail,Credit Card,202005.89,700,728,0,0,36.23,24,14,,Central,2026-09-30
1005031,50005031,Retail,Personal Loan,903798.86,864,854,0,0,10.25,82,51,,West,2026-09-30
1005032,50005032,Retail,Auto Loan,961639.15,674,643,30,30,13.57,44,7,1049997.08,South,2026-09-30
1005033,50005033,SME,SME Loan,10023562.88,720,706,0,0,16.13,13,3,,North,2026-09-30
1005034,50005034,Retail,Credit Card,48342.54,599,651,0,15,35.19,32,17,,South,2026-09-30
1005035,50005035,Retail,Personal Loan,1844554.71,698,704,0,0,18.61,15,1,,South,2026-09-30
1005036,50005036,Retail,Auto Loan,1509352.36,714,708,0,0,13.4,62,9,1686009.89,West,2026-09-30
1005037,50005037,Retail,Mortgage,1678025.08,761,782,0,0,9.76,227,167,2289495.99,South,2026-09-30
1005038,50005038,Retail,Mortgage,7419290.78,731,715,0,0,7.15,216,24,10919212.74,North,2026-09-30
1005039,50005039,Retail,Mortgage,11430621.35,685,646,0,15,8.95,290,213,13426130.51,East,2026-09-30
1005040,50005040,Retail,Personal Loan,1460018.46,574,597,0,0,18.08,56,36,,North,2026-09-30
1005041,50005041,Retail,Mortgage,725042.26,583,588,75,105,9.44,343,212,708519.75,South,2026-09-30
1005042,50005042,Retail,Credit Card,307926.29,781,784,0,30,38.42,51,14,,East,2026-09-30
1005043,50005043,Retail,Credit Card,332983.32,730,776,0,0,33.71,58,28,,East,2026-09-30
1005044,50005044,SME,SME Loan,2231119.17,692,674,15,45,14.3,68,39,,West,2026-09-30
1005045,50005045,Retail,Personal Loan,1461787.62,584,590,60,60,16.2,49,45,,South,2026-09-30
1005046,50005046,Retail,Auto Loan,2263277.11,727,737,0,15,8.82,78,68,2296316.56,South,2026-09-30
1005047,50005047,SME,SME Loan,6708563.09,739,751,0,0,15.8,28,1,,East,2026-09-30
1005048,50005048,Retail,Mortgage,9887229.08,773,785,0,30,7.21,227,131,12252250.67,Central,2026-09-30
1005049,50005049,Retail,Mortgage,10014911.84,707,666,0,0,8.07,223,51,14637884.95,East,2026-09-30
1005050,50005050,Retail,Personal Loan,195136.72,703,720,45,45,14.93,64,5,,Central,2026-09-30
1005051,50005051,SME,Auto Loan,3479302.49,627,654,120,120,12.42,67,41,2092825.23,South,2026-09-30
1005052,50005052,Retail,Mortgage,10729369.55,748,735,0,15,8.14,167,54,14337240.08,West,2026-09-30
1005053,50005053,Retail,Personal Loan,352001.75,754,729,0,0,10.7,44,24,,West,2026-09-30
1005054,50005054,SME,SME Loan,8782678.5,726,717,0,0,16.5,82,41,,East,2026-09-30
1005055,50005055,SME,SME Loan,14159007.32,667,649,0,0,15.79,106,80,,North,2026-09-30
1005056,50005056,Corporate,Mortgage,5188767.0,814,812,0,0,9.84,211,86,5742292.89,Central,2026-09-30
1005057,50005057,SME,SME Loan,7664171.01,689,725,0,0,13.49,32,21,,North,2026-09-30
1005058,50005058,Retail,Personal Loan,165407.0,659,663,0,0,15.06,28,9,,North,2026-09-30
1005059,50005059,Retail,Mortgage,6692035.91,848,805,0,0,9.04,248,74,7303574.85,East,2026-09-30
1005060,50005060,Retail,Personal Loan,1264846.89,604,577,0,15,14.86,31,4,,South,2026-09-30
1005061,50005061,Retail,Mortgage,8783349.49,770,740,0,0,10.08,324,304,8433175.44,West,2026-09-30
1005062,50005062,Retail,Mortgage,7961695.6,826,763,90,105,8.74,298,35,8733866.58,West,2026-09-30
1005063,50005063,Retail,Credit Card,303885.22,535,577,30,30,40.79,16,1,,West,2026-09-30
1005064,50005064,SME,SME Loan,14969758.1,719,697,0,0,11.39,95,44,,West,2026-09-30
1005065,50005065,SME,Mortgage,3257954.85,667,651,0,0,7.9,133,82,2921832.39,South,2026-09-30
1005066,50005066,Retail,Mortgage,7095049.15,666,648,0,30,8.54,250,1,7396021.28,West,2026-09-30
1005067,50005067,SME,SME Loan,10964786.36,584,598,0,0,13.56,64,22,,Central,2026-09-30
1005068,50005068,Retail,Personal Loan,1845190.48,724,733,0,0,11.14,83,40,,West,2026-09-30
1005069,50005069,Retail,Auto Loan,547330.97,732,753,0,0,10.84,50,37,417421.66,Central,2026-09-30
1005070,50005070,SME,SME Loan,7798885.5,734,740,0,0,11.1,72,23,,South,2026-09-30
1005071,50005071,Retail,Credit Card,60682.01,613,597,45,45,35.53,13,4,,West,2026-09-30
1005072,50005072,Retail,Personal Loan,1287283.92,623,650,0,15,15.28,73,62,,South,2026-09-30
1005073,50005073,Retail,Personal Loan,1805878.66,568,556,15,15,10.27,35,2,,West,2026-09-30
1005074,50005074,Retail,Credit Card,175719.3,,672,0,15,41.09,45,24,,South,2026-09-30
1005075,50005075,Retail,Credit Card,58722.53,805,770,0,0,29.97,30,18,,Central,2026-09-30
1005076,50005076,SME,SME Loan,3913014.93,546,547,75,75,17.29,55,24,,West,2026-09-30
1005077,50005077,Retail,Mortgage,11667715.55,703,722,0,0,8.83,181,49,16049513.28,Central,2026-09-30
1005078,50005078,Retail,Auto Loan,2784810.43,673,700,0,0,9.96,60,55,2981612.28,West,2026-09-30
1005079,50005079,SME,SME Loan,8048941.43,700,704,0,15,9.02,22,16,,Central,2026-09-30
1005080,50005080,SME,SME Loan,11152296.71,695,695,90,75,14.72,67,16,,North,2026-09-30
1005081,50005081,SME,SME Loan,11160635.07,660,703,0,0,10.9,118,14,,West,2026-09-30
1005082,50005082,Retail,Credit Card,222024.65,869,835,0,15,40.09,27,8,,South,2026-09-30
1005083,50005083,Retail,Auto Loan,2893159.34,817,804,0,0,9.86,53,17,3390613.19,West,2026-09-30
1005084,50005084,Retail,Mortgage,4788135.73,832,835,0,0,10.24,208,111,6855989.51,Central,2026-09-30
1005085,50005085,SME,SME Loan,8689914.07,623,652,0,30,16.61,105,100,,South,2026-09-30
1005086,50005086,Retail,Credit Card,239610.81,823,811,0,0,39.8,52,24,,North,2026-09-30
1005087,50005087,Corporate,Corporate Loan,52275485.54,638,640,0,15,11.07,20,5,,West,2026-09-30
1005088,50005088,Retail,Personal Loan,1452904.19,743,755,0,0,11.44,68,20,,East,2026-09-30
1005089,50005089,Retail,Credit Card,426085.78,885,867,0,0,34.16,51,26,,South,2026-09-30
1005090,50005090,Retail,Mortgage,9708939.11,750,743,0,0,8.36,198,148,10179512.94,North,2026-09-30
1005091,50005091,Retail,Personal Loan,577323.69,839,827,0,15,12.39,70,60,,South,2026-09-30
1005092,50005092,Retail,Personal Loan,759433.25,654,648,120,90,19.79,26,2,,West,2026-09-30
1005093,50005093,Retail,Personal Loan,1529517.36,811,832,0,0,13.46,29,21,,North,2026-09-30
1005094,50005094,Retail,Auto Loan,517173.48,679,652,0,15,11.99,71,36,514759.3,West,2026-09-30
1005095,50005095,SME,SME Loan,8913858.25,703,682,0,15,15.23,91,10,,East,2026-09-30
1005096,50005096,Retail,Credit Card,371053.22,627,651,90,90,39.93,25,3,,South,2026-09-30
1005097,50005097,Retail,Auto Loan,1038097.9,662,679,0,15,12.44,83,25,992206.46,East,2026-09-30
1005098,50005098,Retail,Personal Loan,1588258.02,616,587,0,15,18.09,45,44,,South,2026-09-30
1005099,50005099,Retail,Auto Loan,1070762.59,762,742,0,0,13.07,69,9,653745.4,North,2026-09-30
1005100,50005100,Retail,Mortgage,4221828.03,681,700,0,0,9.07,210,81,4285099.71,North,2026-09-30
1005101,50005101,Corporate,Corporate Loan,63920951.35,616,623,0,0,11.58,162,150,,East,2026-09-30
1005102,50005102,Retail,Personal Loan,1146970.26,663,653,0,30,15.64,42,12,,North,2026-09-30
1005103,50005103,Retail,Credit Card,374794.51,655,666,0,15,25.4,44,16,,North,2026-09-30
1005104,50005104,Retail,Mortgage,11345280.58,677,673,0,30,7.44,304,45,15926461.02,North,2026-09-30
1005105,50005105,SME,SME Loan,2587385.11,753,726,0,0,10.96,71,57,,South,2026-09-30
1005106,50005106,SME,Auto Loan,2044351.37,788,802,0,0,11.03,42,6,1364011.02,West,2026-09-30
1005107,50005107,Retail,Credit Card,475203.79,756,717,0,0,32.47,49,13,,North,2026-09-30
1005108,50005108,Retail,Mortgage,7043384.12,645,656,0,15,7.52,176,86,10005226.67,South,2026-09-30
1005109,50005109,Retail,Mortgage,8196355.05,740,730,0,30,7.28,151,78,,West,2026-09-30
1005110,50005110,Retail,Personal Loan,1548579.15,586,599,0,15,11.0,28,12,,North,2026-09-30
1005111,50005111,Retail,Mortgage,3833691.02,637,629,0,0,8.34,154,4,5916690.42,Central,2026-09-30
1005112,50005112,Retail,Credit Card,334196.77,795,774,0,0,41.61,49,24,,North,2026-09-30
1005113,50005113,Retail,Mortgage,3685648.34,744,751,0,15,7.02,230,18,5445099.91,East,2026-09-30
1005114,50005114,Retail,Personal Loan,1528845.17,821,842,0,0,12.35,14,3,,South,2026-09-30
1005115,50005115,Retail,Personal Loan,1751878.82,685,686,0,0,15.92,18,7,,West,2026-09-30
1005116,50005116,SME,SME Loan,14075825.7,576,587,30,30,11.54,120,87,,West,2026-09-30
1005117,50005117,SME,SME Loan,12787999.57,650,653,0,15,13.53,19,6,,West,2026-09-30
1005118,50005118,SME,SME Loan,5532130.14,900,900,0,0,10.06,98,38,,South,2026-09-30
1005119,50005119,Retail,Credit Card,218025.1,663,661,45,45,31.45,24,16,,West,2026-09-30
1005120,50005120,Retail,Mortgage,5632763.93,875,870,0,15,8.09,154,154,8342346.85,South,2026-09-30
1005121,50005121,Retail,Auto Loan,2465730.03,551,576,30,45,11.05,42,6,2644679.0,East,2026-09-30
1005122,50005122,Retail,Mortgage,7865729.89,666,668,0,0,7.58,231,59,10757521.24,South,2026-09-30
1005123,50005123,Retail,Mortgage,9482020.14,,790,0,0,7.31,242,88,13251382.24,North,2026-09-30
1005124,50005124,Retail,Auto Loan,3327037.99,598,602,0,0,9.57,62,49,3547135.39,North,2026-09-30
1005125,50005125,SME,SME Loan,13788277.28,607,625,0,0,12.36,73,6,,West,2026-09-30
1005126,50005126,Retail,Personal Loan,459409.91,829,792,0,0,14.45,81,60,,East,2026-09-30
1005127,50005127,Retail,Mortgage,5931080.05,859,857,0,0,9.2,321,157,5641054.63,North,2026-09-30
1005128,50005128,Retail,Personal Loan,1634897.93,704,687,0,0,19.32,20,18,,West,2026-09-30
1005129,50005129,Retail,Personal Loan,1780787.19,645,677,30,60,19.02,40,23,,West,2026-09-30
1005130,50005130,Retail,Credit Card,283954.11,647,640,0,0,38.16,35,26,,West,2026-09-30
1005131,50005131,SME,SME Loan,8974501.6,694,685,0,0,13.36,52,40,,West,2026-09-30
1005132,50005132,SME,SME Loan,14339714.59,679,688,0,0,12.54,91,35,,West,2026-09-30
1005133,50005133,Retail,Auto Loan,355295.53,733,721,0,0,9.88,24,7,346829.01,West,2026-09-30
1005134,50005134,Corporate,Corporate Loan,33959167.37,775,753,0,0,12.88,34,10,,East,2026-09-30
1005135,50005135,Retail,Mortgage,3604609.89,726,751,0,15,9.26,335,75,5469927.13,West,2026-09-30
1005136,50005136,Corporate,Corporate Loan,18741434.69,733,706,0,0,12.25,121,81,,West,2026-09-30
1005137,50005137,Retail,Mortgage,1450701.06,725,709,30,30,8.63,125,49,1449890.46,Central,2026-09-30
1005138,50005138,Retail,Credit Card,381372.14,727,723,0,0,41.37,58,32,,West,2026-09-30
1005139,50005139,Retail,Mortgage,8518617.25,649,681,0,0,9.3,323,322,9865925.42,North,2026-09-30
1005140,50005140,Retail,Mortgage,10969962.2,660,658,0,15,8.52,337,54,16244366.25,West,2026-09-30
1005141,50005141,SME,SME Loan,9174844.88,673,635,120,120,11.91,31,21,,West,2026-09-30
1005142,50005142,Retail,Auto Loan,2875464.74,793,786,0,15,13.97,54,37,2681821.58,North,2026-09-30
1005143,50005143,Retail,Auto Loan,3445572.89,688,686,0,0,11.56,72,35,3314611.86,West,2026-09-30
1005144,50005144,Retail,Auto Loan,2111687.15,649,644,0,0,13.74,72,41,1665204.26,North,2026-09-30
1005145,50005145,Retail,Personal Loan,814100.77,700,740,45,30,17.86,19,7,,West,2026-09-30
1005146,50005146,Retail,Personal Loan,1066364.87,693,681,0,0,15.77,15,3,,North,2026-09-30
1005147,50005147,Retail,Personal Loan,1033807.54,697,647,0,15,18.18,79,26,,South,2026-09-30
1005148,50005148,Retail,Mortgage,11650573.44,,595,0,30,8.83,211,133,15451464.29,North,2026-09-30
1005149,50005149,Corporate,Corporate Loan,8002324.61,675,630,0,0,9.94,49,4,,Central,2026-09-30
1005150,50005150,Retail,Personal Loan,1633473.02,667,676,0,0,16.13,35,14,,East,2026-09-30
1005151,50005151,Retail,Personal Loan,893515.44,767,741,75,75,14.99,42,41,,North,2026-09-30
1005152,50005152,SME,Auto Loan,998639.89,665,688,0,0,11.41,41,3,977636.35,South,2026-09-30
1005153,50005153,SME,Mortgage,11049005.41,697,688,0,0,7.58,172,31,9595006.61,East,2026-09-30
1005154,50005154,Retail,Mortgage,1507691.01,830,818,0,0,9.49,193,56,1357012.81,North,2026-09-30
1005155,50005155,SME,SME Loan,1813581.68,635,657,0,0,17.87,55,19,,Central,2026-09-30
1005156,50005156,SME,Auto Loan,1546037.7,736,754,0,0,10.66,31,30,1592340.21,West,2026-09-30
1005157,50005157,Retail,Mortgage,4340445.19,683,653,0,0,9.58,288,217,6593642.67,Central,2026-09-30
1005158,50005158,Retail,Auto Loan,1933832.85,620,646,0,0,9.14,54,50,1763128.94,West,2026-09-30
1005159,50005159,Retail,Auto Loan,1723884.54,675,669,15,15,12.32,45,14,1499671.01,West,2026-09-30
1005160,50005160,Retail,Auto Loan,2528651.05,749,727,0,15,12.16,44,11,2132598.77,West,2026-09-30
1005161,50005161,Retail,Personal Loan,642798.13,590,602,30,30,15.55,28,12,,East,2026-09-30
1005162,50005162,Retail,Personal Loan,1893665.33,649,660,0,15,18.13,65,21,,East,2026-09-30
1005163,50005163,Retail,Auto Loan,1656344.8,692,675,30,30,9.07,55,33,1405443.7,East,2026-09-30
1005164,50005164,Retail,Auto Loan,1682525.12,744,723,0,0,13.91,69,56,2002340.89,South,2026-09-30
1005165,50005165,Retail,Credit Card,228226.08,635,632,0,15,37.59,35,33,,West,2026-09-30
1005166,50005166,SME,SME Loan,2108625.64,716,661,0,0,15.22,96,40,,Central,2026-09-30
1005167,50005167,Retail,Personal Loan,1370032.57,551,552,0,0,16.83,59,8,,South,2026-09-30
1005168,50005168,Retail,Mortgage,3814262.94,779,753,0,0,8.19,210,103,5336460.58,West,2026-09-30
1005169,50005169,Retail,Mortgage,3400404.98,646,643,0,15,9.6,337,174,3859965.6,East,2026-09-30
1005170,50005170,Retail,Mortgage,3273757.43,658,689,0,0,8.82,221,85,4084605.71,East,2026-09-30
1005171,50005171,SME,SME Loan,11272338.61,717,693,0,0,17.89,95,40,,East,2026-09-30
1005172,50005172,Retail,Personal Loan,733588.0,687,711,0,15,10.92,54,24,,Central,2026-09-30
1005173,50005173,Retail,Personal Loan,1795677.68,756,749,0,0,14.41,17,2,,West,2026-09-30
1005174,50005174,Retail,Personal Loan,183341.34,640,630,15,15,18.57,32,25,,North,2026-09-30
1005175,50005175,Retail,Personal Loan,1283991.56,807,772,0,30,12.69,68,50,,North,2026-09-30
1005176,50005176,SME,SME Loan,3862933.79,704,726,30,30,10.38,96,73,,North,2026-09-30
1005177,50005177,Corporate,Corporate Loan,14831965.97,609,630,0,15,8.79,75,5,,West,2026-09-30
1005178,50005178,Retail,Credit Card,78427.83,692,706,60,45,28.7,13,11,,South,2026-09-30
1005179,50005179,Retail,Credit Card,147606.35,709,734,30,30,41.33,15,2,,North,2026-09-30
1005180,50005180,Retail,Auto Loan,2906780.14,894,900,0,0,12.93,37,22,2096219.96,South,2026-09-30
1005181,50005181,Retail,Personal Loan,717730.12,702,724,0,0,15.66,53,11,,West,2026-09-30
1005182,50005182,SME,SME Loan,7436910.98,760,763,0,15,16.14,103,41,,South,2026-09-30
1005183,50005183,Retail,Credit Card,200757.94,650,637,0,0,34.21,53,11,,South,2026-09-30
1005184,50005184,Retail,Personal Loan,556601.18,768,773,0,0,19.9,52,44,,South,2026-09-30
1005185,50005185,SME,SME Loan,4893894.28,749,788,15,0,9.33,44,36,,North,2026-09-30
1005186,50005186,Retail,Mortgage,1410633.41,674,660,0,0,8.78,173,139,2130392.05,West,2026-09-30
1005187,50005187,Retail,Auto Loan,1552111.7,653,636,0,0,8.67,67,16,1085931.37,East,2026-09-30
1005188,50005188,Retail,Personal Loan,1792145.83,738,724,0,15,18.9,55,19,,East,2026-09-30
1005189,50005189,Retail,Personal Loan,570660.15,797,769,0,0,16.14,29,25,,West,2026-09-30
1005190,50005190,Retail,Auto Loan,2151422.4,776,787,0,15,11.13,65,12,1641491.07,West,2026-09-30
1005191,50005191,Retail,Personal Loan,1314512.04,741,727,0,0,15.78,36,19,,North,2026-09-30
1005192,50005192,Retail,Credit Card,272320.73,653,660,0,0,38.61,43,13,,East,2026-09-30
1005193,50005193,Retail,Personal Loan,228963.14,618,625,90,90,12.65,53,45,,West,2026-09-30
1005194,50005194,Retail,Personal Loan,955891.73,765,770,0,15,17.51,37,16,,North,2026-09-30
1005195,50005195,SME,SME Loan,11264604.92,724,720,0,30,9.37,56,3,,North,2026-09-30
1005196,50005196,SME,SME Loan,4402594.14,756,744,0,15,17.08,35,13,,East,2026-09-30
1005197,50005197,SME,SME Loan,1956850.7,541,538,60,60,13.89,23,12,,North,2026-09-30
1005198,50005198,Retail,Auto Loan,2672560.14,,692,0,15,11.98,51,16,3078022.44,South,2026-09-30
1005199,50005199,Retail,Auto Loan,1537061.61,714,756,0,0,8.49,57,51,1201224.77,South,2026-09-30
1005200,50005200,SME,SME Loan,2581548.7,842,830,0,0,16.86,77,75,,West,2026-09-30
1005201,50005201,Retail,Credit Card,116736.88,755,739,0,30,26.24,52,39,,West,2026-09-30
1005202,50005202,Retail,Personal Loan,1577574.74,806,839,0,30,19.16,33,8,,East,2026-09-30
1005203,50005203,Retail,Personal Loan,1567217.65,884,858,0,0,15.29,58,15,,East,2026-09-30
1005204,50005204,Retail,Personal Loan,1616253.5,670,660,15,30,18.9,39,16,,West,2026-09-30
1005205,50005205,Retail,Auto Loan,2592623.38,631,641,0,15,9.93,62,30,1896672.36,Central,2026-09-30
1005206,50005206,Retail,Mortgage,4390672.82,702,714,0,0,8.35,133,122,4308515.66,West,2026-09-30
1005207,50005207,Retail,Auto Loan,1058806.97,625,637,0,15,8.96,49,3,740727.63,South,2026-09-30
1005208,50005208,SME,SME Loan,8060568.12,677,664,0,0,10.55,100,41,,South,2026-09-30
1005209,50005209,Retail,Personal Loan,63901.03,708,727,0,0,12.67,32,11,,North,2026-09-30
1005210,50005210,Retail,Personal Loan,1914015.22,770,778,0,15,19.46,50,17,,West,2026-09-30
1005211,50005211,SME,SME Loan,999557.35,719,716,0,15,16.29,43,3,,West,2026-09-30
1005212,50005212,Retail,Mortgage,2491154.31,766,780,0,0,8.96,257,59,3308050.04,West,2026-09-30
1005213,50005213,SME,SME Loan,11552999.46,823,803,0,0,11.57,108,96,,East,2026-09-30
1005214,50005214,Corporate,Corporate Loan,18169296.95,793,782,0,30,13.86,85,59,,East,2026-09-30
1005215,50005215,Retail,Credit Card,426692.53,726,716,0,15,40.43,34,31,,South,2026-09-30
1005216,50005216,Retail,Credit Card,454602.12,669,681,45,45,35.52,27,26,,Central,2026-09-30
1005217,50005217,Retail,Auto Loan,1418997.45,661,670,15,30,9.09,39,31,986066.31,West,2026-09-30
1005218,50005218,SME,SME Loan,1398951.06,718,711,0,0,16.35,90,6,,Central,2026-09-30
1005219,50005219,Retail,Auto Loan,2262590.26,688,690,45,60,12.7,70,1,1994797.96,Central,2026-09-30
1005220,50005220,Retail,Auto Loan,2965477.37,732,730,0,0,11.95,69,15,3410669.93,West,2026-09-30
1005221,50005221,SME,Mortgage,5704721.79,619,634,0,0,7.8,250,94,7812897.59,South,2026-09-30
1005222,50005222,Retail,Credit Card,471588.05,514,553,0,0,37.67,45,5,,West,2026-09-30
1005223,50005223,Retail,Auto Loan,1288281.69,650,615,0,0,13.59,56,1,1352233.47,West,2026-09-30
1005224,50005224,Retail,Mortgage,7893672.79,577,597,60,75,9.85,277,239,12147338.57,South,2026-09-30
1005225,50005225,Retail,Auto Loan,2759807.73,686,675,0,0,12.04,50,7,1738923.26,West,2026-09-30
1005226,50005226,Retail,Credit Card,244698.98,703,727,0,15,41.21,23,18,,Central,2026-09-30
1005227,50005227,Retail,Mortgage,1635742.93,673,679,0,30,8.0,356,296,1674245.81,East,2026-09-30
1005228,50005228,Retail,Personal Loan,254360.09,742,733,0,15,14.14,31,10,,South,2026-09-30
1005229,50005229,Retail,Mortgage,1164480.34,786,768,0,0,9.17,283,48,1679416.63,Central,2026-09-30
1005230,50005230,Retail,Auto Loan,1885369.69,703,734,0,0,13.2,67,57,1386051.35,North,2026-09-30
1005231,50005231,Retail,Mortgage,11211089.59,672,710,0,30,9.17,155,69,14434181.56,West,2026-09-30
1005232,50005232,SME,SME Loan,2041380.46,789,782,0,0,10.37,47,45,,West,2026-09-30
1005233,50005233,Retail,Auto Loan,2165328.37,573,565,30,30,10.71,80,48,1694529.23,North,2026-09-30
1005234,50005234,Retail,Personal Loan,558095.39,691,702,0,15,11.14,48,28,,West,2026-09-30
1005235,50005235,SME,SME Loan,5155314.92,658,670,0,30,13.76,110,79,,South,2026-09-30
1005236,50005236,SME,Auto Loan,2472844.75,783,782,0,0,9.97,68,53,2436361.63,West,2026-09-30
1005237,50005237,Retail,Personal Loan,570944.31,729,740,0,15,11.6,72,21,,Central,2026-09-30
1005238,50005238,Retail,Auto Loan,2388698.09,700,715,0,0,9.25,50,19,1446684.62,West,2026-09-30
1005239,50005239,Retail,Personal Loan,1732778.87,843,854,0,0,17.59,72,22,,West,2026-09-30
1005240,50005240,Retail,Mortgage,2542015.71,613,626,45,45,9.06,147,19,3493340.69,East,2026-09-30
1005241,50005241,Retail,Auto Loan,2430900.38,567,595,0,15,13.17,75,24,1860448.42,North,2026-09-30
1005242,50005242,Retail,Mortgage,7774354.22,757,748,0,0,9.11,230,214,7486027.63,South,2026-09-30
1005243,50005243,Retail,Mortgage,6992571.49,602,580,0,15,8.58,336,61,8992642.52,South,2026-09-30
1005244,50005244,Retail,Mortgage,7843390.31,734,748,0,0,7.75,165,135,11386971.82,Central,2026-09-30
1005245,50005245,SME,Auto Loan,1633587.97,723,713,0,0,11.43,84,13,1253743.36,West,2026-09-30
1005246,50005246,Retail,Personal Loan,1564050.62,545,522,45,30,13.92,35,11,,East,2026-09-30
1005247,50005247,SME,SME Loan,3624720.96,712,705,0,0,13.73,110,82,,West,2026-09-30
1005248,50005248,Retail,Personal Loan,582871.34,756,762,0,0,19.99,70,52,,South,2026-09-30
1005249,50005249,Retail,Mortgage,3358969.18,717,716,60,90,10.08,345,40,4910239.67,North,2026-09-30
1005250,50005250,Retail,Auto Loan,1822730.0,649,644,0,0,11.54,24,15,1790379.29,South,2026-09-30
1005251,50005251,Retail,Auto Loan,2609483.13,630,639,0,0,13.18,84,75,3018140.45,North,2026-09-30
1005252,50005252,Retail,Credit Card,169806.5,769,754,0,15,27.14,50,44,,North,2026-09-30
1005253,50005253,Corporate,Corporate Loan,27443203.88,578,587,0,0,7.75,101,8,,South,2026-09-30
1005254,50005254,Retail,Mortgage,6279081.69,752,754,0,0,8.29,222,187,7031522.55,South,2026-09-30
1005255,50005255,SME,SME Loan,5767280.89,675,692,45,60,10.69,107,97,,West,2026-09-30
1005256,50005256,Retail,Mortgage,7594910.39,664,702,0,0,10.02,184,166,11053329.32,South,2026-09-30
1005257,50005257,Retail,Mortgage,5927550.94,636,618,30,15,10.09,199,60,8457121.78,West,2026-09-30
1005258,50005258,SME,Auto Loan,2032465.36,550,539,120,90,12.66,75,7,2297517.38,West,2026-09-30
1005259,50005259,Retail,Personal Loan,1331667.92,655,670,0,0,17.96,16,13,,East,2026-09-30
1005260,50005260,SME,Auto Loan,452532.72,687,676,45,45,12.29,57,43,392760.88,North,2026-09-30
1005261,50005261,Retail,Credit Card,172807.33,766,720,0,0,35.86,41,41,,North,2026-09-30
1005262,50005262,Retail,Auto Loan,1378202.54,714,723,0,30,12.45,43,34,917676.47,West,2026-09-30
1005263,50005263,Retail,Credit Card,151473.52,761,776,0,0,28.14,31,28,,West,2026-09-30
1005264,50005264,Retail,Mortgage,9213167.82,598,603,0,0,7.04,340,30,12556487.42,North,2026-09-30
1005265,50005265,Retail,Mortgage,1343669.91,743,745,0,0,10.36,300,66,1504103.79,West,2026-09-30
1005266,50005266,Retail,Mortgage,11350959.89,610,609,0,0,7.94,344,327,10780155.19,South,2026-09-30
1005267,50005267,Retail,Credit Card,33226.87,682,681,0,15,33.01,48,15,,Central,2026-09-30
1005268,50005268,Retail,Personal Loan,298241.39,696,697,0,0,12.4,78,7,,West,2026-09-30
1005269,50005269,Retail,Mortgage,3714226.98,654,660,0,0,10.36,288,52,4298425.85,West,2026-09-30
1005270,50005270,Retail,Auto Loan,2310784.53,743,743,0,0,12.87,42,31,1765206.61,South,2026-09-30
1005271,50005271,Retail,Mortgage,7762057.53,617,636,75,90,9.32,203,189,10857199.1,South,2026-09-30
1005272,50005272,Retail,Auto Loan,1281210.49,708,701,0,15,13.53,63,41,1151843.37,Central,2026-09-30
1005273,50005273,Retail,Credit Card,355284.73,829,807,0,0,27.68,33,33,,South,2026-09-30
1005274,50005274,Retail,Auto Loan,2445397.09,569,591,30,45,13.66,31,7,1791542.11,South,2026-09-30
1005275,50005275,Retail,Mortgage,6101197.6,710,735,0,15,9.05,148,50,6617232.11,East,2026-09-30
1005276,50005276,Retail,Credit Card,429474.58,712,721,0,15,28.79,44,42,,West,2026-09-30
1005277,50005277,Retail,Credit Card,70783.4,706,685,0,0,29.22,49,35,,North,2026-09-30
1005278,50005278,Retail,Personal Loan,1084648.57,712,740,0,0,10.91,66,5,,West,2026-09-30
1005279,50005279,Retail,Personal Loan,172232.96,765,796,0,0,19.5,74,25,,Central,2026-09-30
1005280,50005280,Retail,Credit Card,68682.71,690,710,0,0,31.37,25,11,,South,2026-09-30
1005281,50005281,Retail,Credit Card,474758.64,714,705,0,0,39.69,55,48,,West,2026-09-30
1005282,50005282,Corporate,Corporate Loan,60398006.03,789,750,0,0,8.3,139,18,,East,2026-09-30
1005283,50005283,Retail,Personal Loan,1976363.39,687,668,0,0,16.75,57,44,,South,2026-09-30
1005284,50005284,SME,SME Loan,4362627.41,694,673,0,15,11.67,42,5,,West,2026-09-30
1005285,50005285,Retail,Mortgage,8562255.11,,750,0,15,8.2,234,107,13059133.76,West,2026-09-30
1005286,50005286,Retail,Personal Loan,1421043.99,718,701,0,15,11.74,31,23,,North,2026-09-30
1005287,50005287,Retail,Auto Loan,1515433.5,730,711,0,15,13.76,48,20,1633764.59,South,2026-09-30
1005288,50005288,Corporate,Corporate Loan,41778098.99,646,642,0,0,12.6,24,23,,South,2026-09-30
1005289,50005289,Retail,Mortgage,7055724.91,685,666,0,30,9.27,258,102,7063346.68,West,2026-09-30
1005290,50005290,Retail,Personal Loan,1930887.99,778,754,0,0,16.44,15,3,,South,2026-09-30
1005291,50005291,Retail,Auto Loan,951261.18,644,612,0,0,10.86,71,70,928515.39,West,2026-09-30
1005292,50005292,Retail,Credit Card,454716.6,900,900,0,0,38.16,33,18,,South,2026-09-30
1005293,50005293,Retail,Credit Card,155234.36,752,756,0,0,35.96,16,2,,West,2026-09-30
1005294,50005294,Retail,Credit Card,499838.45,658,644,15,0,29.2,55,13,,West,2026-09-30
1005295,50005295,Retail,Mortgage,8978617.4,782,763,0,0,7.05,342,27,12304761.72,Central,2026-09-30
1005296,50005296,SME,SME Loan,2707605.23,698,730,0,0,15.87,54,21,,Central,2026-09-30
1005297,50005297,Retail,Personal Loan,1857765.63,763,752,0,0,11.68,42,4,,West,2026-09-30
1005298,50005298,Retail,Personal Loan,57220.72,728,697,0,15,16.17,26,5,,East,2026-09-30
1005299,50005299,Retail,Personal Loan,1645417.58,688,678,0,0,13.94,82,42,,East,2026-09-30
1005300,50005300,Retail,Personal Loan,1202932.28,738,715,0,0,17.93,75,33,,South,2026-09-30
1005301,50005301,Retail,Credit Card,86410.07,725,706,0,0,32.07,20,14,,East,2026-09-30
1005302,50005302,Retail,Auto Loan,1892199.74,609,605,0,0,11.74,34,11,1755213.15,Central,2026-09-30
1005303,50005303,SME,SME Loan,1620988.98,668,651,0,0,17.59,118,38,,East,2026-09-30
1005304,50005304,Retail,Personal Loan,396123.76,734,746,0,0,11.66,32,8,,North,2026-09-30
1005305,50005305,Retail,Personal Loan,435144.74,714,742,0,15,14.64,61,12,,South,2026-09-30
1005306,50005306,Retail,Credit Card,242845.32,675,687,0,0,40.87,34,24,,East,2026-09-30
1005307,50005307,Retail,Personal Loan,261776.31,742,742,0,0,18.15,76,1,,West,2026-09-30
1005308,50005308,Retail,Credit Card,207026.03,770,747,0,30,28.0,43,22,,South,2026-09-30
1005309,50005309,Retail,Auto Loan,2405742.94,711,693,15,15,13.46,41,30,2526695.17,West,2026-09-30
1005310,50005310,Retail,Credit Card,321335.64,658,637,0,30,24.76,29,5,,North,2026-09-30
1005311,50005311,SME,SME Loan,10892022.11,,694,0,0,15.04,31,28,,West,2026-09-30
1005312,50005312,Retail,Credit Card,98416.59,664,637,15,0,41.38,21,18,,West,2026-09-30
1005313,50005313,SME,SME Loan,1047887.9,619,604,60,75,17.56,77,45,,Central,2026-09-30
1005314,50005314,Retail,Personal Loan,1505861.47,735,757,0,15,17.27,36,17,,North,2026-09-30
1005315,50005315,Retail,Personal Loan,1557823.62,,676,75,90,19.43,44,20,,West,2026-09-30
1005316,50005316,Retail,Auto Loan,3285105.72,755,780,0,15,12.33,46,10,3616404.61,West,2026-09-30
1005317,50005317,SME,SME Loan,5321044.34,721,695,0,0,9.45,38,6,,West,2026-09-30
1005318,50005318,Retail,Mortgage,7798587.53,592,619,120,120,8.14,264,255,7028065.9,North,2026-09-30
1005319,50005319,SME,SME Loan,2890336.9,765,747,0,0,15.05,112,34,,East,2026-09-30
1005320,50005320,Retail,Mortgage,5810337.48,606,621,0,30,10.16,258,59,8733131.19,North,2026-09-30
1005321,50005321,Retail,Mortgage,7634255.92,598,637,0,0,10.24,313,11,7517580.68,Central,2026-09-30
1005322,50005322,Retail,Credit Card,28407.64,801,807,0,0,28.98,12,1,,Central,2026-09-30
1005323,50005323,SME,SME Loan,11443491.05,837,848,0,0,10.2,88,17,,East,2026-09-30
1005324,50005324,Retail,Personal Loan,946076.81,722,693,0,0,10.59,26,12,,West,2026-09-30
1005325,50005325,SME,SME Loan,593708.69,681,676,0,0,11.78,94,66,,Central,2026-09-30
1005326,50005326,Retail,Mortgage,11064938.58,781,789,0,0,9.79,208,24,17021603.15,West,2026-09-30
1005327,50005327,Retail,Mortgage,9704344.67,652,698,0,30,9.37,259,18,12685952.29,East,2026-09-30
1005328,50005328,Corporate,Corporate Loan,34321005.56,760,766,0,0,12.58,35,21,,North,2026-09-30
1005329,50005329,Retail,Mortgage,4265942.9,598,618,0,30,10.35,150,16,4826508.2,North,2026-09-30
1005330,50005330,Retail,Mortgage,1015866.55,871,819,0,15,7.31,170,7,875587.84,West,2026-09-30
1005331,50005331,Retail,Personal Loan,798650.63,703,731,0,15,19.73,46,46,,South,2026-09-30
1005332,50005332,Retail,Mortgage,5701606.92,681,695,0,0,7.85,358,221,8717370.74,North,2026-09-30
1005333,50005333,Retail,Mortgage,9337803.61,703,713,0,0,8.05,135,110,12604981.41,East,2026-09-30
1005334,50005334,Retail,Mortgage,3135930.07,752,767,0,0,9.44,126,65,4756670.28,Central,2026-09-30
1005335,50005335,Retail,Credit Card,162643.98,777,758,0,0,29.96,24,12,,Central,2026-09-30
1005336,50005336,Retail,Mortgage,6911918.46,649,707,0,15,7.55,142,43,9201586.79,West,2026-09-30
1005337,50005337,Retail,Mortgage,576736.49,740,727,0,0,9.08,158,129,694933.5,West,2026-09-30
1005338,50005338,SME,Mortgage,905841.36,583,577,0,30,7.08,184,166,1305050.4,East,2026-09-30
1005339,50005339,Retail,Auto Loan,3317672.12,699,712,0,15,10.18,62,54,3523156.8,West,2026-09-30
1005340,50005340,Retail,Credit Card,436576.14,620,633,0,0,35.55,59,13,,South,2026-09-30
1005341,50005341,Retail,Auto Loan,292898.25,766,803,0,0,10.25,59,59,333202.87,West,2026-09-30
1005342,50005342,Retail,Credit Card,284840.09,781,758,0,0,30.43,42,9,,Central,2026-09-30
1005343,50005343,Corporate,Corporate Loan,32223710.82,770,759,0,0,12.37,108,105,,West,2026-09-30
1005344,50005344,Retail,Mortgage,10170951.46,647,652,0,30,8.72,211,106,14744776.78,South,2026-09-30
1005345,50005345,Retail,Personal Loan,147675.56,699,665,0,0,12.87,50,45,,North,2026-09-30
1005346,50005346,Retail,Mortgage,8091979.05,636,663,0,30,9.03,192,22,12427458.24,West,2026-09-30
1005347,50005347,SME,SME Loan,6671414.13,575,583,,30,9.79,38,10,,West,2026-09-30
1005348,50005348,Retail,Credit Card,458582.4,719,690,0,0,41.23,43,40,,North,2026-09-30
1005349,50005349,Retail,Mortgage,3718674.58,800,834,0,0,7.79,294,15,3468487.18,West,2026-09-30
1005350,50005350,Retail,Mortgage,4477614.6,657,665,0,0,9.41,192,89,3810675.83,North,2026-09-30
1005351,50005351,Retail,Auto Loan,594169.79,704,710,0,0,8.27,64,58,537404.9,South,2026-09-30
1005352,50005352,SME,SME Loan,2738750.93,700,697,0,0,12.87,16,14,,West,2026-09-30
1005353,50005353,Retail,Personal Loan,1871692.99,799,809,0,0,19.61,72,57,,West,2026-09-30
1005354,50005354,Retail,Credit Card,282538.96,602,619,0,15,24.73,60,53,,West,2026-09-30
1005355,50005355,Retail,Auto Loan,853826.2,834,803,0,30,10.43,77,18,864187.44,East,2026-09-30
1005356,50005356,Retail,Credit Card,403578.02,753,745,0,0,38.17,13,10,,West,2026-09-30
1005357,50005357,Retail,Personal Loan,1224320.72,808,768,0,0,12.53,14,5,,West,2026-09-30
1005358,50005358,Retail,Auto Loan,1353819.02,719,706,0,0,10.67,70,23,1114813.23,North,2026-09-30
1005359,50005359,Retail,Mortgage,10808385.48,578,605,0,0,9.45,134,123,10652527.06,North,2026-09-30
1005360,50005360,Retail,Auto Loan,3171013.12,707,687,0,0,11.51,84,2,3096398.6,South,2026-09-30
1005361,50005361,Retail,Personal Loan,1101370.1,672,716,0,30,11.81,60,39,,West,2026-09-30
1005362,50005362,Retail,Mortgage,10440087.37,634,636,0,15,7.08,267,7,9006383.85,South,2026-09-30
1005363,50005363,Retail,Mortgage,7303843.65,865,868,0,15,7.19,170,79,9991015.58,South,2026-09-30
1005364,50005364,Retail,Mortgage,5304288.05,735,717,0,30,9.59,200,137,7328581.52,South,2026-09-30
1005365,50005365,Retail,Personal Loan,511567.09,584,583,0,0,11.12,28,13,,West,2026-09-30
1005366,50005366,Retail,Auto Loan,3098097.4,718,732,15,0,13.25,79,44,3696766.26,East,2026-09-30
1005367,50005367,Retail,Mortgage,844867.82,792,824,45,15,7.32,308,77,1237204.9,South,2026-09-30
1005368,50005368,Retail,Personal Loan,217220.18,743,733,0,15,14.81,12,2,,West,2026-09-30
1005369,50005369,Retail,Credit Card,389631.04,575,564,0,0,28.12,36,6,,South,2026-09-30
1005370,50005370,Retail,Personal Loan,822662.69,776,702,0,0,19.38,78,58,,East,2026-09-30
1005371,50005371,SME,SME Loan,12854947.22,645,637,0,0,16.15,28,26,,Central,2026-09-30
1005372,50005372,Retail,Mortgage,5535075.89,743,734,0,0,8.02,269,216,8544561.81,North,2026-09-30
1005373,50005373,Retail,Auto Loan,1301856.46,675,682,0,0,13.01,65,2,1171556.65,South,2026-09-30
1005374,50005374,Retail,Personal Loan,123443.61,816,818,0,0,11.16,26,5,,East,2026-09-30
1005375,50005375,Retail,Credit Card,260039.37,819,815,0,0,38.92,35,9,,East,2026-09-30
1005376,50005376,Retail,Auto Loan,269770.63,694,670,45,75,8.61,80,64,236037.69,South,2026-09-30
1005377,50005377,SME,SME Loan,3929153.45,673,665,0,0,14.46,45,26,,Central,2026-09-30
1005378,50005378,Retail,Auto Loan,2551587.04,669,700,0,0,11.34,78,7,1631861.64,North,2026-09-30
1005379,50005379,Retail,Credit Card,74923.94,588,611,45,30,36.82,14,6,,North,2026-09-30
1005380,50005380,Retail,Credit Card,294648.06,753,730,0,15,41.29,42,4,,West,2026-09-30
1005381,50005381,Corporate,Corporate Loan,62450990.15,800,795,0,0,7.99,105,28,,West,2026-09-30
1005382,50005382,Retail,Mortgage,11154395.55,711,693,0,0,8.25,205,191,9734140.0,West,2026-09-30
1005383,50005383,Retail,Auto Loan,2574467.77,730,721,0,0,11.41,42,1,2934536.12,North,2026-09-30
1005384,50005384,Retail,Mortgage,4816538.55,826,805,0,30,7.21,184,59,4127584.56,Central,2026-09-30
1005385,50005385,Retail,Mortgage,8493721.76,861,831,0,0,8.46,123,4,10119387.87,East,2026-09-30
1005386,50005386,SME,Auto Loan,1248811.02,541,567,0,0,13.95,75,1,1267868.94,South,2026-09-30
1005387,50005387,Retail,Personal Loan,514663.57,619,619,0,0,19.21,37,6,,West,2026-09-30
1005388,50005388,Retail,Credit Card,194301.71,766,735,0,0,39.06,29,7,,South,2026-09-30
1005389,50005389,Retail,Credit Card,188791.29,775,803,0,0,41.85,15,15,,Central,2026-09-30
1005390,50005390,Retail,Auto Loan,1967683.49,769,772,0,0,9.89,65,29,1549283.12,South,2026-09-30
1005391,50005391,Retail,Auto Loan,404922.11,717,714,0,0,13.62,39,6,374321.01,South,2026-09-30
1005392,50005392,Retail,Credit Card,494852.31,646,629,0,0,28.57,60,43,,North,2026-09-30
1005393,50005393,Retail,Mortgage,1136894.14,741,706,0,0,8.86,272,51,1245218.76,South,2026-09-30
1005394,50005394,Retail,Personal Loan,1119990.16,652,689,0,0,10.2,79,78,,South,2026-09-30
1005395,50005395,Retail,Mortgage,10258043.19,684,688,0,30,9.4,304,154,11476947.71,East,2026-09-30
1005396,50005396,Retail,Credit Card,129302.85,720,731,0,0,40.0,60,22,,West,2026-09-30
1005397,50005397,Retail,Mortgage,6775889.02,714,693,0,0,9.01,341,203,7769308.11,North,2026-09-30
1005398,50005398,Retail,Personal Loan,1152274.9,634,650,0,0,19.78,42,27,,West,2026-09-30
1005399,50005399,Retail,Auto Loan,3312586.26,733,756,30,0,9.86,32,32,2133480.69,Central,2026-09-30
1005400,50005400,Retail,Mortgage,1808484.17,779,743,0,0,7.61,142,95,2680945.62,West,2026-09-30
1005401,50005401,Corporate,Corporate Loan,60125535.48,671,664,60,60,12.6,153,37,,South,2026-09-30
1005402,50005402,Corporate,Corporate Loan,73614346.95,654,643,0,0,10.29,73,27,,West,2026-09-30
1005403,50005403,Retail,Mortgage,2352530.91,551,563,0,0,7.57,299,54,2803791.66,East,2026-09-30
1005404,50005404,Retail,Personal Loan,345428.74,620,618,0,30,11.15,46,6,,West,2026-09-30
1005405,50005405,Retail,Credit Card,37385.84,645,653,75,75,24.1,52,4,,East,2026-09-30
1005406,50005406,Retail,Auto Loan,1940486.76,699,693,0,0,13.96,35,12,1186933.95,West,2026-09-30
1005407,50005407,Retail,Mortgage,9607370.28,594,576,0,0,9.83,127,45,10301233.75,West,2026-09-30
1005408,50005408,Retail,Auto Loan,2046909.21,661,706,0,0,9.07,81,24,2116106.77,South,2026-09-30
1005409,50005409,Retail,Personal Loan,555343.67,719,703,0,30,13.95,78,2,,East,2026-09-30
1005410,50005410,Retail,Mortgage,11545168.14,582,601,15,15,8.61,226,41,11834511.31,West,2026-09-30
1005411,50005411,Retail,Mortgage,11732934.55,780,768,0,30,10.42,223,53,10675501.36,South,2026-09-30
1005412,50005412,Corporate,Mortgage,2483404.15,677,667,0,0,7.73,305,211,2930579.25,Central,2026-09-30
1005413,50005413,SME,SME Loan,10891259.75,722,736,0,0,16.62,62,34,,East,2026-09-30
1005414,50005414,Retail,Personal Loan,1324034.24,638,674,0,30,11.56,67,15,,North,2026-09-30
1005415,50005415,Retail,Mortgage,8022739.35,782,742,0,0,8.84,227,47,11280946.7,Central,2026-09-30
1005416,50005416,Retail,Auto Loan,1258999.26,641,626,0,0,10.81,62,55,850318.66,South,2026-09-30
1005417,50005417,Retail,Personal Loan,122821.01,792,806,0,0,16.78,52,31,,South,2026-09-30
1005418,50005418,Corporate,Corporate Loan,32696616.95,682,645,0,0,7.7,120,100,,West,2026-09-30
1005419,50005419,Retail,Auto Loan,2716642.37,617,610,90,60,9.58,56,14,1747818.97,East,2026-09-30
1005420,50005420,Retail,Auto Loan,2708126.35,749,754,0,15,10.07,30,5,2521848.7,South,2026-09-30
1005421,50005421,Retail,Auto Loan,3001106.35,772,751,0,0,12.36,65,23,2856155.02,South,2026-09-30
1005422,50005422,SME,SME Loan,9494993.69,690,705,0,15,14.06,109,27,,Central,2026-09-30
1005423,50005423,SME,Auto Loan,1708237.58,640,688,0,0,12.36,70,57,1397127.51,North,2026-09-30
1005424,50005424,SME,SME Loan,2881597.72,705,690,30,15,11.4,67,44,,South,2026-09-30
1005425,50005425,Retail,Mortgage,2250720.48,702,678,0,0,8.75,145,97,3048190.35,West,2026-09-30
1005426,50005426,Retail,Auto Loan,1561868.93,653,654,0,30,10.95,45,7,1232509.99,West,2026-09-30
1005427,50005427,Retail,Personal Loan,494138.16,726,746,0,0,12.27,67,54,,East,2026-09-30
1005428,50005428,Retail,Mortgage,6062495.99,850,845,0,0,8.76,340,50,8084463.95,West,2026-09-30
1005429,50005429,Retail,Personal Loan,144852.47,745,740,0,30,17.44,62,41,,South,2026-09-30
1005430,50005430,Retail,Auto Loan,968230.17,692,690,0,0,10.75,52,29,955904.26,Central,2026-09-30
1005431,50005431,Retail,Auto Loan,2841641.14,766,723,0,0,12.28,38,19,2329978.61,West,2026-09-30
1005432,50005432,SME,SME Loan,5212019.75,732,727,0,0,13.52,98,82,,North,2026-09-30
1005433,50005433,Retail,Auto Loan,3129836.04,702,689,15,15,13.37,41,40,2569167.42,West,2026-09-30
1005434,50005434,Retail,Mortgage,11644998.67,608,640,0,15,10.29,232,160,16561353.92,South,2026-09-30
1005435,50005435,Retail,Mortgage,3295675.69,584,613,15,15,9.86,257,181,4336553.16,North,2026-09-30
1005436,50005436,Retail,Auto Loan,3437177.72,859,845,0,0,10.32,25,8,3873713.31,West,2026-09-30
1005437,50005437,Retail,Auto Loan,2187115.83,758,709,0,0,11.29,52,25,1831179.96,West,2026-09-30
1005438,50005438,Retail,Mortgage,5952884.98,685,697,0,0,9.25,297,277,6948503.55,North,2026-09-30
1005439,50005439,Retail,Mortgage,2220420.72,648,660,0,15,7.36,274,175,2340507.31,North,2026-09-30
1005440,50005440,SME,Auto Loan,2395870.05,726,740,0,0,13.57,33,29,2794906.65,North,2026-09-30
1005441,50005441,Retail,Auto Loan,1686634.62,712,704,0,15,9.15,67,12,1258016.29,West,2026-09-30
1005442,50005442,Retail,Auto Loan,700813.32,713,687,0,30,12.79,32,17,752804.17,East,2026-09-30
1005443,50005443,Retail,Mortgage,9802996.87,659,641,0,15,10.44,354,160,14475872.99,North,2026-09-30
1005444,50005444,Retail,Auto Loan,307996.5,646,659,0,0,12.42,32,29,301529.69,Central,2026-09-30
1005445,50005445,Retail,Credit Card,169955.96,625,608,120,120,38.62,15,3,,East,2026-09-30
1005446,50005446,Retail,Auto Loan,264876.22,782,775,0,15,9.12,73,43,167243.84,North,2026-09-30
1005447,50005447,Retail,Personal Loan,1492052.96,741,744,0,15,12.84,70,41,,West,2026-09-30
1005448,50005448,Retail,Mortgage,7839443.21,781,782,0,0,8.47,344,130,8109397.23,South,2026-09-30
1005449,50005449,Retail,Auto Loan,1571184.03,705,659,30,60,11.16,82,23,1274704.01,Central,2026-09-30
1005450,50005450,Corporate,Corporate Loan,60515813.94,727,746,0,0,8.86,13,3,,West,2026-09-30
1005451,50005451,Retail,Auto Loan,2044865.74,619,640,0,15,9.53,72,8,1288317.12,Central,2026-09-30
1005452,50005452,Retail,Personal Loan,916034.45,652,689,0,0,18.79,17,13,,North,2026-09-30
1005453,50005453,Retail,Credit Card,331994.67,615,641,0,0,38.94,59,49,,North,2026-09-30
1005454,50005454,Retail,Personal Loan,660104.15,550,537,0,0,11.2,69,30,,South,2026-09-30
1005455,50005455,Retail,Mortgage,10320538.31,695,698,0,15,8.52,148,63,9255762.93,East,2026-09-30
1005456,50005456,Retail,Mortgage,8625955.46,758,728,0,0,7.43,224,160,11673529.95,West,2026-09-30
1005457,50005457,Retail,Mortgage,9893948.03,795,773,0,0,8.3,182,7,9937517.32,North,2026-09-30
1005458,50005458,Retail,Credit Card,116276.99,768,753,0,0,24.8,26,6,,South,2026-09-30
1005459,50005459,Retail,Mortgage,11580218.93,891,900,0,0,7.37,301,231,17754426.91,West,2026-09-30
1005460,50005460,Retail,Personal Loan,791322.29,574,590,0,0,11.68,72,65,,North,2026-09-30
1005461,50005461,SME,SME Loan,13005541.69,675,724,0,30,17.88,67,26,,West,2026-09-30
1005462,50005462,Retail,Mortgage,5512039.29,657,665,0,0,7.83,220,6,5241721.38,West,2026-09-30
1005463,50005463,Retail,Personal Loan,971102.75,716,704,0,0,13.9,49,1,,North,2026-09-30
1005464,50005464,Retail,Auto Loan,3088885.43,610,638,0,30,11.72,59,12,2074431.08,South,2026-09-30
1005465,50005465,Retail,Mortgage,5913547.97,574,611,0,0,8.69,350,3,5931004.25,South,2026-09-30
1005466,50005466,Retail,Mortgage,11584494.48,614,589,0,0,7.86,198,135,14491542.09,South,2026-09-30
1005467,50005467,Retail,Auto Loan,656749.18,678,694,,0,9.42,60,13,686727.92,South,2026-09-30
1005468,50005468,SME,SME Loan,3665458.05,798,816,0,15,12.29,65,46,,South,2026-09-30
1005469,50005469,Retail,Auto Loan,1574158.0,716,714,0,0,10.47,83,9,955958.87,South,2026-09-30
1005470,50005470,Retail,Mortgage,4296915.97,658,689,0,0,8.01,286,155,5441626.64,West,2026-09-30
1005471,50005471,Retail,Personal Loan,150748.59,559,574,0,0,12.02,36,4,,North,2026-09-30
1005472,50005472,Retail,Personal Loan,1258152.27,744,743,180,195,11.71,78,26,,West,2026-09-30
1005473,50005473,Retail,Personal Loan,461068.4,652,611,0,0,15.63,59,49,,North,2026-09-30
1005474,50005474,Retail,Credit Card,399985.11,679,666,0,0,32.18,22,10,,West,2026-09-30
1005475,50005475,SME,Mortgage,2629996.03,663,645,0,0,9.8,252,181,3848002.96,South,2026-09-30
1005476,50005476,Retail,Personal Loan,1663594.95,667,637,0,0,18.49,54,39,,West,2026-09-30
1005477,50005477,SME,SME Loan,3567339.4,683,731,0,0,12.49,68,47,,West,2026-09-30
1005478,50005478,Retail,Auto Loan,2145800.65,541,563,15,15,10.96,45,43,1352157.24,West,2026-09-30
1005479,50005479,Retail,Mortgage,3503066.81,747,753,0,0,7.45,157,7,4388167.56,Central,2026-09-30
1005480,50005480,Retail,Credit Card,267090.4,661,662,90,75,34.19,18,8,,West,2026-09-30
1005481,50005481,Corporate,Corporate Loan,17616911.13,776,755,0,0,11.85,125,74,,East,2026-09-30
1005482,50005482,Retail,Personal Loan,1537390.27,733,697,0,0,12.67,13,5,,East,2026-09-30
1005483,50005483,Retail,Mortgage,4009412.8,589,578,,165,7.51,181,112,3768587.99,West,2026-09-30
1005484,50005484,Retail,Personal Loan,743787.34,662,672,0,15,14.91,68,45,,West,2026-09-30
1005485,50005485,Corporate,Mortgage,8510665.69,727,697,0,30,9.35,320,57,8613591.05,South,2026-09-30
1005486,50005486,Retail,Personal Loan,1284656.87,656,641,30,30,16.67,25,11,,South,2026-09-30
1005487,50005487,Retail,Personal Loan,238836.61,702,655,0,0,10.68,77,26,,West,2026-09-30
1005488,50005488,SME,Mortgage,5899974.77,727,724,0,0,10.25,146,114,6459500.37,South,2026-09-30
1005489,50005489,Retail,Personal Loan,496792.88,797,794,0,30,13.08,60,15,,West,2026-09-30
1005490,50005490,Retail,Mortgage,5658548.86,667,647,45,30,9.89,337,224,6359003.12,North,2026-09-30
1005491,50005491,Retail,Personal Loan,466143.9,684,687,0,0,18.42,60,40,,South,2026-09-30
1005492,50005492,Retail,Auto Loan,3473226.22,626,664,30,30,8.81,42,32,3264110.7,South,2026-09-30
1005493,50005493,Retail,Personal Loan,453828.82,734,753,0,0,12.53,43,3,,East,2026-09-30
1005494,50005494,SME,Mortgage,4945374.45,706,739,0,0,10.49,153,15,6657280.69,West,2026-09-30
1005495,50005495,Retail,Personal Loan,1514874.03,805,799,0,15,13.0,36,22,,North,2026-09-30
1005496,50005496,SME,SME Loan,4600394.75,748,763,0,0,17.51,113,27,,South,2026-09-30
1005497,50005497,Retail,Mortgage,7596200.06,688,683,0,0,10.44,231,25,8007299.74,East,2026-09-30
1005498,50005498,Retail,Personal Loan,124030.75,617,591,0,0,18.96,61,30,,South,2026-09-30
1005499,50005499,Retail,Personal Loan,1877771.68,613,638,0,0,18.85,35,2,,West,2026-09-30
1005500,50005500,Retail,Mortgage,5316188.49,689,688,120,120,8.67,235,46,6271743.24,West,2026-09-30
1005501,50005501,Retail,Mortgage,8148912.37,638,678,0,15,7.54,236,232,8880118.21,South,2026-09-30
1005502,50005502,SME,Mortgage,11050973.83,873,900,0,0,7.53,316,78,10909049.2,South,2026-09-30
1005503,50005503,Corporate,Corporate Loan,74351936.9,647,659,15,0,8.96,80,12,,South,2026-09-30
1005504,50005504,Retail,Personal Loan,500417.75,614,625,0,0,14.49,36,3,,East,2026-09-30
1005505,50005505,Retail,Mortgage,6816401.19,728,744,0,15,9.75,303,87,9644316.06,South,2026-09-30
1005506,50005506,Retail,Credit Card,418375.62,,689,0,15,38.72,23,9,,North,2026-09-30
1005507,50005507,Retail,Auto Loan,2221692.51,710,717,0,30,12.17,36,28,2593399.49,West,2026-09-30
1005508,50005508,SME,SME Loan,3983416.85,680,662,0,0,15.68,46,18,,North,2026-09-30
1005509,50005509,SME,SME Loan,4066757.49,672,674,0,15,12.14,31,6,,North,2026-09-30
1005510,50005510,Retail,Auto Loan,2720627.23,683,700,0,0,9.56,75,21,2385770.77,South,2026-09-30
1005511,50005511,Retail,Personal Loan,786825.61,522,536,15,45,11.01,78,41,,West,2026-09-30
1005512,50005512,Retail,Mortgage,5895728.06,683,694,0,0,8.48,186,139,6633722.37,North,2026-09-30
1005513,50005513,Corporate,Mortgage,7998804.28,669,672,0,0,10.32,314,189,8630783.61,South,2026-09-30
1005514,50005514,Retail,Auto Loan,777181.37,619,583,0,0,12.19,84,41,583395.17,South,2026-09-30
1005515,50005515,Corporate,Corporate Loan,74748873.88,686,706,0,0,10.08,88,58,,West,2026-09-30
1005516,50005516,Retail,Credit Card,259393.15,707,693,0,15,41.59,24,9,,South,2026-09-30
1005517,50005517,Retail,Mortgage,1811931.16,638,619,0,0,10.45,234,17,2054426.85,West,2026-09-30
1005518,50005518,Retail,Auto Loan,2132762.93,774,775,0,0,9.09,83,74,1639965.47,West,2026-09-30
1005519,50005519,Retail,Mortgage,9452044.72,734,729,0,0,9.21,138,126,9932654.24,West,2026-09-30
1005520,50005520,Retail,Mortgage,3364281.19,800,770,0,0,9.7,213,15,3906696.76,Central,2026-09-30
1005521,50005521,Retail,Auto Loan,334578.17,786,789,0,0,12.61,66,27,,North,2026-09-30
1005522,50005522,Retail,Personal Loan,1331876.24,652,624,0,30,11.59,76,16,,West,2026-09-30
1005523,50005523,Corporate,Corporate Loan,39104747.64,581,582,45,45,11.19,129,23,,East,2026-09-30
1005524,50005524,Retail,Mortgage,10314795.97,802,799,0,0,10.05,220,202,12555916.57,West,2026-09-30
1005525,50005525,SME,SME Loan,8468370.49,688,659,0,0,13.58,19,13,,South,2026-09-30
1005526,50005526,Retail,Mortgage,5130791.74,694,721,0,15,7.77,141,1,4915095.17,South,2026-09-30
1005527,50005527,Retail,Mortgage,7436397.58,710,741,0,0,8.43,254,223,9612265.21,South,2026-09-30
1005528,50005528,Retail,Mortgage,5350838.99,636,654,60,60,9.72,128,82,4638783.08,East,2026-09-30
1005529,50005529,Retail,Mortgage,8513132.62,754,774,0,15,9.62,355,152,11652345.56,West,2026-09-30
1005530,50005530,Corporate,Corporate Loan,68564398.42,807,790,0,0,12.48,99,64,,North,2026-09-30
1005531,50005531,Retail,Mortgage,2663917.72,638,662,0,0,7.29,191,134,2480545.22,East,2026-09-30
1005532,50005532,SME,Mortgage,1291690.58,898,866,0,0,8.46,280,150,1793101.04,West,2026-09-30
1005533,50005533,Retail,Auto Loan,1930961.18,754,732,0,15,9.0,29,23,1704767.64,East,2026-09-30
1005534,50005534,Retail,Credit Card,160260.79,795,779,0,0,37.89,13,4,,Central,2026-09-30
1005535,50005535,Retail,Mortgage,6861290.0,753,736,0,0,10.31,264,182,9276601.54,South,2026-09-30
1005536,50005536,Retail,Mortgage,10669816.98,693,663,0,0,8.03,141,66,12140927.97,North,2026-09-30
1005537,50005537,Retail,Personal Loan,315449.19,660,676,0,0,18.93,77,37,,West,2026-09-30
1005538,50005538,Retail,Auto Loan,821079.06,649,662,120,120,12.92,38,33,598770.81,West,2026-09-30
1005539,50005539,Retail,Credit Card,176666.73,634,628,60,60,38.3,17,3,,West,2026-09-30
1005540,50005540,Retail,Credit Card,436487.86,720,722,0,0,31.19,55,12,,West,2026-09-30
1005541,50005541,Retail,Auto Loan,573140.17,641,670,0,0,12.5,45,19,405471.05,South,2026-09-30
1005542,50005542,Retail,Credit Card,498902.75,773,768,45,45,38.15,24,21,,North,2026-09-30
1005543,50005543,Retail,Personal Loan,1658139.7,685,684,0,0,12.93,77,19,,Central,2026-09-30
1005544,50005544,Retail,Personal Loan,239833.59,860,866,0,0,13.45,74,65,,Central,2026-09-30
1005545,50005545,SME,SME Loan,8966790.93,770,735,0,15,17.17,94,30,,East,2026-09-30
1005546,50005546,Retail,Mortgage,789985.84,681,688,0,0,10.31,251,10,1025964.27,South,2026-09-30
1005547,50005547,Retail,Personal Loan,694025.71,706,697,0,0,15.88,18,4,,Central,2026-09-30
1005548,50005548,Retail,Auto Loan,760197.72,621,632,120,120,11.47,32,13,900699.65,West,2026-09-30
1005549,50005549,Retail,Personal Loan,1840201.98,734,768,0,0,17.16,50,11,,Central,2026-09-30
1005550,50005550,Retail,Mortgage,5247056.33,714,729,30,30,8.22,182,163,5388773.98,Central,2026-09-30
1005551,50005551,Retail,Personal Loan,1398535.11,768,773,0,0,15.62,18,7,,East,2026-09-30
1005552,50005552,Retail,Personal Loan,1779760.46,718,721,0,30,16.73,44,12,,West,2026-09-30
1005553,50005553,Retail,Auto Loan,713722.28,548,533,0,15,9.85,82,62,520519.63,East,2026-09-30
1005554,50005554,Retail,Personal Loan,388156.94,659,647,0,30,14.89,37,22,,North,2026-09-30
1005555,50005555,Retail,Personal Loan,1407114.16,504,479,75,90,16.06,40,21,,East,2026-09-30
1005556,50005556,Corporate,Corporate Loan,65861896.93,749,742,0,15,13.9,118,94,,South,2026-09-30
1005557,50005557,Retail,Mortgage,11064938.72,714,725,0,0,10.08,238,17,12891171.48,West,2026-09-30
1005558,50005558,Retail,Personal Loan,1152788.02,655,669,0,0,15.68,28,25,,West,2026-09-30
1005559,50005559,Retail,Mortgage,1373040.64,699,722,0,0,7.5,130,87,1303216.8,Central,2026-09-30
1005560,50005560,Retail,Auto Loan,1265220.25,825,827,0,0,8.03,58,49,1351418.19,West,2026-09-30
1005561,50005561,Retail,Personal Loan,735907.05,734,712,0,30,14.17,39,8,,South,2026-09-30
1005562,50005562,Retail,Auto Loan,1247163.13,791,806,0,0,11.2,50,32,1258100.33,West,2026-09-30
1005563,50005563,Retail,Personal Loan,1851633.81,658,669,0,0,10.29,63,60,,West,2026-09-30
1005564,50005564,Retail,Mortgage,1907685.75,649,651,0,0,8.32,299,123,1950384.0,North,2026-09-30
1005565,50005565,Retail,Credit Card,135793.01,730,719,0,0,29.44,38,1,,South,2026-09-30
1005566,50005566,Retail,Credit Card,370338.33,872,848,0,15,35.26,12,5,,South,2026-09-30
1005567,50005567,Retail,Credit Card,387647.03,575,560,75,75,24.09,36,15,,West,2026-09-30
1005568,50005568,Retail,Personal Loan,1571349.12,836,833,0,0,11.01,21,17,,West,2026-09-30
1005569,50005569,Retail,Personal Loan,992060.31,805,835,0,0,19.99,72,50,,East,2026-09-30
1005570,50005570,Retail,Personal Loan,1761614.54,805,801,0,15,15.94,72,34,,West,2026-09-30
1005571,50005571,Retail,Personal Loan,1290825.39,847,839,0,15,11.95,70,13,,West,2026-09-30
1005572,50005572,Retail,Personal Loan,798843.95,667,639,0,0,19.8,69,10,,South,2026-09-30
1005573,50005573,SME,SME Loan,3744577.87,784,781,0,15,12.0,106,87,,North,2026-09-30
1005574,50005574,Retail,Credit Card,323704.04,878,900,,15,27.22,42,3,,South,2026-09-30
1005575,50005575,Retail,Auto Loan,2465800.65,830,836,0,0,8.99,36,26,2924190.02,East,2026-09-30
1005576,50005576,Retail,Credit Card,422840.14,826,790,90,105,30.95,38,38,,West,2026-09-30
1005577,50005577,Retail,Personal Loan,1798897.98,583,623,0,15,13.07,29,22,,Central,2026-09-30
1005578,50005578,Retail,Mortgage,591859.1,675,703,30,45,8.83,262,223,584318.92,East,2026-09-30
1005579,50005579,Retail,Credit Card,129894.39,711,722,0,0,32.63,18,9,,North,2026-09-30
1005580,50005580,Retail,Mortgage,7903762.07,747,751,90,90,8.84,323,84,11521223.23,North,2026-09-30
1005581,50005581,Retail,Personal Loan,778646.78,709,753,0,0,16.48,79,74,,East,2026-09-30
1005582,50005582,Retail,Personal Loan,1081189.24,738,714,0,0,10.96,13,9,,South,2026-09-30
1005583,50005583,Retail,Credit Card,294717.67,859,838,0,0,28.11,24,4,,West,2026-09-30
1005584,50005584,SME,SME Loan,5248347.96,682,711,0,0,13.67,41,3,,West,2026-09-30
1005585,50005585,Retail,Personal Loan,1410732.19,610,616,0,30,10.6,42,28,,North,2026-09-30
1005586,50005586,SME,SME Loan,1842102.08,744,741,0,15,15.48,73,44,,West,2026-09-30
1005587,50005587,Retail,Personal Loan,1923421.14,750,752,0,0,11.33,69,9,,West,2026-09-30
1005588,50005588,Retail,Credit Card,243107.08,696,701,0,0,38.02,12,5,,South,2026-09-30
1005589,50005589,SME,SME Loan,8243015.74,639,673,30,15,9.01,109,68,,West,2026-09-30
1005590,50005590,Retail,Personal Loan,1477717.37,719,734,0,0,14.28,46,35,,North,2026-09-30
1005591,50005591,SME,SME Loan,11091353.2,845,812,15,15,9.45,32,21,,North,2026-09-30
1005592,50005592,Retail,Credit Card,44142.69,879,852,0,0,27.7,17,3,,East,2026-09-30
1005593,50005593,SME,SME Loan,6081165.1,611,633,15,30,14.15,32,8,,West,2026-09-30
1005594,50005594,Retail,Personal Loan,1112597.05,702,730,0,0,14.58,28,10,,Central,2026-09-30
1005595,50005595,Retail,Personal Loan,1181068.04,806,786,0,0,11.32,70,3,,Central,2026-09-30
1005596,50005596,Retail,Auto Loan,2370363.73,766,746,0,0,12.95,27,27,2642588.4,Central,2026-09-30
1005597,50005597,Retail,Auto Loan,1134969.38,625,627,0,0,11.43,52,43,735449.88,West,2026-09-30
1005598,50005598,Retail,Personal Loan,143913.98,784,780,0,15,17.87,73,26,,West,2026-09-30
1005599,50005599,Retail,Auto Loan,720465.77,687,695,0,15,12.76,41,27,607840.19,West,2026-09-30
1005600,50005600,Retail,Credit Card,61217.66,811,778,0,0,31.69,38,29,,West,2026-09-30
1005601,50005601,Retail,Personal Loan,931662.05,774,815,0,0,14.99,64,3,,South,2026-09-30
1005602,50005602,Retail,Credit Card,119444.63,596,639,0,15,41.79,29,26,,North,2026-09-30
1005603,50005603,Retail,Credit Card,30336.07,724,714,0,15,30.45,23,23,,South,2026-09-30
1005604,50005604,Retail,Mortgage,4509079.45,577,584,15,15,9.46,276,252,6106363.09,North,2026-09-30
1005605,50005605,Retail,Auto Loan,1083566.68,635,620,0,15,13.61,80,53,1053358.96,South,2026-09-30
1005606,50005606,Retail,Mortgage,6401401.34,682,672,0,0,7.14,279,89,5726704.57,North,2026-09-30
1005607,50005607,Retail,Mortgage,11162286.4,700,722,0,0,7.81,295,241,13887439.99,South,2026-09-30
1005608,50005608,Retail,Credit Card,343850.62,632,657,0,0,31.87,33,10,,West,2026-09-30
1005609,50005609,Retail,Auto Loan,1099718.41,722,738,0,0,9.84,50,19,1183570.29,South,2026-09-30
1005610,50005610,Retail,Personal Loan,201848.62,523,554,30,30,11.71,84,40,,North,2026-09-30
1005611,50005611,Retail,Mortgage,6736923.83,722,703,0,0,8.3,166,54,6762858.74,North,2026-09-30
1005612,50005612,Retail,Credit Card,13303.53,698,708,0,0,40.68,57,12,,North,2026-09-30
1005613,50005613,Retail,Credit Card,418316.02,755,759,0,30,34.62,24,17,,East,2026-09-30
1005614,50005614,Retail,Auto Loan,283785.34,763,737,0,0,8.86,83,46,224866.75,East,2026-09-30
1005615,50005615,Retail,Mortgage,2203772.51,798,770,0,15,9.2,325,6,2201885.75,West,2026-09-30
1005616,50005616,Retail,Auto Loan,2761003.3,730,734,0,15,10.8,39,12,1849207.79,West,2026-09-30
1005617,50005617,SME,Auto Loan,2706724.15,723,682,0,0,11.56,43,21,2698566.78,South,2026-09-30
1005618,50005618,Retail,Personal Loan,1017381.18,642,668,90,90,15.3,54,14,,North,2026-09-30
1005619,50005619,Retail,Personal Loan,1115547.4,668,670,180,165,16.01,72,42,,Central,2026-09-30
1005620,50005620,SME,Auto Loan,1986424.11,773,712,0,30,8.9,33,23,1528430.87,West,2026-09-30
1005621,50005621,Retail,Mortgage,3763244.34,849,837,0,0,8.09,178,164,5322394.7,North,2026-09-30
1005622,50005622,Retail,Auto Loan,2943328.01,729,723,0,0,8.09,38,13,3378923.13,West,2026-09-30
1005623,50005623,Retail,Auto Loan,2410111.58,684,650,0,0,9.28,76,11,1530814.66,East,2026-09-30
1005624,50005624,SME,SME Loan,2303562.65,625,643,60,60,10.94,86,61,,East,2026-09-30
1005625,50005625,Retail,Personal Loan,602830.45,675,674,0,15,12.69,62,2,,West,2026-09-30
1005626,50005626,Retail,Credit Card,424626.96,797,789,0,0,37.59,48,48,,East,2026-09-30
1005627,50005627,SME,SME Loan,4990402.08,674,669,0,15,16.54,20,6,,Central,2026-09-30
1005628,50005628,SME,Mortgage,3844669.43,813,798,0,0,9.91,173,59,5848933.75,South,2026-09-30
1005629,50005629,Corporate,Corporate Loan,74230961.17,672,659,30,30,9.67,166,105,,West,2026-09-30
1005630,50005630,SME,SME Loan,14767768.21,737,755,0,15,9.0,74,56,,North,2026-09-30
1005631,50005631,SME,SME Loan,2451397.89,755,793,0,0,13.51,99,84,,West,2026-09-30
1005632,50005632,Retail,Auto Loan,1696600.55,679,688,90,60,12.74,76,41,1109682.4,South,2026-09-30
1005633,50005633,Retail,Credit Card,268535.41,754,775,0,15,39.5,52,21,,South,2026-09-30
1005634,50005634,Retail,Credit Card,270950.43,625,640,75,60,28.25,45,11,,East,2026-09-30
1005635,50005635,Retail,Personal Loan,978791.46,812,785,0,0,18.02,78,76,,East,2026-09-30
1005636,50005636,Retail,Credit Card,343751.69,744,778,0,15,32.15,21,3,,West,2026-09-30
1005637,50005637,Retail,Mortgage,6530853.28,678,674,0,15,8.77,181,58,5764991.73,West,2026-09-30
1005638,50005638,Retail,Personal Loan,811045.19,720,722,0,30,13.88,19,3,,East,2026-09-30
1005639,50005639,Retail,Personal Loan,308474.76,736,707,0,0,12.82,68,10,,West,2026-09-30
1005640,50005640,SME,Auto Loan,2535763.03,712,673,0,0,11.27,45,5,2095437.38,South,2026-09-30
1005641,50005641,Retail,Personal Loan,1579556.31,829,750,0,15,15.93,20,16,,East,2026-09-30
1005642,50005642,Retail,Personal Loan,592872.92,715,719,0,0,19.23,54,37,,South,2026-09-30
1005643,50005643,Retail,Credit Card,165948.51,,631,0,0,35.33,30,21,,West,2026-09-30
1005644,50005644,Retail,Auto Loan,1504371.05,777,767,0,0,12.11,33,8,1589292.21,South,2026-09-30
1005645,50005645,Retail,Mortgage,2954035.41,662,674,15,0,8.49,339,171,3070860.19,West,2026-09-30
1005646,50005646,Retail,Credit Card,347328.91,579,608,0,0,41.63,39,20,,West,2026-09-30
1005647,50005647,Retail,Auto Loan,2005716.9,822,818,0,0,9.19,45,29,1606730.09,West,2026-09-30
1005648,50005648,Retail,Auto Loan,2961332.61,690,633,0,0,9.89,67,39,3274809.56,West,2026-09-30
1005649,50005649,Retail,Mortgage,9728336.87,635,658,0,0,9.12,309,124,10311133.37,West,2026-09-30
1005650,50005650,Retail,Mortgage,4355655.26,762,755,0,0,9.17,338,323,4503645.72,South,2026-09-30
1005651,50005651,Retail,Personal Loan,1425996.63,789,761,0,15,12.55,72,26,,South,2026-09-30
1005652,50005652,Retail,Auto Loan,1992219.82,677,697,0,0,9.62,25,24,1966632.88,North,2026-09-30
1005653,50005653,SME,SME Loan,12137633.0,778,781,0,0,13.57,15,2,,West,2026-09-30
1005654,50005654,Retail,Credit Card,333340.64,851,838,0,0,31.22,52,16,,East,2026-09-30
1005655,50005655,SME,SME Loan,6428549.67,813,785,0,0,17.45,96,57,,West,2026-09-30
1005656,50005656,Retail,Personal Loan,1260019.38,749,695,0,0,16.88,27,17,,West,2026-09-30
1005657,50005657,Retail,Mortgage,2327953.9,761,777,0,0,9.62,299,163,2706174.44,South,2026-09-30
1005658,50005658,Retail,Personal Loan,806734.03,558,532,45,45,12.57,67,22,,South,2026-09-30
1005659,50005659,Retail,Personal Loan,1697473.91,619,639,90,120,19.19,76,6,,West,2026-09-30
1005660,50005660,Retail,Personal Loan,1379365.74,674,663,0,0,12.49,79,52,,South,2026-09-30
1005661,50005661,SME,Auto Loan,3285490.53,721,738,0,0,12.97,29,11,3906093.55,North,2026-09-30
1005662,50005662,Retail,Credit Card,34613.91,573,581,0,30,32.09,31,8,,North,2026-09-30
1005663,50005663,SME,Auto Loan,3059112.97,655,683,15,30,10.03,72,47,2560939.43,Central,2026-09-30
1005664,50005664,Retail,Credit Card,20878.49,739,729,0,0,36.16,51,34,,West,2026-09-30
1005665,50005665,Retail,Auto Loan,2318915.36,684,728,0,30,10.91,47,22,2151737.43,North,2026-09-30
1005666,50005666,SME,Mortgage,8510307.86,763,751,0,15,7.97,148,80,13127936.79,West,2026-09-30
1005667,50005667,Retail,Auto Loan,2214858.57,838,819,0,0,9.71,33,19,2328883.01,Central,2026-09-30
1005668,50005668,Retail,Credit Card,325432.78,671,665,0,0,41.51,34,5,,North,2026-09-30
1005669,50005669,Retail,Personal Loan,1430773.79,641,633,0,30,15.66,16,8,,North,2026-09-30
1005670,50005670,SME,SME Loan,4422246.2,747,724,0,0,14.18,109,60,,South,2026-09-30
1005671,50005671,Retail,Auto Loan,1673318.27,668,673,0,0,8.92,61,4,1738502.23,East,2026-09-30
1005672,50005672,Retail,Credit Card,390290.88,721,757,90,120,28.84,31,25,,South,2026-09-30
1005673,50005673,Retail,Auto Loan,2620053.8,636,644,0,0,10.93,81,16,1857368.03,East,2026-09-30
1005674,50005674,Retail,Auto Loan,675131.56,714,752,0,0,11.6,82,56,798984.97,South,2026-09-30
1005675,50005675,SME,SME Loan,4891679.18,706,692,0,0,14.86,48,43,,North,2026-09-30
1005676,50005676,SME,Auto Loan,3414510.62,900,900,0,0,8.4,54,2,2876416.43,South,2026-09-30
1005677,50005677,SME,Auto Loan,1420760.37,585,583,0,15,13.59,48,32,1054136.13,South,2026-09-30
1005678,50005678,Retail,Auto Loan,2283593.39,634,666,0,0,11.05,54,8,1779125.34,West,2026-09-30
1005679,50005679,Retail,Mortgage,4947433.74,716,715,0,0,10.23,345,127,6422591.2,Central,2026-09-30
1005680,50005680,Retail,Auto Loan,1094961.31,753,762,0,0,11.89,79,9,,South,2026-09-30
1005681,50005681,Retail,Auto Loan,1688426.24,823,794,0,0,13.81,59,50,1089720.02,East,2026-09-30
1005682,50005682,Corporate,Corporate Loan,74715402.83,755,710,0,0,10.49,56,15,,East,2026-09-30
1005683,50005683,Retail,Auto Loan,1448504.94,596,610,60,60,13.61,26,12,1718023.62,Central,2026-09-30
1005684,50005684,Retail,Mortgage,8835921.71,722,682,0,0,9.92,317,50,11362172.07,North,2026-09-30
1005685,50005685,SME,SME Loan,12006943.84,707,699,0,0,15.73,91,1,,East,2026-09-30
1005686,50005686,Retail,Personal Loan,1075159.35,674,651,75,75,19.72,45,13,,West,2026-09-30
1005687,50005687,Retail,Auto Loan,1989343.47,705,695,0,0,13.69,71,41,1560616.33,South,2026-09-30
1005688,50005688,SME,SME Loan,13579128.4,647,666,0,0,14.7,78,41,,South,2026-09-30
1005689,50005689,Corporate,Corporate Loan,37929232.87,566,619,60,90,8.07,134,58,,West,2026-09-30
1005690,50005690,Retail,Credit Card,361777.75,773,741,0,0,27.8,20,7,,East,2026-09-30
1005691,50005691,SME,SME Loan,1368226.8,623,596,0,0,15.0,106,71,,West,2026-09-30
1005692,50005692,SME,SME Loan,11381803.97,744,731,0,15,15.61,59,36,,Central,2026-09-30
1005693,50005693,Retail,Mortgage,9399809.59,716,726,0,15,8.68,276,244,14550008.13,Central,2026-09-30
1005694,50005694,Retail,Personal Loan,1639014.8,694,674,0,0,12.01,20,1,,North,2026-09-30
1005695,50005695,SME,SME Loan,11465890.42,656,643,0,15,11.81,112,38,,Central,2026-09-30
1005696,50005696,Retail,Mortgage,3551200.39,689,695,0,0,7.7,215,190,5347819.26,Central,2026-09-30
1005697,50005697,Retail,Credit Card,348903.25,554,568,75,90,27.86,17,14,,East,2026-09-30
1005698,50005698,Retail,Credit Card,372327.59,659,671,0,0,38.33,28,27,,South,2026-09-30
1005699,50005699,SME,Mortgage,11740288.29,762,796,30,45,7.21,159,105,12020667.85,North,2026-09-30
1005700,50005700,SME,SME Loan,13686886.98,716,735,0,0,13.62,109,24,,West,2026-09-30
1005701,50005701,Corporate,Mortgage,3196781.96,603,599,0,0,9.25,139,28,4097912.56,East,2026-09-30
1005702,50005702,Retail,Auto Loan,363109.43,593,572,0,0,9.77,50,37,403782.21,West,2026-09-30
1005703,50005703,Retail,Mortgage,1179160.41,719,755,15,15,9.55,151,46,1517371.36,West,2026-09-30
1005704,50005704,Retail,Mortgage,866337.85,705,690,90,90,9.74,340,121,932611.54,North,2026-09-30
1005705,50005705,Retail,Mortgage,1307593.92,687,698,30,60,9.65,163,105,1219700.68,West,2026-09-30
1005706,50005706,Retail,Mortgage,6674104.81,672,649,0,15,9.82,347,230,9574996.38,West,2026-09-30
1005707,50005707,Retail,Auto Loan,2958068.23,695,694,0,15,10.35,59,41,3401088.87,West,2026-09-30
1005708,50005708,Corporate,Mortgage,8899202.77,761,752,0,0,10.09,124,72,10811764.3,East,2026-09-30
1005709,50005709,Retail,Mortgage,9971204.79,779,789,0,0,8.91,314,301,14421728.14,West,2026-09-30
1005710,50005710,Retail,Mortgage,8029203.86,651,633,0,15,9.46,248,49,12086573.18,West,2026-09-30
1005711,50005711,SME,SME Loan,6268061.22,641,665,0,0,14.22,77,62,,West,2026-09-30
1005712,50005712,Retail,Mortgage,1719883.44,592,595,75,90,8.74,169,3,1765699.19,North,2026-09-30
1005713,50005713,SME,SME Loan,6584228.56,623,642,0,30,15.41,102,45,,West,2026-09-30
1005714,50005714,Retail,Auto Loan,3395761.82,654,648,0,15,10.16,59,21,3770661.5,North,2026-09-30
1005715,50005715,Retail,Credit Card,353627.91,741,724,0,30,28.0,27,22,,West,2026-09-30
1005716,50005716,Retail,Mortgage,733634.28,737,733,0,0,7.58,257,56,668713.35,South,2026-09-30
1005717,50005717,Retail,Personal Loan,1618578.15,696,701,0,15,12.09,27,22,,North,2026-09-30
1005718,50005718,SME,SME Loan,12693439.41,798,794,0,15,11.97,14,10,,West,2026-09-30
1005719,50005719,Retail,Auto Loan,267984.05,646,645,0,0,8.53,48,14,224532.17,South,2026-09-30
1005720,50005720,Retail,Mortgage,8784775.22,671,654,0,0,7.62,156,16,12645691.56,East,2026-09-30
1005721,50005721,Retail,Auto Loan,2960350.5,661,668,0,15,8.77,77,40,3279276.17,East,2026-09-30
1005722,50005722,Retail,Personal Loan,1195461.31,798,762,0,0,16.18,75,58,,West,2026-09-30
1005723,50005723,Retail,Credit Card,193736.41,580,589,30,30,34.59,15,4,,East,2026-09-30
1005724,50005724,SME,SME Loan,9347350.24,563,568,0,0,17.78,89,23,,North,2026-09-30
1005725,50005725,Retail,Auto Loan,906680.87,810,781,0,0,9.54,44,14,897540.91,North,2026-09-30
1005726,50005726,SME,SME Loan,8177361.19,480,488,60,75,14.26,83,20,,West,2026-09-30
1005727,50005727,Retail,Credit Card,52766.85,771,747,0,0,27.67,34,16,,South,2026-09-30
1005728,50005728,SME,SME Loan,12201206.79,750,775,0,0,10.52,68,3,,South,2026-09-30
1005729,50005729,Retail,Credit Card,412281.88,671,652,60,60,36.78,57,18,,West,2026-09-30
1005730,50005730,Retail,Credit Card,254818.93,810,781,0,0,31.83,44,28,,South,2026-09-30
1005731,50005731,Retail,Auto Loan,1178235.82,701,699,0,0,9.88,30,3,1210784.77,North,2026-09-30
1005732,50005732,Retail,Mortgage,10506793.09,628,615,30,15,8.65,332,129,15299140.5,Central,2026-09-30
1005733,50005733,Retail,Personal Loan,1971616.66,820,815,120,105,16.48,76,39,,South,2026-09-30
1005734,50005734,Retail,Auto Loan,1539250.15,679,683,90,75,13.95,78,43,1064387.02,South,2026-09-30
1005735,50005735,Retail,Mortgage,3548075.58,698,703,0,0,9.75,316,134,4039426.01,East,2026-09-30
1005736,50005736,Retail,Personal Loan,1329223.45,793,752,0,15,12.46,76,9,,East,2026-09-30
1005737,50005737,Retail,Mortgage,8713500.03,688,688,0,0,7.86,178,56,13447209.77,South,2026-09-30
1005738,50005738,Retail,Credit Card,327589.75,724,725,0,30,33.92,13,1,,East,2026-09-30
1005739,50005739,SME,SME Loan,2166718.41,701,703,0,15,14.33,48,24,,North,2026-09-30
1005740,50005740,Retail,Mortgage,1710999.69,687,706,0,0,8.24,319,150,2139800.54,West,2026-09-30
1005741,50005741,Retail,Mortgage,4921301.2,648,656,0,30,10.19,315,299,5801068.88,West,2026-09-30
1005742,50005742,Retail,Mortgage,4331317.52,800,839,0,15,7.99,215,89,5005486.64,West,2026-09-30
1005743,50005743,SME,Auto Loan,2437119.14,624,623,30,45,10.19,71,56,2690514.61,West,2026-09-30
1005744,50005744,Retail,Auto Loan,3326346.21,787,771,0,0,13.77,34,31,3982380.04,East,2026-09-30
1005745,50005745,Retail,Auto Loan,2462751.63,735,696,0,0,10.63,38,24,2735586.61,West,2026-09-30
1005746,50005746,Retail,Credit Card,116227.37,787,756,0,0,32.84,44,29,,North,2026-09-30
1005747,50005747,Retail,Personal Loan,1315776.59,666,668,0,0,15.5,84,6,,South,2026-09-30
1005748,50005748,Retail,Mortgage,8805252.55,694,653,0,0,9.34,246,150,9789651.02,South,2026-09-30
1005749,50005749,Corporate,Corporate Loan,36666701.4,767,762,0,15,13.96,76,24,,West,2026-09-30
1005750,50005750,SME,Auto Loan,3121468.74,820,816,0,30,9.59,76,14,3167263.3,North,2026-09-30
1005751,50005751,Retail,Mortgage,6351192.42,648,637,0,0,7.62,316,77,6521876.12,Central,2026-09-30
1005752,50005752,Retail,Mortgage,4490161.64,616,629,0,0,7.79,296,293,6286672.8,South,2026-09-30
1005753,50005753,Retail,Personal Loan,964077.04,706,739,0,15,19.99,42,20,,North,2026-09-30
1005754,50005754,Corporate,Corporate Loan,46647015.91,,629,0,0,8.08,112,28,,South,2026-09-30
1005755,50005755,Retail,Credit Card,199467.07,572,529,0,0,33.34,14,5,,West,2026-09-30
1005756,50005756,SME,SME Loan,14120056.51,,697,0,15,16.67,34,18,,North,2026-09-30
1005757,50005757,Retail,Auto Loan,1935215.5,697,708,0,0,11.65,68,14,1269219.93,South,2026-09-30
1005758,50005758,Retail,Personal Loan,1779486.59,669,688,0,0,12.36,47,39,,West,2026-09-30
1005759,50005759,Retail,Personal Loan,1654587.17,781,772,0,0,11.69,68,56,,West,2026-09-30
1005760,50005760,Retail,Mortgage,9944299.09,743,761,0,15,8.74,126,95,9060937.49,South,2026-09-30
1005761,50005761,Retail,Credit Card,433461.31,734,765,0,0,38.15,29,21,,East,2026-09-30
1005762,50005762,SME,SME Loan,499745.88,,691,0,0,10.41,83,56,,Central,2026-09-30
1005763,50005763,Retail,Auto Loan,2697841.64,713,718,45,30,8.89,57,56,2368229.04,Central,2026-09-30
1005764,50005764,Retail,Mortgage,5695926.89,628,633,0,0,8.86,152,115,7820732.81,East,2026-09-30
1005765,50005765,Retail,Mortgage,3323140.21,623,638,0,0,7.25,261,27,3562166.91,West,2026-09-30
1005766,50005766,Retail,Auto Loan,2242905.48,691,681,0,0,9.01,32,10,2411097.38,East,2026-09-30
1005767,50005767,Retail,Mortgage,10037759.67,730,723,0,15,7.75,209,80,12078778.29,South,2026-09-30
1005768,50005768,Retail,Personal Loan,1652995.85,614,601,180,195,18.37,61,16,,North,2026-09-30
1005769,50005769,Retail,Mortgage,5749727.91,633,691,0,0,8.35,250,27,5176116.49,North,2026-09-30
1005770,50005770,Retail,Auto Loan,2663383.47,693,676,15,30,13.02,31,31,3129165.67,North,2026-09-30
1005771,50005771,SME,SME Loan,12193182.55,776,766,0,0,10.01,36,27,,North,2026-09-30
1005772,50005772,Retail,Auto Loan,2541480.54,743,751,0,15,12.3,47,6,2499678.04,West,2026-09-30
1005773,50005773,Retail,Mortgage,1256849.75,667,686,90,120,8.02,160,87,1359905.66,West,2026-09-30
1005774,50005774,SME,SME Loan,8151800.58,813,827,0,0,11.15,81,2,,West,2026-09-30
1005775,50005775,Retail,Credit Card,451049.34,694,716,30,30,31.67,42,35,,South,2026-09-30
1005776,50005776,Retail,Auto Loan,2356273.4,663,657,0,30,12.35,56,13,1777976.26,North,2026-09-30
1005777,50005777,Retail,Auto Loan,2335143.27,651,662,0,0,11.4,80,28,2014439.44,South,2026-09-30
1005778,50005778,Retail,Mortgage,6515831.26,683,683,0,15,7.01,209,153,5717562.63,West,2026-09-30
1005779,50005779,Retail,Mortgage,8423775.04,697,670,0,0,7.61,261,95,10323593.54,North,2026-09-30
1005780,50005780,Retail,Credit Card,311457.33,722,726,60,75,30.2,13,13,,North,2026-09-30
1005781,50005781,Retail,Credit Card,274422.92,658,635,0,30,40.01,17,10,,West,2026-09-30
1005782,50005782,Retail,Auto Loan,1725619.47,743,752,0,0,9.03,53,17,1252725.38,West,2026-09-30
1005783,50005783,Corporate,Mortgage,5275516.22,713,733,0,0,7.4,347,166,5283547.21,North,2026-09-30
1005784,50005784,Retail,Mortgage,10522187.46,618,655,0,0,9.43,321,314,12907336.45,South,2026-09-30
1005785,50005785,SME,SME Loan,7167258.95,899,880,0,15,14.28,40,36,,South,2026-09-30
1005786,50005786,Retail,Personal Loan,1413003.35,778,760,0,0,19.08,23,2,,East,2026-09-30
1005787,50005787,Retail,Personal Loan,1754378.41,748,740,0,15,11.36,34,5,,South,2026-09-30
1005788,50005788,Retail,Personal Loan,1156419.17,597,612,0,0,14.31,69,9,,Central,2026-09-30
1005789,50005789,Retail,Auto Loan,2787505.15,702,675,0,0,13.74,52,11,2055720.1,North,2026-09-30
1005790,50005790,Retail,Mortgage,10859418.79,753,734,0,0,9.31,341,69,10743331.46,South,2026-09-30
1005791,50005791,Retail,Credit Card,322290.74,778,798,60,30,31.12,15,3,,South,2026-09-30
1005792,50005792,Retail,Mortgage,9709618.41,751,772,0,0,7.6,259,43,12734290.36,West,2026-09-30
1005793,50005793,Corporate,Corporate Loan,22198349.25,567,598,0,0,8.07,34,22,,North,2026-09-30
1005794,50005794,SME,SME Loan,2940570.61,762,747,0,0,10.33,14,9,,North,2026-09-30
1005795,50005795,Retail,Personal Loan,1109188.15,612,618,0,0,10.29,42,30,,West,2026-09-30
1005796,50005796,SME,SME Loan,11713437.17,802,795,0,0,15.73,106,32,,Central,2026-09-30
1005797,50005797,Retail,Personal Loan,1040743.37,863,823,0,0,12.63,36,7,,West,2026-09-30
1005798,50005798,Retail,Mortgage,6172299.88,644,639,0,15,8.88,172,147,5612119.88,West,2026-09-30
1005799,50005799,Retail,Mortgage,5937474.48,768,772,0,15,7.76,338,333,5304330.84,West,2026-09-30
1005800,50005800,Retail,Credit Card,355653.55,572,628,180,165,29.26,39,14,,East,2026-09-30
1005801,50005801,Retail,Mortgage,5246675.81,648,673,0,0,9.63,347,2,6602804.23,East,2026-09-30
1005802,50005802,SME,SME Loan,13961949.09,645,636,0,0,10.76,105,95,,North,2026-09-30
1005803,50005803,Retail,Credit Card,31428.58,492,477,0,0,34.99,26,26,,South,2026-09-30
1005804,50005804,Retail,Mortgage,10079622.32,900,889,0,30,7.01,198,36,10745591.02,West,2026-09-30
1005805,50005805,SME,SME Loan,8002393.05,806,775,0,0,14.99,22,4,,Central,2026-09-30
1005806,50005806,Retail,Auto Loan,1008503.44,772,740,0,30,12.16,60,18,659967.51,Central,2026-09-30
1005807,50005807,Retail,Credit Card,36795.38,821,812,0,30,35.03,34,18,,North,2026-09-30
1005808,50005808,Retail,Mortgage,5802682.6,716,697,0,0,7.12,178,137,6468490.21,West,2026-09-30
1005809,50005809,Retail,Mortgage,8871091.86,737,719,0,0,9.57,200,6,13370302.5,North,2026-09-30
1005810,50005810,Retail,Mortgage,9872672.4,699,702,0,0,10.25,125,115,13699668.65,East,2026-09-30
1005811,50005811,Retail,Mortgage,7885762.42,692,700,0,30,7.49,334,193,10484813.13,South,2026-09-30
1005812,50005812,Retail,Personal Loan,799136.4,603,602,75,75,17.72,31,17,,West,2026-09-30
1005813,50005813,Retail,Mortgage,6397774.15,883,871,0,0,8.09,204,108,6360712.12,East,2026-09-30
1005814,50005814,Retail,Credit Card,256625.44,727,739,0,0,36.33,31,18,,South,2026-09-30
1005815,50005815,Retail,Mortgage,9583882.54,642,670,0,0,9.18,203,32,10504750.93,South,2026-09-30
1005816,50005816,Retail,Credit Card,345452.9,499,533,0,15,38.13,28,23,,West,2026-09-30
1005817,50005817,Retail,Mortgage,7065754.06,730,723,0,15,9.01,270,194,9851772.46,Central,2026-09-30
1005818,50005818,Retail,Credit Card,490659.59,667,648,0,0,39.09,41,25,,East,2026-09-30
1005819,50005819,Retail,Credit Card,357805.37,611,595,0,0,26.26,31,13,,East,2026-09-30
1005820,50005820,Retail,Personal Loan,696277.44,692,655,0,15,19.81,20,13,,South,2026-09-30
1005821,50005821,Retail,Personal Loan,415221.2,738,735,0,30,14.62,22,2,,North,2026-09-30
1005822,50005822,SME,SME Loan,10306076.74,755,737,0,0,16.35,15,1,,South,2026-09-30
1005823,50005823,Retail,Personal Loan,1188958.54,652,621,0,15,17.93,42,9,,South,2026-09-30
1005824,50005824,Retail,Personal Loan,861180.36,631,619,0,30,10.44,49,34,,Central,2026-09-30
1005825,50005825,Retail,Mortgage,5800705.55,614,609,0,0,7.67,350,57,8223201.67,Central,2026-09-30
1005826,50005826,Retail,Personal Loan,276889.89,638,649,45,45,18.29,13,6,,South,2026-09-30
1005827,50005827,Retail,Mortgage,6176853.94,628,673,15,0,8.69,168,163,,South,2026-09-30
1005828,50005828,Retail,Auto Loan,3404416.88,713,738,0,0,9.69,31,31,3473497.48,West,2026-09-30
1005829,50005829,Retail,Personal Loan,375531.84,717,722,0,0,15.81,36,7,,Central,2026-09-30
1005830,50005830,Retail,Mortgage,8410581.32,717,730,0,15,9.31,187,143,12128746.84,Central,2026-09-30
1005831,50005831,Retail,Auto Loan,427419.13,753,778,0,0,11.24,63,30,494558.2,East,2026-09-30
1005832,50005832,Retail,Mortgage,2909722.39,646,641,0,0,8.64,236,121,4255324.73,North,2026-09-30
1005833,50005833,Retail,Personal Loan,207243.59,663,709,0,15,14.22,33,25,,West,2026-09-30
1005834,50005834,Retail,Auto Loan,783466.83,769,738,0,0,13.56,58,15,819224.21,West,2026-09-30
1005835,50005835,Retail,Mortgage,1693962.6,778,763,0,30,10.4,329,81,2266204.03,West,2026-09-30
1005836,50005836,Retail,Mortgage,9310648.71,615,621,0,0,8.04,296,35,9688046.39,East,2026-09-30
1005837,50005837,SME,SME Loan,3207431.54,780,820,0,15,16.22,29,11,,West,2026-09-30
1005838,50005838,Retail,Personal Loan,437182.18,603,651,0,0,17.7,74,61,,West,2026-09-30
1005839,50005839,Corporate,Corporate Loan,2885245.38,609,609,60,30,8.44,159,21,,South,2026-09-30
1005840,50005840,Retail,Personal Loan,983068.34,684,718,0,0,16.25,80,27,,North,2026-09-30
1005841,50005841,Retail,Credit Card,405585.76,763,772,0,0,41.96,25,8,,West,2026-09-30
1005842,50005842,SME,SME Loan,2539091.45,685,726,30,45,16.28,85,30,,South,2026-09-30
1005843,50005843,Retail,Auto Loan,1060057.54,689,684,0,0,11.36,38,29,1073763.96,South,2026-09-30
1005844,50005844,Retail,Mortgage,11610307.64,677,667,45,60,8.13,199,90,11807286.19,South,2026-09-30
1005845,50005845,Retail,Auto Loan,578300.02,752,729,0,0,9.17,67,44,525533.43,East,2026-09-30
1005846,50005846,SME,SME Loan,4558913.03,717,711,0,30,14.08,92,58,,Central,2026-09-30
1005847,50005847,Retail,Auto Loan,941115.62,717,690,0,0,12.67,28,14,687144.52,West,2026-09-30
1005848,50005848,Retail,Personal Loan,1101173.92,727,677,0,0,13.17,66,65,,West,2026-09-30
1005849,50005849,Retail,Auto Loan,1356489.09,657,644,0,0,9.59,55,35,1618363.48,North,2026-09-30
1005850,50005850,Retail,Mortgage,8897771.54,526,531,0,15,9.24,192,1,10649790.92,East,2026-09-30
1005851,50005851,Retail,Personal Loan,116849.59,789,767,0,0,12.48,60,53,,East,2026-09-30
1005852,50005852,Retail,Personal Loan,1632657.43,741,741,0,0,15.63,54,42,,East,2026-09-30
1005853,50005853,SME,Auto Loan,2098012.3,723,733,0,0,12.65,48,35,1763752.41,South,2026-09-30
1005854,50005854,Retail,Auto Loan,1663327.75,686,650,60,60,10.8,34,20,1643059.3,South,2026-09-30
1005855,50005855,SME,Auto Loan,239693.0,671,702,0,0,13.41,82,48,215241.12,West,2026-09-30
1005856,50005856,Retail,Mortgage,8751843.15,,705,0,30,7.84,138,35,7478369.57,South,2026-09-30
1005857,50005857,Retail,Mortgage,5607453.76,695,711,0,0,8.29,327,278,6275896.73,West,2026-09-30
1005858,50005858,Retail,Credit Card,125278.92,712,705,0,0,31.48,25,15,,South,2026-09-30
1005859,50005859,Corporate,Corporate Loan,43567103.37,702,698,0,0,10.15,162,135,,Central,2026-09-30
1005860,50005860,Retail,Credit Card,89984.19,733,742,0,0,33.91,27,20,,South,2026-09-30
1005861,50005861,Retail,Auto Loan,317218.52,797,754,0,0,12.58,30,20,267512.12,North,2026-09-30
1005862,50005862,Retail,Auto Loan,696061.08,807,783,0,15,11.2,31,11,486748.35,North,2026-09-30
1005863,50005863,Retail,Mortgage,560811.24,708,731,0,30,7.15,252,226,829755.77,North,2026-09-30
1005864,50005864,Retail,Personal Loan,715421.9,728,712,0,30,15.99,37,35,,South,2026-09-30
1005865,50005865,Retail,Personal Loan,1092818.8,600,602,0,0,12.31,29,7,,South,2026-09-30
1005866,50005866,Retail,Personal Loan,1676193.62,713,692,0,15,16.92,56,50,,East,2026-09-30
1005867,50005867,Corporate,Corporate Loan,26337031.73,674,705,0,0,9.18,164,153,,South,2026-09-30
1005868,50005868,Retail,Personal Loan,802733.26,538,540,45,60,16.62,48,17,,West,2026-09-30
1005869,50005869,Retail,Auto Loan,897874.18,800,788,0,0,10.22,77,20,575112.78,North,2026-09-30
1005870,50005870,Retail,Personal Loan,670285.08,723,700,0,0,12.07,60,56,,North,2026-09-30
1005871,50005871,Retail,Mortgage,827306.39,657,648,0,0,8.13,137,137,990792.55,North,2026-09-30
1005872,50005872,Retail,Personal Loan,69603.52,544,546,45,60,10.54,17,16,,North,2026-09-30
1005873,50005873,Retail,Personal Loan,1978422.02,702,677,0,0,16.52,39,8,,South,2026-09-30
1005874,50005874,Retail,Credit Card,191409.44,739,741,0,0,34.59,14,9,,North,2026-09-30
1005875,50005875,Retail,Mortgage,2602238.88,563,593,75,75,7.15,336,303,3740113.37,South,2026-09-30
1005876,50005876,SME,SME Loan,11532722.94,736,731,75,75,17.52,80,65,,North,2026-09-30
1005877,50005877,Retail,Auto Loan,2759281.16,761,724,0,30,13.72,62,54,2771276.13,East,2026-09-30
1005878,50005878,Retail,Mortgage,1447968.93,706,676,0,0,8.11,178,96,1341460.73,East,2026-09-30
1005879,50005879,Retail,Credit Card,371766.8,557,598,0,0,37.89,26,11,,East,2026-09-30
1005880,50005880,Retail,Credit Card,244740.23,596,614,0,0,31.13,37,23,,West,2026-09-30
1005881,50005881,Retail,Mortgage,9472328.06,779,779,0,0,8.07,131,53,13514256.59,South,2026-09-30
1005882,50005882,SME,SME Loan,14412957.57,598,648,15,0,13.51,67,31,,West,2026-09-30
1005883,50005883,Retail,Mortgage,8436583.53,555,598,0,0,8.7,200,20,7240067.11,East,2026-09-30
1005884,50005884,Retail,Personal Loan,1761034.24,658,651,0,30,16.75,32,14,,North,2026-09-30
1005885,50005885,Retail,Mortgage,10797540.5,762,808,0,0,7.27,171,63,14867558.35,North,2026-09-30
1005886,50005886,Retail,Auto Loan,2060888.03,705,705,,0,8.66,50,35,1873814.81,West,2026-09-30
1005887,50005887,Retail,Auto Loan,1989521.88,724,735,0,30,13.63,31,20,1870003.33,East,2026-09-30
1005888,50005888,Retail,Auto Loan,2147558.66,587,615,0,0,12.39,66,48,2045356.41,Central,2026-09-30
1005889,50005889,Retail,Auto Loan,1234042.57,694,683,0,15,12.02,68,15,1024382.2,South,2026-09-30
1005890,50005890,Retail,Mortgage,1919554.11,778,757,0,0,8.3,201,76,2732544.4,North,2026-09-30
1005891,50005891,Retail,Mortgage,9747312.9,672,677,0,0,7.39,326,219,14395154.63,South,2026-09-30
1005892,50005892,Retail,Personal Loan,1892707.01,802,799,0,0,18.53,82,53,,West,2026-09-30
1005893,50005893,SME,Mortgage,4011173.83,694,712,0,0,8.04,310,132,4641100.13,South,2026-09-30
1005894,50005894,SME,SME Loan,9010397.49,551,571,0,0,9.13,92,61,,West,2026-09-30
1005895,50005895,Corporate,Corporate Loan,28440260.12,745,709,0,0,9.91,26,8,,North,2026-09-30
1005896,50005896,Retail,Auto Loan,581336.84,619,635,0,15,9.23,37,37,430432.69,South,2026-09-30
1005897,50005897,Retail,Mortgage,8139657.08,779,806,0,15,9.48,161,2,9335694.73,West,2026-09-30
1005898,50005898,Retail,Mortgage,9819229.27,562,593,0,0,9.26,358,67,11377798.79,North,2026-09-30
1005899,50005899,Retail,Personal Loan,1264778.29,748,713,0,30,11.72,32,7,,West,2026-09-30
1005900,50005900,SME,SME Loan,2280224.31,619,627,180,180,9.92,40,38,,South,2026-09-30
1005901,50005901,Retail,Mortgage,6458338.79,771,773,0,30,8.5,179,67,5890580.89,West,2026-09-30
1005902,50005902,SME,SME Loan,11575385.84,804,803,0,0,16.2,16,12,,West,2026-09-30
1005903,50005903,Retail,Mortgage,1617302.97,560,551,45,30,7.11,216,52,1396579.63,West,2026-09-30
1005904,50005904,SME,SME Loan,12998452.15,768,767,0,15,16.33,64,37,,East,2026-09-30
1005905,50005905,Retail,Auto Loan,2271173.51,681,655,0,15,13.0,69,16,2686631.22,West,2026-09-30
1005906,50005906,Retail,Personal Loan,1904538.41,758,707,0,0,16.18,33,24,,West,2026-09-30
1005907,50005907,SME,SME Loan,4074938.56,606,611,0,0,14.96,110,110,,Central,2026-09-30
1005908,50005908,Retail,Credit Card,347777.14,568,580,30,30,35.0,24,15,,South,2026-09-30
1005909,50005909,Retail,Personal Loan,1661712.29,793,794,0,15,12.77,13,7,,North,2026-09-30
1005910,50005910,Retail,Mortgage,9282443.19,714,703,0,30,7.71,169,152,11910884.82,West,2026-09-30
1005911,50005911,SME,SME Loan,11285349.37,672,684,0,0,17.43,34,11,,East,2026-09-30
1005912,50005912,SME,Mortgage,5676867.5,711,673,0,0,7.02,355,229,8696248.71,South,2026-09-30
1005913,50005913,Retail,Auto Loan,2548188.08,599,598,0,0,8.75,27,16,2828283.77,South,2026-09-30
1005914,50005914,SME,SME Loan,12391547.51,693,691,0,0,15.17,110,81,,West,2026-09-30
1005915,50005915,Retail,Auto Loan,867672.04,688,713,0,0,11.32,83,61,678393.19,North,2026-09-30
1005916,50005916,Retail,Mortgage,930107.96,696,693,0,0,9.92,154,55,991874.66,West,2026-09-30
1005917,50005917,Retail,Auto Loan,1151227.08,706,711,0,0,8.13,32,28,1297209.38,West,2026-09-30
1005918,50005918,Retail,Auto Loan,2072863.24,582,601,0,0,10.28,53,26,1883640.16,West,2026-09-30
1005919,50005919,SME,SME Loan,8828662.88,697,709,0,0,11.6,96,60,,North,2026-09-30
1005920,50005920,Retail,Credit Card,375259.76,648,661,0,0,34.36,55,43,,Central,2026-09-30
1005921,50005921,Retail,Personal Loan,615647.6,663,651,0,0,15.43,43,22,,North,2026-09-30
1005922,50005922,Retail,Personal Loan,505281.64,713,748,0,0,17.93,44,23,,North,2026-09-30
1005923,50005923,Retail,Mortgage,7141128.03,664,670,45,30,9.72,336,94,9097364.59,West,2026-09-30
1005924,50005924,Retail,Credit Card,288270.39,588,611,0,15,28.93,27,22,,West,2026-09-30
1005925,50005925,SME,SME Loan,8704812.16,621,623,0,0,11.88,32,15,,West,2026-09-30
1005926,50005926,SME,SME Loan,7854439.74,653,636,75,90,10.42,86,37,,East,2026-09-30
1005927,50005927,Retail,Auto Loan,2839697.51,699,688,0,0,11.57,34,27,1985216.75,West,2026-09-30
1005928,50005928,Retail,Mortgage,2569680.36,693,717,30,30,9.47,151,16,3205641.03,South,2026-09-30
1005929,50005929,Retail,Personal Loan,1703574.3,623,626,0,0,10.04,40,25,,West,2026-09-30
1005930,50005930,Retail,Auto Loan,567654.32,581,615,45,30,8.08,55,34,502895.92,South,2026-09-30
1005931,50005931,Corporate,Mortgage,8028066.03,724,726,0,0,10.04,186,157,7822434.63,East,2026-09-30
1005932,50005932,Retail,Auto Loan,692953.48,661,661,0,0,12.26,68,50,687485.77,South,2026-09-30
1005933,50005933,SME,SME Loan,10386343.63,699,685,30,30,12.27,70,32,,West,2026-09-30
1005934,50005934,SME,SME Loan,999987.96,705,714,30,0,16.34,67,25,,South,2026-09-30
1005935,50005935,Retail,Mortgage,4162720.87,702,686,0,0,7.38,271,209,4563257.15,South,2026-09-30
1005936,50005936,Retail,Credit Card,102109.2,694,693,0,0,26.24,49,3,,South,2026-09-30
1005937,50005937,Retail,Mortgage,7210539.39,760,765,0,15,9.2,320,278,7800947.34,North,2026-09-30
1005938,50005938,Retail,Credit Card,303639.71,636,653,0,15,24.28,55,41,,South,2026-09-30
1005939,50005939,Retail,Mortgage,8216414.53,640,600,90,75,7.52,241,119,9120574.72,Central,2026-09-30
1005940,50005940,Retail,Credit Card,128844.14,727,727,0,0,29.03,27,23,,South,2026-09-30
1005941,50005941,Retail,Personal Loan,1914952.78,606,631,0,0,15.44,81,67,,North,2026-09-30
1005942,50005942,SME,SME Loan,11515073.95,792,755,0,15,10.43,52,49,,East,2026-09-30
1005943,50005943,Retail,Auto Loan,1021632.81,760,804,0,0,9.7,32,9,898538.04,South,2026-09-30
1005944,50005944,Retail,Mortgage,5773110.64,580,599,0,0,9.16,144,71,7776780.04,Central,2026-09-30
1005945,50005945,Retail,Personal Loan,698123.42,689,688,0,30,11.24,78,39,,Central,2026-09-30
1005946,50005946,SME,Mortgage,7831816.0,651,652,0,15,8.04,122,85,11868917.75,West,2026-09-30
1005947,50005947,Retail,Personal Loan,1058850.13,812,791,0,0,17.55,58,48,,West,2026-09-30
1005948,50005948,Retail,Credit Card,468692.65,684,666,0,0,24.6,59,23,,Central,2026-09-30
1005949,50005949,Retail,Credit Card,370628.92,821,789,0,0,39.16,44,38,,West,2026-09-30
1005950,50005950,Retail,Mortgage,11749645.97,641,667,0,0,7.71,280,103,15862025.96,East,2026-09-30
1005951,50005951,Retail,Auto Loan,1731339.38,711,675,15,15,8.97,44,36,1388408.6,North,2026-09-30
1005952,50005952,Retail,Mortgage,5903669.09,773,796,0,0,8.88,331,228,8917280.93,Central,2026-09-30
1005953,50005953,SME,SME Loan,9900642.07,614,602,0,0,15.65,110,27,,West,2026-09-30
1005954,50005954,Retail,Personal Loan,221440.59,746,734,0,15,15.1,69,65,,West,2026-09-30
1005955,50005955,Retail,Auto Loan,995521.77,734,750,0,15,8.28,39,2,864364.76,North,2026-09-30
1005956,50005956,Retail,Personal Loan,1861773.19,785,778,0,0,10.43,50,7,,West,2026-09-30
1005957,50005957,SME,SME Loan,3337882.29,752,746,45,45,17.82,99,99,,East,2026-09-30
1005958,50005958,Corporate,Corporate Loan,11939576.42,742,723,0,0,13.67,94,10,,West,2026-09-30
1005959,50005959,Retail,Mortgage,1875131.4,753,733,0,0,9.93,345,239,2527110.29,West,2026-09-30
1005960,50005960,Retail,Credit Card,80998.73,768,784,0,15,28.11,42,39,,South,2026-09-30
1005961,50005961,Retail,Personal Loan,1167269.46,676,664,0,0,12.99,24,13,,West,2026-09-30
1005962,50005962,Retail,Personal Loan,1840578.05,707,718,0,0,11.42,72,33,,North,2026-09-30
1005963,50005963,Retail,Credit Card,385896.09,634,634,90,90,34.25,41,13,,South,2026-09-30
1005964,50005964,Retail,Mortgage,6480764.14,800,801,0,0,8.29,248,42,7923998.52,Central,2026-09-30
1005965,50005965,SME,SME Loan,1955447.22,648,639,0,0,10.81,40,36,,South,2026-09-30
1005966,50005966,Retail,Personal Loan,1866552.61,711,712,0,0,19.73,25,3,,West,2026-09-30
1005967,50005967,Retail,Auto Loan,1578486.71,632,645,0,0,13.23,27,22,1100688.07,West,2026-09-30
1005968,50005968,Retail,Mortgage,3863225.73,706,674,0,0,7.74,297,133,5014744.62,East,2026-09-30
1005969,50005969,Retail,Credit Card,273691.65,611,664,0,0,27.7,37,3,,Central,2026-09-30
1005970,50005970,Retail,Auto Loan,3280616.85,740,723,0,0,13.75,28,28,2050402.66,South,2026-09-30
1005971,50005971,Retail,Personal Loan,476234.73,776,769,0,0,14.57,71,12,,Central,2026-09-30
1005972,50005972,SME,Auto Loan,1344976.51,724,735,0,0,8.83,73,69,974129.94,West,2026-09-30
1005973,50005973,Retail,Auto Loan,1021648.04,617,649,0,0,13.99,60,28,,Central,2026-09-30
1005974,50005974,Retail,Mortgage,10539461.74,741,751,0,15,7.83,306,70,9642109.14,West,2026-09-30
1005975,50005975,Retail,Personal Loan,1630297.95,660,687,0,0,16.85,42,4,,West,2026-09-30
1005976,50005976,Retail,Mortgage,5208789.61,693,672,0,30,7.65,196,160,5039195.79,South,2026-09-30
1005977,50005977,Retail,Mortgage,764094.86,641,642,0,15,9.09,125,35,831800.1,West,2026-09-30
1005978,50005978,Retail,Auto Loan,544242.62,686,710,0,0,8.8,44,33,544346.92,South,2026-09-30
1005979,50005979,Retail,Personal Loan,51611.41,755,775,0,0,12.96,56,16,,West,2026-09-30
1005980,50005980,SME,SME Loan,7591335.96,713,730,0,0,12.14,44,23,,North,2026-09-30
1005981,50005981,SME,SME Loan,14678123.77,689,695,0,0,9.11,56,16,,West,2026-09-30
1005982,50005982,Retail,Auto Loan,602747.19,667,703,0,0,10.2,47,30,475517.76,Central,2026-09-30
1005983,50005983,Corporate,Mortgage,3914113.31,620,638,45,75,10.31,334,218,3720176.97,Central,2026-09-30
1005984,50005984,Retail,Credit Card,475417.93,751,742,0,0,29.27,32,18,,Central,2026-09-30
1005985,50005985,Retail,Credit Card,318100.04,664,680,0,30,40.74,12,8,,North,2026-09-30
1005986,50005986,Retail,Personal Loan,1200770.47,708,699,60,30,12.03,78,8,,North,2026-09-30
1005987,50005987,SME,SME Loan,1074000.31,755,766,0,0,14.31,23,9,,East,2026-09-30
1005988,50005988,Retail,Personal Loan,1742409.66,710,727,0,0,18.36,35,17,,Central,2026-09-30
1005989,50005989,SME,Auto Loan,1063091.87,739,784,0,15,13.98,48,15,1180195.82,South,2026-09-30
1005990,50005990,Retail,Mortgage,6805593.5,690,672,0,0,9.04,310,117,7385460.54,South,2026-09-30
1005991,50005991,Retail,Credit Card,123422.31,741,740,0,0,38.41,31,1,,North,2026-09-30
1005992,50005992,Retail,Credit Card,188414.0,747,739,0,0,30.43,36,33,,East,2026-09-30
1005993,50005993,Retail,Personal Loan,1268874.65,675,721,45,15,13.88,39,33,,South,2026-09-30
1005994,50005994,Retail,Mortgage,2727816.58,810,807,0,0,8.57,186,162,4201460.0,South,2026-09-30
1005995,50005995,SME,SME Loan,10127581.04,612,613,0,0,13.09,39,22,,West,2026-09-30
1005996,50005996,Retail,Mortgage,8499542.72,,767,180,165,10.43,342,183,12763554.06,West,2026-09-30
1005997,50005997,Retail,Credit Card,248076.23,852,824,0,0,25.68,35,6,,South,2026-09-30
1005998,50005998,Retail,Personal Loan,387770.54,546,568,0,15,17.8,16,12,,North,2026-09-30
1005999,50005999,Retail,Mortgage,2694456.3,,723,0,30,7.38,349,324,4043006.94,West,2026-09-30
1006000,50006000,Retail,Auto Loan,310925.12,629,645,0,0,13.67,50,28,333849.96,West,2026-09-30
1006001,50006001,Retail,Personal Loan,375191.18,797,825,0,0,11.94,18,11,,East,2026-09-30
1006002,50006002,SME,SME Loan,10373303.0,626,645,0,0,12.91,66,27,,West,2026-09-30
1006003,50006003,SME,SME Loan,10966257.28,775,766,0,0,17.94,104,22,,North,2026-09-30
1006004,50006004,Retail,Mortgage,2267719.58,593,615,0,0,7.87,162,25,2775997.41,South,2026-09-30
1006005,50006005,Retail,Auto Loan,2714482.48,604,635,0,0,12.89,38,30,2984093.31,Central,2026-09-30
1006006,50006006,Retail,Mortgage,5831473.86,763,736,0,15,10.1,173,147,8674305.34,West,2026-09-30
1006007,50006007,Retail,Auto Loan,772259.41,819,837,0,15,8.98,43,28,862099.72,West,2026-09-30
1006008,50006008,Retail,Credit Card,136251.92,822,795,0,0,24.39,27,16,,South,2026-09-30
1006009,50006009,Retail,Personal Loan,1363440.91,686,662,0,0,12.06,32,30,,West,2026-09-30
1006010,50006010,Retail,Auto Loan,690763.01,846,817,0,0,11.51,31,19,699631.38,South,2026-09-30
1006011,50006011,Retail,Credit Card,200373.29,617,650,180,180,33.93,48,8,,Central,2026-09-30
1006012,50006012,Retail,Auto Loan,3394101.89,775,770,0,0,13.34,44,32,3912240.81,West,2026-09-30
1006013,50006013,SME,Auto Loan,2505289.1,706,707,0,15,12.53,54,38,2076052.04,South,2026-09-30
1006014,50006014,Retail,Credit Card,35457.44,629,644,75,75,35.4,34,18,,West,2026-09-30
1006015,50006015,Retail,Mortgage,2896928.92,666,638,0,0,9.86,273,183,3082021.28,West,2026-09-30
1006016,50006016,Retail,Mortgage,5144467.57,759,769,0,0,9.2,156,131,7468760.98,West,2026-09-30
1006017,50006017,Retail,Personal Loan,1925901.48,677,659,0,0,13.47,69,21,,North,2026-09-30
1006018,50006018,Retail,Personal Loan,1889393.51,715,717,0,30,10.01,24,20,,North,2026-09-30
1006019,50006019,Retail,Personal Loan,1171543.95,716,723,0,0,11.71,20,4,,South,2026-09-30
1006020,50006020,Retail,Auto Loan,938770.29,670,646,0,15,8.53,70,20,624356.67,West,2026-09-30
1006021,50006021,Retail,Auto Loan,2285462.92,869,805,0,0,13.72,80,18,1563802.41,West,2026-09-30
1006022,50006022,Retail,Personal Loan,1018034.3,615,622,0,0,10.57,62,20,,South,2026-09-30
1006023,50006023,Retail,Mortgage,5575616.02,686,688,0,15,7.47,300,261,6768936.94,North,2026-09-30
1006024,50006024,SME,SME Loan,13930481.4,724,739,0,0,14.84,61,17,,West,2026-09-30
1006025,50006025,SME,SME Loan,2731619.43,746,768,0,0,17.21,20,15,,Central,2026-09-30
1006026,50006026,Retail,Credit Card,456769.59,712,716,60,45,39.51,30,11,,West,2026-09-30
1006027,50006027,SME,Auto Loan,2329207.46,700,715,,0,9.88,45,36,2363492.54,West,2026-09-30
1006028,50006028,Retail,Auto Loan,1577755.99,634,636,0,0,9.61,30,24,1833356.72,South,2026-09-30
1006029,50006029,Retail,Mortgage,839175.83,681,678,0,15,9.38,310,46,1145632.73,South,2026-09-30
1006030,50006030,Retail,Mortgage,11245420.5,735,722,0,0,7.93,130,111,13746856.03,Central,2026-09-30
1006031,50006031,SME,Auto Loan,2503608.22,760,779,0,0,13.4,78,9,1939394.54,North,2026-09-30
1006032,50006032,Retail,Personal Loan,528565.61,734,743,0,0,18.38,62,62,,Central,2026-09-30
1006033,50006033,Retail,Auto Loan,2087140.45,859,831,0,0,13.86,26,20,1721767.78,West,2026-09-30
1006034,50006034,Retail,Personal Loan,1292031.67,603,628,0,0,11.9,77,55,,West,2026-09-30
1006035,50006035,Retail,Mortgage,11573627.13,790,775,0,15,8.18,227,207,15809126.43,West,2026-09-30
1006036,50006036,Retail,Personal Loan,1705804.06,709,703,0,0,16.41,37,37,,North,2026-09-30
1006037,50006037,Retail,Personal Loan,689532.48,675,677,0,15,17.35,70,38,,West,2026-09-30
1006038,50006038,Retail,Mortgage,1234364.56,689,692,0,0,9.02,256,118,1092502.18,West,2026-09-30
1006039,50006039,Retail,Auto Loan,1853298.36,811,774,0,0,13.53,42,8,1617091.31,South,2026-09-30
1006040,50006040,Retail,Personal Loan,113102.43,700,679,0,0,11.98,16,16,,West,2026-09-30
1006041,50006041,Corporate,Corporate Loan,15573985.78,596,611,0,0,10.88,83,47,,East,2026-09-30
1006042,50006042,Retail,Auto Loan,1368112.58,640,680,0,15,11.17,48,33,1161515.08,Central,2026-09-30
1006043,50006043,SME,SME Loan,12047248.15,753,716,,0,15.46,113,19,,East,2026-09-30
1006044,50006044,Retail,Personal Loan,1837526.98,651,618,90,90,16.79,30,12,,East,2026-09-30
1006045,50006045,Retail,Personal Loan,1743602.56,680,676,0,0,11.3,33,30,,South,2026-09-30
1006046,50006046,Retail,Mortgage,4419347.03,629,644,0,0,7.43,337,110,6527442.9,West,2026-09-30
1006047,50006047,Retail,Personal Loan,735319.79,705,733,0,15,10.5,69,30,,West,2026-09-30
1006048,50006048,Retail,Auto Loan,1705812.67,652,688,75,90,8.02,41,16,1253435.38,North,2026-09-30
1006049,50006049,Retail,Credit Card,375235.49,670,659,0,0,34.47,48,33,,West,2026-09-30
1006050,50006050,Retail,Mortgage,537526.85,645,618,0,0,10.45,148,102,652690.2,North,2026-09-30
1006051,50006051,Retail,Credit Card,187377.28,849,865,0,0,36.72,53,28,,South,2026-09-30
1006052,50006052,Retail,Personal Loan,1335762.25,672,698,0,0,11.08,54,23,,East,2026-09-30
1006053,50006053,Retail,Credit Card,95621.46,747,758,0,0,35.17,36,17,,West,2026-09-30
1006054,50006054,SME,Mortgage,6778189.19,679,699,0,0,9.66,330,320,8703868.96,West,2026-09-30
1006055,50006055,Retail,Credit Card,411848.95,669,672,0,15,29.64,56,17,,South,2026-09-30
1006056,50006056,SME,SME Loan,13183474.41,633,624,0,0,15.11,92,33,,West,2026-09-30
1006057,50006057,Corporate,Corporate Loan,12311905.98,679,723,0,30,10.37,157,51,,East,2026-09-30
1006058,50006058,Retail,Auto Loan,2521552.37,592,635,0,0,9.97,36,9,2957932.97,North,2026-09-30
1006059,50006059,Retail,Personal Loan,1708964.66,836,851,0,0,15.84,12,2,,East,2026-09-30
1006060,50006060,Retail,Personal Loan,1570813.66,729,702,0,0,11.08,52,39,,West,2026-09-30
1006061,50006061,SME,SME Loan,9381830.63,688,690,0,15,9.77,65,17,,East,2026-09-30
1006062,50006062,Retail,Auto Loan,2527004.64,755,732,0,0,11.78,80,78,2422937.18,West,2026-09-30
1006063,50006063,Retail,Personal Loan,728039.67,716,713,0,15,11.71,72,27,,South,2026-09-30
1006064,50006064,Retail,Personal Loan,1630486.49,781,750,0,0,18.28,27,12,,East,2026-09-30
1006065,50006065,Retail,Personal Loan,1239696.56,707,710,0,15,15.59,46,18,,Central,2026-09-30
1006066,50006066,Corporate,Corporate Loan,61133988.75,632,644,0,0,13.51,62,26,,South,2026-09-30
1006067,50006067,SME,SME Loan,14935595.89,839,795,0,0,11.97,101,24,,Central,2026-09-30
1006068,50006068,Retail,Personal Loan,1771234.34,652,676,0,0,14.94,78,52,,South,2026-09-30
1006069,50006069,Retail,Credit Card,191099.71,655,650,0,0,28.95,12,6,,North,2026-09-30
1006070,50006070,Retail,Auto Loan,214693.64,731,746,,0,12.08,69,22,250872.07,East,2026-09-30
1006071,50006071,Retail,Personal Loan,776892.3,787,786,0,15,12.22,40,15,,West,2026-09-30
1006072,50006072,Retail,Mortgage,11595415.69,600,561,0,0,7.14,121,24,16594349.47,South,2026-09-30
1006073,50006073,Retail,Mortgage,9361274.48,702,684,0,15,9.08,148,82,12546481.65,East,2026-09-30
1006074,50006074,Retail,Personal Loan,415544.83,641,644,0,0,17.71,51,8,,North,2026-09-30
1006075,50006075,Corporate,Corporate Loan,18783914.16,656,684,0,15,8.27,93,46,,West,2026-09-30
1006076,50006076,Retail,Credit Card,432015.38,769,743,0,0,27.9,25,17,,South,2026-09-30
1006077,50006077,Retail,Mortgage,9016056.64,715,714,0,0,10.16,182,51,8667859.3,South,2026-09-30
1006078,50006078,Retail,Auto Loan,2855263.6,691,711,0,30,12.19,55,44,2746719.4,South,2026-09-30
1006079,50006079,Retail,Credit Card,134336.24,721,694,0,0,30.4,29,24,,North,2026-09-30
1006080,50006080,Retail,Auto Loan,2714146.0,712,713,0,0,9.99,80,36,2049291.39,North,2026-09-30
1006081,50006081,Retail,Credit Card,388571.44,866,866,0,0,36.82,16,11,,West,2026-09-30
1006082,50006082,SME,SME Loan,12761012.23,571,554,0,0,16.68,100,87,,North,2026-09-30
1006083,50006083,SME,Auto Loan,2535685.82,788,788,0,0,9.47,51,40,1738926.02,East,2026-09-30
1006084,50006084,Retail,Auto Loan,2074689.23,779,789,0,0,12.14,28,28,1593506.98,East,2026-09-30
1006085,50006085,Retail,Credit Card,102466.5,723,699,0,0,39.42,53,18,,Central,2026-09-30
1006086,50006086,Retail,Credit Card,13148.61,727,732,0,0,32.18,48,13,,North,2026-09-30
1006087,50006087,Retail,Personal Loan,478867.98,689,699,0,15,16.98,39,24,,North,2026-09-30
1006088,50006088,Retail,Auto Loan,1705737.08,624,636,0,0,8.22,46,27,1351878.04,Central,2026-09-30
1006089,50006089,SME,SME Loan,5811894.61,629,604,0,0,17.36,88,81,,West,2026-09-30
1006090,50006090,Retail,Personal Loan,201396.64,777,775,0,0,12.7,61,25,,North,2026-09-30
1006091,50006091,Retail,Auto Loan,2643275.35,721,682,0,0,11.23,71,33,2545876.2,West,2026-09-30
1006092,50006092,SME,SME Loan,6995081.52,782,775,0,0,9.75,70,32,,West,2026-09-30
1006093,50006093,Retail,Personal Loan,620318.44,762,720,0,0,16.78,70,7,,South,2026-09-30
1006094,50006094,SME,SME Loan,4136112.28,779,807,0,0,12.46,33,11,,North,2026-09-30
1006095,50006095,Retail,Credit Card,48006.49,672,682,0,30,26.82,47,14,,South,2026-09-30
1006096,50006096,Retail,Credit Card,259382.16,712,703,0,0,34.39,13,10,,West,2026-09-30
1006097,50006097,Retail,Credit Card,375283.13,660,677,0,0,35.52,36,4,,West,2026-09-30
1006098,50006098,SME,SME Loan,8440222.94,655,689,0,0,14.57,59,33,,West,2026-09-30
1006099,50006099,Corporate,Corporate Loan,55486143.8,587,594,0,15,7.87,78,29,,East,2026-09-30
1006100,50006100,Retail,Mortgage,5399677.21,768,733,0,0,7.62,324,286,5790318.16,West,2026-09-30
1006101,50006101,Retail,Mortgage,9865974.94,700,707,0,0,9.27,250,245,13152302.26,Central,2026-09-30
1006102,50006102,Retail,Personal Loan,1958116.47,765,742,0,30,12.26,44,19,,South,2026-09-30
1006103,50006103,Retail,Auto Loan,3070496.32,679,708,0,0,9.1,48,3,1999070.34,Central,2026-09-30
1006104,50006104,Retail,Auto Loan,442857.55,640,648,0,15,10.32,54,54,372760.94,West,2026-09-30
1006105,50006105,Retail,Personal Loan,1892861.18,640,682,0,0,12.71,65,64,,South,2026-09-30
1006106,50006106,Retail,Personal Loan,883060.93,740,762,0,0,12.48,83,62,,South,2026-09-30
1006107,50006107,Retail,Auto Loan,3222820.4,714,685,120,135,13.19,31,31,2315703.53,West,2026-09-30
1006108,50006108,Retail,Personal Loan,496334.22,734,736,0,0,11.76,47,36,,West,2026-09-30
1006109,50006109,Retail,Mortgage,11376810.01,721,699,0,30,8.26,179,40,11630730.5,South,2026-09-30
1006110,50006110,Retail,Personal Loan,1317660.68,640,624,0,0,16.86,46,21,,East,2026-09-30
1006111,50006111,Retail,Mortgage,11558791.4,664,730,0,0,7.81,340,38,16114479.49,East,2026-09-30
1006112,50006112,Retail,Credit Card,238545.35,627,619,0,0,31.51,18,18,,West,2026-09-30
1006113,50006113,SME,SME Loan,14740827.06,771,775,0,0,9.31,46,45,,West,2026-09-30
1006114,50006114,Retail,Personal Loan,898180.85,833,849,0,0,19.03,36,10,,East,2026-09-30
1006115,50006115,Retail,Auto Loan,3341606.71,633,650,45,15,11.84,54,32,3480618.19,West,2026-09-30
1006116,50006116,Corporate,Corporate Loan,64021158.92,647,639,0,0,12.16,48,39,,West,2026-09-30
1006117,50006117,Retail,Mortgage,2729206.88,695,715,0,0,7.81,175,64,4090190.73,Central,2026-09-30
1006118,50006118,Retail,Auto Loan,1990687.95,642,649,0,15,12.57,75,13,2360497.99,South,2026-09-30
1006119,50006119,Retail,Auto Loan,3299690.59,658,651,0,15,13.93,55,40,3361178.95,South,2026-09-30
1006120,50006120,Retail,Mortgage,10779219.06,730,755,0,15,7.61,258,105,16655872.17,West,2026-09-30
1006121,50006121,Retail,Personal Loan,1402455.3,719,690,0,0,18.32,69,69,,South,2026-09-30
1006122,50006122,Retail,Mortgage,1350923.45,696,694,0,0,8.49,185,137,1757607.56,East,2026-09-30
1006123,50006123,Retail,Credit Card,499101.88,714,732,0,0,35.04,49,42,,Central,2026-09-30
1006124,50006124,Corporate,Corporate Loan,29606816.8,800,783,0,0,10.33,38,2,,Central,2026-09-30
1006125,50006125,SME,SME Loan,3258558.89,677,668,0,0,14.06,27,6,,Central,2026-09-30
1006126,50006126,Retail,Personal Loan,1778218.72,810,818,0,0,17.57,47,36,,West,2026-09-30
1006127,50006127,Corporate,Mortgage,2876378.65,550,580,45,60,7.67,275,258,3623445.76,East,2026-09-30
1006128,50006128,Retail,Mortgage,972095.27,790,775,0,0,9.31,295,220,989500.15,South,2026-09-30
1006129,50006129,SME,SME Loan,6044500.6,646,652,0,0,12.02,106,43,,North,2026-09-30
1006130,50006130,Corporate,Mortgage,10817410.27,638,656,15,15,8.79,315,233,10169798.78,South,2026-09-30
1006131,50006131,Retail,Mortgage,7909125.12,726,730,0,0,8.4,302,138,10748565.04,South,2026-09-30
1006132,50006132,Corporate,Corporate Loan,31742146.11,597,608,0,0,11.71,151,131,,South,2026-09-30
1006133,50006133,Retail,Auto Loan,874499.61,681,684,60,60,9.12,37,9,653813.42,South,2026-09-30
1006134,50006134,SME,SME Loan,8560953.59,591,572,60,75,9.86,119,69,,East,2026-09-30
1006135,50006135,Retail,Mortgage,9300498.55,788,792,0,0,8.27,286,163,11965535.88,East,2026-09-30
1006136,50006136,Retail,Personal Loan,1838359.89,747,743,0,15,10.57,31,1,,Central,2026-09-30
1006137,50006137,Retail,Auto Loan,591314.68,606,637,60,75,13.9,29,10,417518.9,West,2026-09-30
1006138,50006138,Retail,Credit Card,448930.11,785,779,0,0,36.75,45,28,,West,2026-09-30
1006139,50006139,Retail,Auto Loan,1191907.63,738,717,0,0,8.55,41,40,862286.43,West,2026-09-30
1006140,50006140,Retail,Mortgage,4288353.9,709,694,0,15,10.46,224,69,5033707.91,South,2026-09-30
1006141,50006141,Retail,Personal Loan,596625.46,784,749,0,0,12.0,27,24,,West,2026-09-30
1006142,50006142,Retail,Personal Loan,1603935.35,600,603,0,0,16.01,22,19,,West,2026-09-30
1006143,50006143,Retail,Credit Card,6096.81,528,551,15,15,30.98,12,8,,West,2026-09-30
1006144,50006144,Retail,Personal Loan,1221319.93,789,806,0,15,15.55,40,9,,East,2026-09-30
1006145,50006145,SME,SME Loan,11965859.78,650,645,60,60,15.38,91,7,,West,2026-09-30
1006146,50006146,SME,Mortgage,8947091.07,695,653,60,60,10.43,143,140,12069980.02,North,2026-09-30
1006147,50006147,SME,SME Loan,11883601.23,655,681,0,0,11.11,98,42,,West,2026-09-30
1006148,50006148,Retail,Auto Loan,2715371.5,727,710,0,30,9.19,44,4,2384176.79,West,2026-09-30
1006149,50006149,Corporate,Corporate Loan,27188560.73,,690,30,15,10.7,127,75,,East,2026-09-30
1006150,50006150,Retail,Auto Loan,2324264.49,743,712,0,15,10.42,54,4,2747238.59,South,2026-09-30
1006151,50006151,Retail,Personal Loan,1536385.42,608,615,30,30,19.15,74,54,,South,2026-09-30
1006152,50006152,SME,SME Loan,11315324.17,775,750,0,15,10.77,58,57,,Central,2026-09-30
1006153,50006153,Retail,Auto Loan,1772916.06,726,734,0,0,9.99,79,23,1565884.84,South,2026-09-30
1006154,50006154,Retail,Auto Loan,3084569.21,547,507,0,0,12.32,44,8,1898628.89,South,2026-09-30
1006155,50006155,Retail,Personal Loan,1881393.34,561,574,30,30,18.23,66,7,,Central,2026-09-30
1006156,50006156,Retail,Mortgage,9083279.88,665,697,0,30,9.05,212,82,12724667.04,West,2026-09-30
1006157,50006157,Retail,Auto Loan,441151.38,630,639,0,15,9.06,57,2,292021.19,South,2026-09-30
1006158,50006158,Retail,Mortgage,4428483.35,664,663,0,0,9.56,153,92,5627842.5,South,2026-09-30
1006159,50006159,Retail,Personal Loan,1914116.03,833,793,75,90,17.96,84,79,,North,2026-09-30
1006160,50006160,Corporate,Corporate Loan,48737935.22,601,616,45,30,11.61,103,79,,East,2026-09-30
1006161,50006161,Retail,Mortgage,2164862.84,767,778,0,0,10.41,285,274,2811096.69,North,2026-09-30
1006162,50006162,Retail,Auto Loan,1621658.26,708,710,0,15,8.93,75,65,1884229.57,South,2026-09-30
1006163,50006163,Retail,Personal Loan,870255.22,641,668,0,15,16.36,68,18,,South,2026-09-30
1006164,50006164,SME,SME Loan,7486453.94,656,654,60,60,16.32,110,68,,West,2026-09-30
1006165,50006165,Retail,Personal Loan,1250634.59,658,666,0,0,14.62,28,25,,North,2026-09-30
1006166,50006166,SME,SME Loan,7427097.8,687,695,0,15,17.18,57,40,,Central,2026-09-30
1006167,50006167,Corporate,Corporate Loan,14644831.82,782,761,0,0,12.98,65,30,,South,2026-09-30
1006168,50006168,Retail,Mortgage,8031790.25,703,708,0,0,7.76,255,100,7467124.39,East,2026-09-30
1006169,50006169,Retail,Personal Loan,706081.41,642,679,0,15,12.35,23,16,,South,2026-09-30
1006170,50006170,Retail,Mortgage,859584.44,709,691,0,0,7.08,166,23,855229.82,Central,2026-09-30
1006171,50006171,Corporate,Corporate Loan,23364582.43,766,815,0,0,9.49,51,6,,South,2026-09-30
1006172,50006172,Corporate,Corporate Loan,19562694.18,,707,0,30,10.89,71,70,,South,2026-09-30
1006173,50006173,Retail,Auto Loan,2809485.75,645,659,0,0,9.16,65,34,3028045.47,Central,2026-09-30
1006174,50006174,SME,SME Loan,3065628.69,593,621,0,0,16.08,46,42,,North,2026-09-30
1006175,50006175,SME,Mortgage,1420567.69,768,740,0,0,10.03,333,66,1965521.31,West,2026-09-30
1006176,50006176,Retail,Mortgage,4173204.52,837,839,0,0,7.81,158,65,4558340.35,East,2026-09-30
1006177,50006177,SME,Mortgage,3196651.28,675,658,0,0,8.39,159,39,4474552.31,East,2026-09-30
1006178,50006178,SME,SME Loan,10288992.82,702,714,0,0,11.94,52,30,,West,2026-09-30
1006179,50006179,Retail,Personal Loan,1598087.9,653,649,180,150,18.93,64,61,,West,2026-09-30
1006180,50006180,Corporate,Corporate Loan,60500254.01,630,639,0,0,11.88,30,5,,South,2026-09-30
1006181,50006181,Retail,Auto Loan,1757461.26,686,716,15,15,11.6,83,1,2053677.12,North,2026-09-30
1006182,50006182,Corporate,Corporate Loan,34537250.05,872,844,0,0,9.39,64,52,,North,2026-09-30
1006183,50006183,Retail,Auto Loan,918788.0,573,581,30,30,8.19,39,7,715813.41,West,2026-09-30
1006184,50006184,Retail,Mortgage,8833911.88,727,739,0,0,10.28,248,32,12369213.0,East,2026-09-30
1006185,50006185,SME,SME Loan,12353617.32,697,680,0,0,9.42,55,12,,West,2026-09-30
1006186,50006186,Retail,Credit Card,40013.97,626,629,0,30,38.04,17,10,,South,2026-09-30
1006187,50006187,Retail,Personal Loan,1857629.41,615,634,0,0,16.88,49,4,,North,2026-09-30
1006188,50006188,Retail,Personal Loan,524374.62,716,713,0,15,10.56,40,23,,Central,2026-09-30
1006189,50006189,Corporate,Mortgage,8522159.06,698,736,0,0,8.59,227,69,10704300.27,East,2026-09-30
1006190,50006190,Retail,Credit Card,322341.95,683,690,15,15,34.16,60,40,,North,2026-09-30
1006191,50006191,Retail,Mortgage,11080082.68,762,775,0,0,7.63,149,13,14702391.62,North,2026-09-30
1006192,50006192,Retail,Auto Loan,1176470.85,731,724,0,0,8.65,37,28,843106.71,South,2026-09-30
1006193,50006193,Retail,Mortgage,4877141.32,777,802,0,0,8.33,285,260,6907728.85,East,2026-09-30
1006194,50006194,Retail,Personal Loan,1716440.62,742,754,0,0,13.11,38,35,,South,2026-09-30
1006195,50006195,Retail,Mortgage,7376278.99,656,654,0,15,10.1,286,66,7774764.84,South,2026-09-30
1006196,50006196,SME,SME Loan,8482683.98,627,610,30,30,14.39,18,13,,South,2026-09-30
1006197,50006197,Retail,Auto Loan,2217259.38,761,776,0,30,12.39,40,11,1390697.22,East,2026-09-30
1006198,50006198,Retail,Personal Loan,171064.31,795,775,0,0,16.77,79,37,,South,2026-09-30
1006199,50006199,Retail,Personal Loan,1427333.23,671,698,0,30,19.71,64,29,,West,2026-09-30
1006200,50006200,Retail,Credit Card,20514.59,747,733,0,15,28.19,39,29,,North,2026-09-30
1006201,50006201,Retail,Auto Loan,1904447.45,798,828,0,0,13.57,75,25,1670667.1,West,2026-09-30
1006202,50006202,Retail,Personal Loan,685439.78,711,711,0,0,16.49,17,2,,South,2026-09-30
1006203,50006203,Retail,Auto Loan,3090931.02,739,726,0,30,12.91,76,72,3408908.0,North,2026-09-30
1006204,50006204,Retail,Mortgage,3392964.26,749,729,0,30,9.59,173,71,4680297.26,West,2026-09-30
1006205,50006205,Retail,Personal Loan,1752008.03,722,738,45,60,19.08,76,30,,South,2026-09-30
1006206,50006206,Retail,Auto Loan,486693.57,573,595,0,0,11.07,41,20,380466.68,South,2026-09-30
1006207,50006207,Retail,Credit Card,162634.01,633,637,0,0,35.76,47,31,,South,2026-09-30
1006208,50006208,Retail,Auto Loan,1199076.68,645,664,0,0,9.1,24,21,732684.16,South,2026-09-30
1006209,50006209,Retail,Personal Loan,997895.95,647,651,0,0,12.09,62,48,,South,2026-09-30
1006210,50006210,Retail,Auto Loan,641906.39,739,742,0,0,9.57,50,40,515829.6,North,2026-09-30
1006211,50006211,Retail,Personal Loan,777847.54,680,706,0,0,17.0,79,47,,Central,2026-09-30
1006212,50006212,Retail,Credit Card,64595.12,744,733,0,0,40.07,54,46,,West,2026-09-30
1006213,50006213,Retail,Auto Loan,1352132.04,720,701,45,45,12.55,66,13,1529505.92,West,2026-09-30
1006214,50006214,Retail,Mortgage,5087313.5,665,626,0,0,7.68,351,83,7192492.96,West,2026-09-30
1006215,50006215,Retail,Auto Loan,1705362.9,641,665,0,0,13.64,51,30,1720557.9,North,2026-09-30
1006216,50006216,SME,SME Loan,14489667.67,758,773,0,0,17.29,65,64,,North,2026-09-30
1006217,50006217,Retail,Mortgage,3872873.15,,733,0,0,9.58,228,225,5917240.62,West,2026-09-30
1006218,50006218,SME,SME Loan,2601947.11,704,710,0,15,17.59,97,73,,West,2026-09-30
1006219,50006219,Retail,Auto Loan,736618.85,688,703,0,0,9.72,51,6,464450.05,South,2026-09-30
1006220,50006220,Retail,Personal Loan,717073.8,692,674,15,0,10.16,17,2,,North,2026-09-30
1006221,50006221,Retail,Auto Loan,464164.38,748,733,15,0,13.91,61,28,388761.52,South,2026-09-30
1006222,50006222,Retail,Auto Loan,2501252.4,752,746,0,0,11.16,72,49,1683674.26,West,2026-09-30
1006223,50006223,Retail,Credit Card,174050.59,629,614,0,0,35.32,36,34,,West,2026-09-30
1006224,50006224,SME,SME Loan,12579962.85,862,859,0,0,10.53,72,71,,Central,2026-09-30
1006225,50006225,Retail,Mortgage,1246738.67,745,761,0,15,7.49,173,13,1226514.48,North,2026-09-30
1006226,50006226,Retail,Credit Card,228051.26,636,626,30,0,28.27,19,9,,North,2026-09-30
1006227,50006227,Retail,Auto Loan,537136.85,757,762,0,0,12.08,45,1,382760.55,North,2026-09-30
1006228,50006228,Retail,Credit Card,93862.06,677,686,15,45,38.88,33,24,,South,2026-09-30
1006229,50006229,SME,SME Loan,2005723.84,712,706,15,45,16.62,104,38,,West,2026-09-30
1006230,50006230,Retail,Personal Loan,839253.32,707,708,0,0,10.39,12,11,,East,2026-09-30
1006231,50006231,Retail,Personal Loan,332719.98,474,541,0,0,13.52,45,35,,North,2026-09-30
1006232,50006232,Retail,Personal Loan,1277860.63,749,717,0,0,11.1,34,4,,West,2026-09-30
1006233,50006233,Retail,Auto Loan,739794.33,753,748,0,15,8.78,49,27,570560.29,West,2026-09-30
1006234,50006234,Retail,Credit Card,6509.66,698,708,0,15,38.92,34,34,,North,2026-09-30
1006235,50006235,Retail,Personal Loan,217352.83,696,707,45,60,14.94,35,13,,South,2026-09-30
1006236,50006236,SME,Auto Loan,1751120.77,691,685,0,30,10.28,24,23,1837131.59,South,2026-09-30
1006237,50006237,Retail,Personal Loan,95730.68,671,689,0,0,11.89,79,57,,East,2026-09-30
1006238,50006238,Retail,Personal Loan,1129188.84,662,615,0,0,11.44,13,6,,North,2026-09-30
1006239,50006239,SME,Mortgage,5929038.59,590,597,0,30,7.29,121,51,8711913.71,South,2026-09-30
1006240,50006240,Retail,Mortgage,10919168.09,674,717,75,90,8.45,266,170,12788916.77,South,2026-09-30
1006241,50006241,Retail,Mortgage,6000039.52,769,768,0,0,9.7,335,216,8484627.65,South,2026-09-30
1006242,50006242,Retail,Mortgage,11766586.2,719,735,0,0,8.94,146,117,13839377.96,North,2026-09-30
1006243,50006243,Retail,Personal Loan,1374989.38,749,744,60,60,16.34,64,56,,Central,2026-09-30
1006244,50006244,SME,Auto Loan,2009333.27,672,698,0,0,9.23,71,57,1428480.78,North,2026-09-30
1006245,50006245,Retail,Personal Loan,654810.57,768,782,0,0,12.59,84,3,,South,2026-09-30
1006246,50006246,Retail,Personal Loan,403806.96,712,714,0,0,18.37,72,62,,South,2026-09-30
1006247,50006247,Retail,Mortgage,9216026.23,697,699,30,45,7.88,202,50,10106120.63,North,2026-09-30
1006248,50006248,Retail,Credit Card,292781.31,725,736,0,15,38.24,19,2,,West,2026-09-30
1006249,50006249,Retail,Mortgage,806157.75,642,657,0,0,10.47,306,258,1145585.36,North,2026-09-30
1006250,50006250,SME,SME Loan,643154.08,787,791,0,0,14.4,114,9,,South,2026-09-30
1006251,50006251,Retail,Credit Card,318956.02,809,822,0,0,39.23,34,17,,North,2026-09-30
1006252,50006252,Retail,Auto Loan,2274867.21,686,679,0,0,8.85,35,11,2710801.31,West,2026-09-30
1006253,50006253,Retail,Credit Card,446033.01,477,496,45,60,32.86,46,3,,East,2026-09-30
1006254,50006254,Retail,Personal Loan,1336194.32,678,703,75,75,12.71,66,21,,South,2026-09-30
1006255,50006255,Retail,Personal Loan,1242283.1,682,697,0,0,13.86,23,19,,Central,2026-09-30
1006256,50006256,Retail,Personal Loan,177425.23,731,735,0,0,19.04,74,27,,Central,2026-09-30
1006257,50006257,Retail,Mortgage,2314695.09,628,654,0,15,9.39,247,163,2883973.39,South,2026-09-30
1006258,50006258,Retail,Personal Loan,1443452.86,676,682,30,45,12.6,62,10,,South,2026-09-30
1006259,50006259,Retail,Auto Loan,1812185.43,832,823,0,0,10.87,30,3,1125434.79,North,2026-09-30
1006260,50006260,Retail,Auto Loan,2130310.71,708,712,0,0,8.85,24,9,1814692.95,South,2026-09-30
1006261,50006261,SME,SME Loan,715449.75,652,625,0,0,16.34,83,47,,North,2026-09-30
1006262,50006262,Retail,Mortgage,8697128.72,,690,0,0,7.35,131,12,8432098.22,South,2026-09-30
1006263,50006263,SME,Mortgage,6661976.41,694,748,60,75,8.18,210,112,9134278.32,South,2026-09-30
1006264,50006264,Retail,Mortgage,7645941.44,609,668,45,15,7.79,138,126,9866117.81,West,2026-09-30
1006265,50006265,Corporate,Mortgage,4626127.13,712,710,0,0,9.25,160,14,5670988.09,North,2026-09-30
1006266,50006266,Retail,Personal Loan,623156.42,701,741,120,150,13.21,81,60,,South,2026-09-30
1006267,50006267,Retail,Auto Loan,3343156.04,718,728,60,60,11.6,58,49,2605543.97,South,2026-09-30
1006268,50006268,Retail,Personal Loan,213855.37,676,660,0,0,15.51,33,23,,West,2026-09-30
1006269,50006269,Retail,Mortgage,9118115.69,758,757,0,0,9.53,215,50,11090835.32,West,2026-09-30
1006270,50006270,Retail,Credit Card,279863.17,692,657,75,75,34.79,30,10,,North,2026-09-30
1006271,50006271,Retail,Personal Loan,821853.39,635,658,0,0,17.24,74,13,,West,2026-09-30
1006272,50006272,Retail,Personal Loan,1669848.46,599,584,0,0,14.16,73,27,,North,2026-09-30
1006273,50006273,Retail,Auto Loan,2248251.71,643,637,0,0,12.38,38,23,1911282.63,South,2026-09-30
1006274,50006274,Retail,Personal Loan,701224.61,852,814,0,15,13.1,67,10,,Central,2026-09-30
1006275,50006275,Retail,Credit Card,94411.31,653,620,0,30,39.26,44,17,,North,2026-09-30
1006276,50006276,Retail,Mortgage,6925071.2,678,652,0,0,10.43,263,92,7568847.55,South,2026-09-30
1006277,50006277,Retail,Personal Loan,969370.93,651,669,0,0,19.19,76,45,,West,2026-09-30
1006278,50006278,SME,SME Loan,14422980.45,707,728,0,0,17.76,113,37,,Central,2026-09-30
1006279,50006279,Retail,Auto Loan,1459403.55,690,684,0,0,9.8,77,71,1287272.04,North,2026-09-30
1006280,50006280,Retail,Auto Loan,2648192.01,840,805,0,0,12.25,69,55,2437666.25,West,2026-09-30
1006281,50006281,Retail,Credit Card,105569.3,661,679,0,0,30.39,15,7,,North,2026-09-30
1006282,50006282,Corporate,Corporate Loan,5880679.66,756,777,0,0,8.9,36,22,,Central,2026-09-30
1006283,50006283,Retail,Credit Card,64947.38,640,642,0,0,28.64,46,42,,South,2026-09-30
1006284,50006284,Retail,Personal Loan,280213.72,648,654,0,0,12.26,46,45,,North,2026-09-30
1006285,50006285,SME,SME Loan,13973767.84,762,761,0,15,14.49,33,20,,South,2026-09-30
1006286,50006286,Retail,Personal Loan,914396.09,821,806,0,15,10.55,26,1,,West,2026-09-30
1006287,50006287,Retail,Mortgage,9666469.47,660,672,0,30,8.5,293,270,12027825.21,South,2026-09-30
1006288,50006288,Retail,Personal Loan,680070.35,586,609,0,0,13.74,48,8,,West,2026-09-30
1006289,50006289,Retail,Credit Card,462794.12,672,677,0,0,33.47,26,12,,West,2026-09-30
1006290,50006290,Retail,Credit Card,493875.52,690,699,0,15,37.33,57,52,,North,2026-09-30
1006291,50006291,SME,Mortgage,8194741.23,670,641,,0,10.07,204,83,,North,2026-09-30
1006292,50006292,Retail,Auto Loan,3420199.28,699,711,0,0,10.86,29,2,2106812.44,South,2026-09-30
1006293,50006293,Retail,Mortgage,3855435.82,617,615,0,15,7.33,229,97,5412590.48,South,2026-09-30
1006294,50006294,Retail,Personal Loan,1715243.96,847,856,120,120,13.84,16,16,,Central,2026-09-30
1006295,50006295,Retail,Personal Loan,1701782.79,760,739,0,0,17.29,54,14,,West,2026-09-30
1006296,50006296,Retail,Personal Loan,350246.65,,625,0,0,19.97,63,27,,South,2026-09-30
1006297,50006297,Retail,Credit Card,287142.91,734,706,0,0,31.91,14,14,,North,2026-09-30
1006298,50006298,Retail,Mortgage,2321311.65,545,571,15,15,7.73,335,135,2952954.48,South,2026-09-30
1006299,50006299,Retail,Credit Card,426901.81,804,781,0,0,24.11,22,18,,Central,2026-09-30
1006300,50006300,Retail,Auto Loan,1666771.36,699,674,0,15,9.51,64,49,1682884.13,South,2026-09-30
1006301,50006301,SME,SME Loan,4704756.44,648,707,60,45,13.8,120,82,,West,2026-09-30
1006302,50006302,Retail,Personal Loan,1831159.72,746,738,0,30,16.21,53,28,,Central,2026-09-30
1006303,50006303,Retail,Personal Loan,1250597.62,759,730,0,15,19.82,47,37,,West,2026-09-30
1006304,50006304,SME,SME Loan,4262787.81,785,787,0,15,15.23,94,71,,West,2026-09-30
1006305,50006305,Retail,Personal Loan,1088794.13,640,649,0,0,17.0,63,60,,West,2026-09-30
1006306,50006306,SME,SME Loan,3659599.24,828,798,0,15,9.09,80,75,,North,2026-09-30
1006307,50006307,Retail,Credit Card,65607.23,519,546,45,45,34.9,15,9,,North,2026-09-30
1006308,50006308,SME,SME Loan,4547497.17,590,611,0,0,11.74,73,55,,West,2026-09-30
1006309,50006309,Corporate,Corporate Loan,60062635.79,607,628,30,30,12.74,70,65,,South,2026-09-30
1006310,50006310,Retail,Credit Card,235116.12,707,646,0,0,29.01,37,18,,East,2026-09-30
1006311,50006311,Corporate,Corporate Loan,27438780.43,754,741,0,0,8.14,160,105,,West,2026-09-30
1006312,50006312,Retail,Personal Loan,341490.51,693,642,0,15,15.16,33,25,,South,2026-09-30
1006313,50006313,Retail,Mortgage,9456201.67,592,604,120,105,9.72,172,63,9254852.48,West,2026-09-30
1006314,50006314,Retail,Credit Card,454840.23,842,836,0,0,41.41,27,15,,North,2026-09-30
1006315,50006315,Retail,Personal Loan,350613.84,655,652,0,0,10.19,41,18,,West,2026-09-30
1006316,50006316,Retail,Credit Card,345695.48,582,602,0,15,27.06,39,18,,North,2026-09-30
1006317,50006317,Retail,Mortgage,4091342.22,622,605,0,0,7.9,240,208,5260889.67,West,2026-09-30
1006318,50006318,Retail,Mortgage,3769171.63,797,817,0,0,10.44,146,98,3428936.43,North,2026-09-30
1006319,50006319,Retail,Mortgage,581181.69,758,784,0,0,7.32,222,147,746372.78,West,2026-09-30
1006320,50006320,Retail,Auto Loan,345199.65,744,755,0,0,9.81,59,58,256948.71,North,2026-09-30
1006321,50006321,Retail,Auto Loan,3388567.81,775,758,0,0,10.51,49,29,3031571.64,East,2026-09-30
1006322,50006322,SME,SME Loan,847189.55,619,645,0,30,12.84,23,5,,Central,2026-09-30
1006323,50006323,SME,SME Loan,2519045.93,577,583,45,30,17.01,92,92,,Central,2026-09-30
1006324,50006324,Retail,Personal Loan,658655.29,602,651,0,0,11.75,16,16,,West,2026-09-30
1006325,50006325,SME,SME Loan,2382708.29,606,624,15,30,15.28,115,19,,South,2026-09-30
1006326,50006326,Retail,Personal Loan,1306653.02,742,735,0,0,18.22,63,15,,South,2026-09-30
1006327,50006327,Retail,Personal Loan,224847.35,744,717,0,0,11.86,37,36,,South,2026-09-30
1006328,50006328,Corporate,Corporate Loan,57042521.87,669,722,45,45,13.19,67,43,,Central,2026-09-30
1006329,50006329,Retail,Mortgage,1984896.23,635,664,15,15,9.89,139,87,1805913.45,East,2026-09-30
1006330,50006330,Retail,Mortgage,6927160.33,682,679,0,0,8.5,285,225,7949341.08,East,2026-09-30
1006331,50006331,SME,SME Loan,7189047.74,731,712,0,15,17.84,12,1,,East,2026-09-30
1006332,50006332,Retail,Auto Loan,1059750.45,746,747,0,0,13.65,42,34,1060516.1,East,2026-09-30
1006333,50006333,SME,SME Loan,11723432.44,559,610,0,0,17.83,103,13,,Central,2026-09-30
1006334,50006334,Retail,Personal Loan,1641765.84,633,632,0,0,16.51,78,13,,East,2026-09-30
1006335,50006335,Retail,Mortgage,794096.38,604,607,0,0,7.73,299,23,840631.53,West,2026-09-30
1006336,50006336,Retail,Credit Card,69097.2,766,748,0,15,29.29,28,26,,West,2026-09-30
1006337,50006337,Retail,Mortgage,7341582.83,705,681,0,0,7.21,245,132,10859233.49,West,2026-09-30
1006338,50006338,Retail,Auto Loan,2921182.55,726,717,0,0,8.11,44,41,2014952.1,West,2026-09-30
1006339,50006339,Retail,Auto Loan,508023.88,587,607,0,15,12.12,36,15,445441.99,West,2026-09-30
1006340,50006340,SME,SME Loan,6880551.3,793,792,0,15,12.96,110,20,,North,2026-09-30
1006341,50006341,Retail,Credit Card,225787.49,590,609,60,45,24.42,34,10,,South,2026-09-30
1006342,50006342,Retail,Personal Loan,1241866.91,638,633,0,0,11.61,50,11,,East,2026-09-30
1006343,50006343,Retail,Mortgage,2602767.32,677,677,0,0,10.37,212,202,3182421.08,North,2026-09-30
1006344,50006344,Retail,Credit Card,313148.15,776,785,0,0,29.63,21,12,,North,2026-09-30
1006345,50006345,Retail,Mortgage,6815199.91,810,804,0,0,7.69,277,92,6978139.4,North,2026-09-30
1006346,50006346,Retail,Auto Loan,988524.6,770,762,0,0,8.4,65,52,625091.41,South,2026-09-30
1006347,50006347,Retail,Mortgage,8284537.18,649,647,0,0,7.63,221,145,7084671.21,Central,2026-09-30
1006348,50006348,Retail,Credit Card,309660.07,733,719,0,0,41.9,52,40,,South,2026-09-30
1006349,50006349,Retail,Mortgage,8620852.25,690,687,0,30,8.87,173,101,12991710.99,West,2026-09-30
1006350,50006350,Retail,Personal Loan,99136.53,761,754,0,0,14.01,69,19,,West,2026-09-30
1006351,50006351,Retail,Mortgage,8944445.1,731,725,0,30,9.04,347,205,13250114.9,East,2026-09-30
1006352,50006352,Retail,Mortgage,9051208.79,774,764,0,15,7.52,258,207,11590600.33,West,2026-09-30
1006353,50006353,Retail,Credit Card,246133.44,729,682,0,0,33.2,48,4,,West,2026-09-30
1006354,50006354,SME,SME Loan,9236984.48,740,715,0,30,15.61,37,3,,North,2026-09-30
1006355,50006355,Retail,Auto Loan,1662376.71,597,584,180,180,8.54,74,27,1921602.96,West,2026-09-30
1006356,50006356,Retail,Credit Card,202110.67,637,622,0,0,37.1,30,16,,Central,2026-09-30
1006357,50006357,Retail,Credit Card,455412.17,656,655,0,0,24.11,23,21,,West,2026-09-30
1006358,50006358,Retail,Credit Card,478631.16,668,679,0,0,26.34,24,21,,East,2026-09-30
1006359,50006359,Retail,Personal Loan,658331.91,768,757,0,0,19.21,28,18,,South,2026-09-30
1006360,50006360,Retail,Auto Loan,3206822.28,722,743,0,15,9.43,81,4,3491211.88,South,2026-09-30
1006361,50006361,Retail,Personal Loan,351447.58,658,664,0,0,18.33,73,62,,East,2026-09-30
1006362,50006362,Retail,Auto Loan,1213666.44,726,706,0,0,12.43,49,29,928367.07,Central,2026-09-30
1006363,50006363,Retail,Personal Loan,665018.17,752,763,0,30,14.9,14,4,,West,2026-09-30
1006364,50006364,Retail,Mortgage,9907033.74,781,786,0,0,8.67,318,288,11919834.94,South,2026-09-30
1006365,50006365,Retail,Mortgage,3185137.6,622,621,0,15,8.59,310,195,2948015.93,West,2026-09-30
1006366,50006366,Retail,Personal Loan,1806781.26,766,760,0,0,11.47,68,10,,North,2026-09-30
1006367,50006367,Retail,Personal Loan,143689.23,620,633,0,15,10.78,14,13,,West,2026-09-30
1006368,50006368,Retail,Auto Loan,489618.91,570,614,0,0,13.87,35,12,329433.06,South,2026-09-30
1006369,50006369,Retail,Credit Card,68814.74,766,761,0,0,34.62,55,1,,South,2026-09-30
1006370,50006370,Corporate,Corporate Loan,15440742.15,848,830,0,30,9.63,58,4,,South,2026-09-30
1006371,50006371,SME,SME Loan,1846034.47,808,810,0,0,12.1,23,7,,East,2026-09-30
1006372,50006372,Retail,Personal Loan,1197404.71,583,629,15,15,19.11,54,29,,North,2026-09-30
1006373,50006373,Retail,Mortgage,2227912.65,663,706,45,15,9.63,335,237,2207122.26,East,2026-09-30
1006374,50006374,Retail,Personal Loan,320011.82,618,610,120,120,15.87,77,75,,South,2026-09-30
1006375,50006375,Retail,Credit Card,183438.81,700,683,0,0,32.26,43,41,,West,2026-09-30
1006376,50006376,Retail,Credit Card,168085.01,,675,45,45,28.11,23,16,,West,2026-09-30
1006377,50006377,Corporate,Corporate Loan,17354765.7,789,754,0,0,11.98,83,75,,West,2026-09-30
1006378,50006378,Retail,Personal Loan,489871.4,661,640,0,0,18.93,62,40,,South,2026-09-30
1006379,50006379,SME,Auto Loan,1983125.76,658,651,30,45,10.6,70,38,1698427.35,East,2026-09-30
1006380,50006380,Retail,Mortgage,1220347.88,739,725,0,0,8.69,312,29,1416630.92,East,2026-09-30
1006381,50006381,Retail,Mortgage,5703245.71,727,713,0,15,9.03,304,62,8117464.77,North,2026-09-30
1006382,50006382,Retail,Auto Loan,3498512.39,767,775,0,0,8.87,81,75,3450169.82,South,2026-09-30
1006383,50006383,Retail,Mortgage,5340655.77,774,762,0,30,7.55,145,11,4939387.64,South,2026-09-30
1006384,50006384,Retail,Auto Loan,2261170.85,628,613,0,30,13.96,57,20,1849568.39,North,2026-09-30
1006385,50006385,Retail,Mortgage,10567979.78,778,747,0,15,7.21,276,63,13444068.4,North,2026-09-30
1006386,50006386,Retail,Credit Card,114096.3,685,680,0,0,39.8,48,36,,East,2026-09-30
1006387,50006387,SME,SME Loan,14660008.21,608,620,60,30,12.83,32,1,,South,2026-09-30
1006388,50006388,Retail,Credit Card,272848.24,662,664,0,30,36.8,49,38,,West,2026-09-30
1006389,50006389,Retail,Personal Loan,1379853.8,773,782,0,15,10.94,62,50,,East,2026-09-30
1006390,50006390,Retail,Auto Loan,957380.96,702,655,0,0,11.24,64,15,608027.8,North,2026-09-30
1006391,50006391,SME,SME Loan,1794546.45,630,661,0,30,11.87,108,101,,East,2026-09-30
1006392,50006392,SME,SME Loan,10235080.09,824,805,0,0,12.87,20,3,,West,2026-09-30
1006393,50006393,Retail,Personal Loan,1055496.16,689,700,0,0,16.59,73,12,,West,2026-09-30
1006394,50006394,SME,SME Loan,4761461.19,663,671,30,15,16.83,61,35,,South,2026-09-30
1006395,50006395,Retail,Auto Loan,2622298.47,786,741,0,0,10.68,24,14,2631234.1,North,2026-09-30
1006396,50006396,SME,SME Loan,2101252.85,718,737,0,15,17.03,62,8,,South,2026-09-30
1006397,50006397,Retail,Personal Loan,1606991.16,723,726,30,30,16.68,40,29,,East,2026-09-30
1006398,50006398,Retail,Mortgage,11509506.6,656,666,0,0,8.54,291,273,11012967.82,South,2026-09-30
1006399,50006399,SME,SME Loan,11043894.71,660,672,0,30,12.53,53,20,,South,2026-09-30
1006400,50006400,Retail,Auto Loan,1238780.19,591,595,0,30,9.54,37,9,1373509.56,East,2026-09-30
1006401,50006401,Retail,Credit Card,301758.46,810,805,0,0,25.85,53,5,,West,2026-09-30
1006402,50006402,Retail,Credit Card,66677.97,730,710,0,0,37.67,59,54,,West,2026-09-30
1006403,50006403,SME,Auto Loan,1626079.34,660,646,0,0,8.49,40,1,1143886.85,North,2026-09-30
1006404,50006404,SME,SME Loan,10064816.83,739,750,0,0,9.74,109,21,,South,2026-09-30
1006405,50006405,Retail,Personal Loan,872449.99,624,606,75,60,12.7,84,25,,South,2026-09-30
1006406,50006406,Retail,Auto Loan,2075882.78,540,562,0,0,10.35,35,14,1307524.95,North,2026-09-30
1006407,50006407,Retail,Personal Loan,715560.55,668,648,0,0,10.42,29,2,,West,2026-09-30
1006408,50006408,Retail,Personal Loan,260957.12,653,608,0,0,16.49,19,6,,West,2026-09-30
1006409,50006409,Retail,Mortgage,10457868.11,706,715,0,0,9.75,162,75,13377483.29,South,2026-09-30
1006410,50006410,Retail,Personal Loan,1384833.74,769,766,120,135,12.83,49,43,,East,2026-09-30
1006411,50006411,Retail,Personal Loan,323235.94,615,658,15,45,15.76,12,4,,East,2026-09-30
1006412,50006412,Retail,Auto Loan,471575.4,832,820,0,0,11.68,83,14,527374.09,East,2026-09-30
1006413,50006413,SME,SME Loan,7875074.83,683,634,0,0,14.7,88,49,,East,2026-09-30
1006414,50006414,Retail,Mortgage,5395163.47,804,806,0,30,9.9,251,58,6299559.88,East,2026-09-30
1006415,50006415,Retail,Auto Loan,450894.35,666,688,0,15,10.66,84,5,508024.74,West,2026-09-30
1006416,50006416,Retail,Mortgage,10661541.96,839,845,0,0,9.94,141,73,10022679.03,West,2026-09-30
1006417,50006417,Retail,Personal Loan,1946073.66,675,682,75,60,15.38,81,2,,South,2026-09-30
1006418,50006418,Retail,Mortgage,10251792.92,726,716,0,0,9.1,254,119,9986006.74,South,2026-09-30
1006419,50006419,Retail,Mortgage,8911065.79,770,734,0,30,10.44,201,55,12103323.39,East,2026-09-30
1006420,50006420,Retail,Personal Loan,1882154.49,681,720,0,30,11.23,75,61,,South,2026-09-30
1006421,50006421,Retail,Personal Loan,887748.86,646,647,0,15,19.09,33,27,,West,2026-09-30
1006422,50006422,Retail,Auto Loan,1232850.45,738,740,0,0,10.88,72,39,812601.5,South,2026-09-30
1006423,50006423,Retail,Auto Loan,2624900.39,726,726,0,0,9.16,27,16,2352219.34,Central,2026-09-30
1006424,50006424,Retail,Mortgage,11374884.99,749,745,0,0,7.06,259,194,17227374.92,East,2026-09-30
1006425,50006425,Retail,Personal Loan,751239.16,672,677,45,75,18.67,29,21,,East,2026-09-30
1006426,50006426,Corporate,Corporate Loan,26876330.19,629,633,0,0,9.89,128,51,,West,2026-09-30
1006427,50006427,Retail,Personal Loan,975531.77,565,588,60,30,12.32,26,15,,East,2026-09-30
1006428,50006428,Retail,Mortgage,10635674.32,713,696,0,0,8.3,329,154,10152856.14,East,2026-09-30
1006429,50006429,Retail,Personal Loan,1664725.09,799,796,0,15,14.04,45,27,,North,2026-09-30
1006430,50006430,Retail,Personal Loan,1916842.49,590,595,30,15,17.34,73,21,,West,2026-09-30
1006431,50006431,SME,Auto Loan,2812524.74,661,687,0,0,13.14,49,24,2806826.56,West,2026-09-30
1006432,50006432,Retail,Credit Card,187570.14,700,713,0,0,34.79,47,8,,West,2026-09-30
1006433,50006433,SME,SME Loan,2454253.75,579,594,0,0,14.01,69,42,,Central,2026-09-30
1006434,50006434,Retail,Auto Loan,401223.22,681,698,0,0,10.19,36,1,372548.57,Central,2026-09-30
1006435,50006435,Retail,Mortgage,8612998.5,697,713,0,15,9.4,212,147,11962801.72,West,2026-09-30
1006436,50006436,Retail,Personal Loan,1343182.21,734,730,0,0,17.89,71,64,,South,2026-09-30
1006437,50006437,Retail,Mortgage,2358664.78,810,824,0,0,7.88,210,202,2967268.76,East,2026-09-30
1006438,50006438,SME,Mortgage,2853754.1,672,629,45,15,9.19,196,80,3994155.77,South,2026-09-30
1006439,50006439,Retail,Auto Loan,580359.62,781,785,0,0,10.74,48,4,595261.71,South,2026-09-30
1006440,50006440,Retail,Credit Card,148709.92,766,788,0,0,39.3,16,2,,North,2026-09-30
1006441,50006441,SME,SME Loan,7055716.6,755,717,0,0,17.4,21,10,,East,2026-09-30
1006442,50006442,Retail,Personal Loan,561569.81,649,664,0,0,19.28,73,58,,South,2026-09-30
1006443,50006443,Retail,Personal Loan,1707522.28,669,703,0,0,12.44,78,50,,South,2026-09-30
1006444,50006444,Retail,Credit Card,145548.1,660,651,0,0,32.7,50,10,,North,2026-09-30
1006445,50006445,Retail,Personal Loan,204269.68,698,711,0,0,15.5,25,10,,North,2026-09-30
1006446,50006446,Retail,Credit Card,326899.13,665,691,15,15,35.12,24,17,,Central,2026-09-30
1006447,50006447,Corporate,Mortgage,11269149.3,779,732,0,30,10.26,187,132,14031150.25,East,2026-09-30
1006448,50006448,Retail,Credit Card,11057.3,718,711,0,0,35.56,48,33,,North,2026-09-30
1006449,50006449,Retail,Credit Card,441155.85,817,798,0,0,40.82,20,7,,North,2026-09-30
1006450,50006450,Retail,Personal Loan,383334.74,691,715,0,0,19.91,71,55,,North,2026-09-30
1006451,50006451,SME,SME Loan,6067056.05,641,647,15,15,15.29,21,3,,Central,2026-09-30
1006452,50006452,Retail,Personal Loan,1026676.33,672,679,0,0,14.15,70,51,,East,2026-09-30
1006453,50006453,SME,Auto Loan,3267148.98,673,675,0,30,13.31,24,7,3570602.4,West,2026-09-30
1006454,50006454,Corporate,Corporate Loan,61849132.03,662,667,0,0,7.72,161,153,,South,2026-09-30
1006455,50006455,Retail,Mortgage,9717882.66,684,686,0,0,10.25,145,93,14770106.63,East,2026-09-30
1006456,50006456,Retail,Auto Loan,704614.8,726,729,0,30,11.93,31,31,777563.84,West,2026-09-30
1006457,50006457,Retail,Mortgage,3826370.26,663,663,0,0,10.32,272,87,5800840.07,North,2026-09-30
1006458,50006458,Retail,Personal Loan,1494697.49,678,663,0,0,13.53,53,6,,Central,2026-09-30
1006459,50006459,Retail,Personal Loan,1038784.57,684,702,120,120,11.2,33,13,,North,2026-09-30
1006460,50006460,Retail,Mortgage,2968236.22,799,789,0,0,8.37,126,97,2751884.24,East,2026-09-30
1006461,50006461,Retail,Credit Card,361909.07,797,806,0,0,33.97,23,15,,East,2026-09-30
1006462,50006462,Retail,Personal Loan,1454822.2,,773,0,0,19.96,76,45,,West,2026-09-30
1006463,50006463,SME,SME Loan,911646.51,816,826,0,0,12.0,73,72,,West,2026-09-30
1006464,50006464,Retail,Auto Loan,1469803.97,742,723,0,0,10.46,65,57,1205487.22,South,2026-09-30
1006465,50006465,Retail,Mortgage,6560485.98,690,717,0,0,9.34,226,24,8924416.9,North,2026-09-30
1006466,50006466,Corporate,Corporate Loan,19791565.01,643,668,0,15,10.83,121,7,,South,2026-09-30
1006467,50006467,SME,SME Loan,12364122.63,757,742,30,30,11.71,59,44,,West,2026-09-30
1006468,50006468,Retail,Mortgage,3915586.06,696,707,0,0,8.33,169,8,4624759.97,North,2026-09-30
1006469,50006469,Retail,Personal Loan,1987456.03,641,663,45,30,16.28,18,14,,North,2026-09-30
1006470,50006470,Retail,Personal Loan,119903.44,722,690,0,30,11.04,17,5,,West,2026-09-30
1006471,50006471,Retail,Mortgage,8505714.58,670,654,0,0,10.25,319,182,12449137.0,East,2026-09-30
1006472,50006472,Retail,Personal Loan,813976.87,706,697,75,90,19.4,42,32,,West,2026-09-30
1006473,50006473,Retail,Auto Loan,230199.03,724,747,0,0,11.92,69,12,241437.08,West,2026-09-30
1006474,50006474,Retail,Credit Card,466980.77,655,673,0,15,30.25,21,9,,West,2026-09-30
1006475,50006475,SME,SME Loan,12949477.66,784,793,0,0,17.66,43,26,,East,2026-09-30
1006476,50006476,SME,SME Loan,7403060.63,762,754,0,0,10.56,86,52,,North,2026-09-30
1006477,50006477,SME,Auto Loan,1828925.79,640,626,0,15,8.64,70,59,1858887.25,East,2026-09-30
1006478,50006478,Retail,Personal Loan,1202236.66,639,627,0,0,19.03,31,6,,West,2026-09-30
1006479,50006479,Retail,Credit Card,111985.17,642,649,0,0,25.19,60,19,,North,2026-09-30
1006480,50006480,SME,SME Loan,8426645.93,705,664,0,0,11.07,57,33,,South,2026-09-30
1006481,50006481,Retail,Personal Loan,1557364.33,750,711,0,0,17.27,82,17,,South,2026-09-30
1006482,50006482,Retail,Mortgage,8613127.78,800,785,0,0,9.76,347,22,11494604.97,South,2026-09-30
1006483,50006483,Corporate,Corporate Loan,53829615.99,768,757,0,0,9.81,13,1,,West,2026-09-30
1006484,50006484,Retail,Auto Loan,1271254.37,661,658,0,0,13.86,25,12,1097598.99,North,2026-09-30
1006485,50006485,Retail,Credit Card,475212.47,789,784,0,0,26.2,55,14,,West,2026-09-30
1006486,50006486,Retail,Personal Loan,426359.67,593,635,0,0,10.87,66,23,,North,2026-09-30
1006487,50006487,SME,Auto Loan,852658.76,713,724,0,0,11.1,67,21,609771.39,South,2026-09-30
1006488,50006488,Retail,Mortgage,5845315.29,883,866,0,0,9.95,207,74,6730014.83,West,2026-09-30
1006489,50006489,Retail,Mortgage,7640227.81,639,660,0,0,8.07,331,279,10308768.87,West,2026-09-30
1006490,50006490,Retail,Personal Loan,1235565.71,668,650,0,15,16.66,64,1,,North,2026-09-30
1006491,50006491,Retail,Auto Loan,2311684.11,826,798,0,30,10.41,65,37,2092739.51,East,2026-09-30
1006492,50006492,Retail,Personal Loan,637288.16,570,617,0,0,12.1,82,45,,West,2026-09-30
1006493,50006493,Retail,Personal Loan,991206.24,673,675,0,15,18.42,28,11,,West,2026-09-30
1006494,50006494,Retail,Auto Loan,3276131.16,620,651,75,60,11.82,64,44,2343562.7,South,2026-09-30
1006495,50006495,SME,SME Loan,14964169.83,672,710,0,0,17.18,26,26,,West,2026-09-30
1006496,50006496,Retail,Auto Loan,1312677.77,717,689,0,0,11.93,46,22,1316950.19,West,2026-09-30
1006497,50006497,Retail,Mortgage,4715114.82,618,590,0,0,7.18,225,22,4198501.92,Central,2026-09-30
1006498,50006498,Retail,Personal Loan,153551.64,689,688,0,0,18.99,73,30,,South,2026-09-30
1006499,50006499,Retail,Auto Loan,3061440.04,659,669,0,0,9.99,55,20,2995588.78,North,2026-09-30
1006500,50006500,Retail,Auto Loan,381356.54,730,736,0,0,9.4,68,61,283146.55,West,2026-09-30
1006501,50006501,Retail,Credit Card,285766.37,638,609,0,15,36.86,28,28,,South,2026-09-30
1006502,50006502,Retail,Auto Loan,2447097.61,768,794,0,15,10.53,68,63,1958251.13,South,2026-09-30
1006503,50006503,Retail,Credit Card,221449.35,619,637,0,15,29.79,53,24,,South,2026-09-30
1006504,50006504,Retail,Credit Card,270750.92,716,720,0,15,26.69,14,5,,East,2026-09-30
1006505,50006505,SME,SME Loan,7306785.54,691,678,0,0,14.43,51,35,,West,2026-09-30
1006506,50006506,Retail,Credit Card,101037.12,735,744,0,15,37.32,15,14,,West,2026-09-30
1006507,50006507,Retail,Credit Card,22541.3,656,659,0,15,25.99,33,17,,West,2026-09-30
1006508,50006508,Retail,Auto Loan,2819402.92,604,610,0,0,9.47,50,46,2780981.17,West,2026-09-30
1006509,50006509,Retail,Mortgage,1693883.13,743,764,0,0,9.62,139,91,1749717.12,East,2026-09-30
1006510,50006510,Retail,Credit Card,274632.01,716,713,0,30,30.46,19,13,,South,2026-09-30
1006511,50006511,Retail,Personal Loan,1335468.46,693,700,0,0,19.88,64,14,,West,2026-09-30
1006512,50006512,Retail,Auto Loan,1882655.78,786,785,0,0,8.44,39,31,2026923.15,South,2026-09-30
1006513,50006513,Retail,Mortgage,5893762.2,621,654,0,0,8.52,196,118,7575416.6,North,2026-09-30
1006514,50006514,Retail,Credit Card,489470.11,610,563,0,15,36.64,43,1,,Central,2026-09-30
1006515,50006515,Retail,Auto Loan,2997830.91,552,572,0,0,9.0,54,9,2672545.41,Central,2026-09-30
1006516,50006516,Retail,Mortgage,920160.76,680,662,0,0,8.56,185,161,1294833.32,South,2026-09-30
1006517,50006517,Retail,Personal Loan,495803.47,709,724,0,0,17.58,63,30,,South,2026-09-30
1006518,50006518,Corporate,Corporate Loan,14239267.67,674,683,0,30,10.63,176,108,,West,2026-09-30
1006519,50006519,SME,Mortgage,11849905.97,679,664,0,0,7.99,335,150,16811732.6,East,2026-09-30
1006520,50006520,Retail,Mortgage,2652137.29,705,666,0,0,8.03,189,144,2439923.5,West,2026-09-30
1006521,50006521,Retail,Mortgage,9343584.49,678,668,0,15,7.29,325,146,13763205.24,South,2026-09-30
1006522,50006522,SME,Mortgage,6249162.28,736,708,0,0,7.82,343,5,5388228.94,South,2026-09-30
1006523,50006523,Retail,Auto Loan,2954636.84,678,682,0,0,12.45,33,6,2005399.75,East,2026-09-30
1006524,50006524,Retail,Mortgage,11918591.3,667,656,15,15,8.73,359,319,14817620.14,South,2026-09-30
1006525,50006525,Retail,Mortgage,11343275.76,619,622,30,15,9.66,320,69,15710853.23,Central,2026-09-30
1006526,50006526,SME,Mortgage,6262449.15,658,644,15,30,7.83,162,151,8863452.95,North,2026-09-30
1006527,50006527,Retail,Mortgage,4159376.99,639,659,0,30,9.17,260,128,3669122.1,South,2026-09-30
1006528,50006528,Retail,Personal Loan,498338.96,701,700,60,60,19.33,37,34,,South,2026-09-30
1006529,50006529,Retail,Mortgage,2528605.6,654,662,0,0,9.36,260,80,2499817.48,West,2026-09-30
1006530,50006530,Retail,Auto Loan,622023.04,686,734,,0,8.01,67,67,522976.76,West,2026-09-30
1006531,50006531,Retail,Personal Loan,305932.73,662,688,0,0,19.09,22,19,,East,2026-09-30
1006532,50006532,Retail,Credit Card,479400.06,742,710,0,15,39.1,29,18,,South,2026-09-30
1006533,50006533,SME,Auto Loan,2193136.75,786,782,0,0,10.75,61,28,1822577.45,North,2026-09-30
1006534,50006534,Retail,Credit Card,62638.42,587,613,0,0,36.66,45,2,,South,2026-09-30
1006535,50006535,Retail,Auto Loan,2442545.39,589,595,0,0,12.99,42,15,1794985.47,East,2026-09-30
1006536,50006536,Retail,Credit Card,393868.72,734,760,0,0,38.72,47,37,,South,2026-09-30
1006537,50006537,Retail,Credit Card,121168.03,688,717,0,15,25.03,51,17,,North,2026-09-30
1006538,50006538,SME,SME Loan,12319023.75,696,724,0,0,17.44,54,9,,West,2026-09-30
1006539,50006539,Corporate,Corporate Loan,65524902.26,663,667,0,0,13.35,41,36,,North,2026-09-30
1006540,50006540,Retail,Auto Loan,3261163.23,655,667,75,75,12.35,77,45,2031852.52,South,2026-09-30
1006541,50006541,Retail,Credit Card,77137.35,692,687,0,0,24.64,32,29,,West,2026-09-30
1006542,50006542,Retail,Personal Loan,722254.72,708,711,0,30,17.44,73,17,,South,2026-09-30
1006543,50006543,Retail,Credit Card,169763.67,716,744,0,0,39.25,26,18,,South,2026-09-30
1006544,50006544,Retail,Personal Loan,1527171.1,748,723,0,30,14.11,61,19,,South,2026-09-30
1006545,50006545,Retail,Personal Loan,790449.85,679,672,0,0,12.55,66,59,,South,2026-09-30
1006546,50006546,SME,SME Loan,6452301.19,742,730,0,0,13.27,58,38,,East,2026-09-30
1006547,50006547,Retail,Credit Card,245551.28,641,633,0,30,27.88,43,12,,South,2026-09-30
1006548,50006548,SME,Auto Loan,1805329.12,705,706,0,15,10.09,45,45,1951854.7,South,2026-09-30
1006549,50006549,Retail,Mortgage,6505476.64,696,687,0,0,7.96,173,50,6870037.41,North,2026-09-30
1006550,50006550,Corporate,Corporate Loan,36550053.22,836,806,0,0,8.69,155,114,,South,2026-09-30
1006551,50006551,Retail,Personal Loan,1106347.94,695,678,0,0,16.42,30,30,,West,2026-09-30
1006552,50006552,Retail,Auto Loan,3073210.46,638,658,0,30,10.11,64,26,3130766.68,North,2026-09-30
1006553,50006553,Retail,Mortgage,7328272.51,649,648,45,45,10.06,136,123,6243888.58,West,2026-09-30
1006554,50006554,Retail,Personal Loan,401977.99,644,646,0,0,14.14,13,6,,East,2026-09-30
1006555,50006555,SME,Auto Loan,1757843.66,769,735,,0,10.21,74,57,1233350.12,South,2026-09-30
1006556,50006556,Retail,Mortgage,1655308.25,634,626,0,30,10.36,157,81,1924605.22,North,2026-09-30
1006557,50006557,Retail,Personal Loan,1377227.87,624,642,0,0,18.66,71,28,,East,2026-09-30
1006558,50006558,Retail,Auto Loan,1012592.81,722,713,0,0,13.52,44,17,670167.41,South,2026-09-30
1006559,50006559,Retail,Auto Loan,994068.63,638,661,0,0,10.98,45,17,778518.38,West,2026-09-30
1006560,50006560,Retail,Personal Loan,305634.69,723,655,0,30,11.98,65,44,,South,2026-09-30
1006561,50006561,Retail,Credit Card,471304.42,661,651,0,0,27.43,30,18,,North,2026-09-30
1006562,50006562,Retail,Mortgage,9215468.66,769,739,0,0,7.52,182,73,8564432.65,Central,2026-09-30
1006563,50006563,Retail,Credit Card,140173.94,664,694,0,30,29.08,33,31,,South,2026-09-30
1006564,50006564,Retail,Mortgage,1349888.91,591,617,45,45,8.88,172,98,1964730.46,West,2026-09-30
1006565,50006565,Retail,Personal Loan,1018848.29,727,754,0,0,14.48,77,43,,South,2026-09-30
1006566,50006566,Retail,Credit Card,278156.12,752,733,0,0,31.76,31,30,,South,2026-09-30
1006567,50006567,SME,Mortgage,5166794.09,757,777,0,0,10.47,210,198,6113733.73,North,2026-09-30
1006568,50006568,Retail,Auto Loan,2106090.48,633,629,45,60,13.8,66,33,1692182.74,North,2026-09-30
1006569,50006569,Retail,Auto Loan,2966181.45,645,680,0,0,11.06,54,21,2046426.12,South,2026-09-30
1006570,50006570,Corporate,Corporate Loan,47079017.92,622,652,0,0,11.69,143,55,,West,2026-09-30
1006571,50006571,Retail,Mortgage,5746271.83,772,743,30,30,7.34,320,318,8384622.35,North,2026-09-30
1006572,50006572,Retail,Personal Loan,1464000.04,634,649,0,15,17.82,69,55,,North,2026-09-30
1006573,50006573,Retail,Mortgage,9319841.37,743,739,180,195,10.22,265,96,8540245.33,East,2026-09-30
1006574,50006574,Retail,Mortgage,1619165.73,752,741,0,30,7.87,145,111,2239878.4,South,2026-09-30
1006575,50006575,Retail,Credit Card,266560.14,654,679,75,60,38.69,22,19,,North,2026-09-30
1006576,50006576,Retail,Auto Loan,3246396.1,652,659,0,0,13.73,84,79,3416624.21,North,2026-09-30
1006577,50006577,Corporate,Corporate Loan,55096337.38,602,604,45,45,12.73,133,109,,West,2026-09-30
1006578,50006578,Retail,Personal Loan,1281919.53,705,732,15,30,12.66,68,67,,West,2026-09-30
1006579,50006579,Retail,Personal Loan,440410.35,642,614,0,0,14.56,77,63,,North,2026-09-30
1006580,50006580,Retail,Auto Loan,1245112.13,702,747,0,0,8.11,46,16,1218828.94,West,2026-09-30
1006581,50006581,Retail,Personal Loan,1175860.35,676,679,0,0,17.41,63,2,,Central,2026-09-30
1006582,50006582,Retail,Auto Loan,950084.97,715,723,0,30,12.89,57,4,1050333.73,North,2026-09-30
1006583,50006583,Retail,Personal Loan,145102.83,684,698,0,0,19.52,35,8,,South,2026-09-30
1006584,50006584,SME,SME Loan,14232272.18,742,766,0,0,17.25,87,36,,Central,2026-09-30
1006585,50006585,Retail,Personal Loan,1042024.36,637,643,0,0,18.7,36,3,,West,2026-09-30
1006586,50006586,Retail,Mortgage,6450674.76,666,647,0,0,7.62,293,283,5766228.16,West,2026-09-30
1006587,50006587,Retail,Credit Card,36311.96,822,802,0,0,29.49,26,26,,East,2026-09-30
1006588,50006588,SME,SME Loan,4442564.84,655,646,0,0,15.02,64,22,,North,2026-09-30
1006589,50006589,SME,Auto Loan,1891763.95,735,744,75,75,13.08,45,33,1185880.27,North,2026-09-30
1006590,50006590,SME,SME Loan,8484266.72,794,796,0,0,17.28,49,29,,North,2026-09-30
1006591,50006591,Retail,Credit Card,171488.39,521,499,0,15,25.03,40,23,,North,2026-09-30
1006592,50006592,Retail,Mortgage,2809362.21,779,768,0,0,8.82,158,129,3814458.95,North,2026-09-30
1006593,50006593,Retail,Mortgage,4940239.54,712,696,45,45,7.46,291,279,5215381.72,North,2026-09-30
1006594,50006594,Retail,Credit Card,499304.45,823,848,0,0,27.5,31,25,,South,2026-09-30
1006595,50006595,Retail,Mortgage,5987856.46,760,787,0,0,9.09,358,341,6005086.27,East,2026-09-30
1006596,50006596,Retail,Credit Card,469554.75,695,736,0,0,25.4,45,25,,North,2026-09-30
1006597,50006597,Retail,Mortgage,4909642.79,642,654,30,45,8.71,228,75,5887602.41,Central,2026-09-30
1006598,50006598,Retail,Mortgage,1074272.54,778,808,0,15,10.42,121,115,1482429.4,South,2026-09-30
1006599,50006599,Retail,Mortgage,5819431.84,792,803,0,15,10.1,242,33,6498364.84,West,2026-09-30
1006600,50006600,Retail,Credit Card,211242.6,703,693,0,0,38.6,21,13,,East,2026-09-30
1006601,50006601,Retail,Mortgage,5207204.87,613,647,15,15,7.15,261,78,6234300.43,North,2026-09-30
1006602,50006602,Retail,Mortgage,553120.36,787,746,0,0,7.62,121,84,670750.52,West,2026-09-30
1006603,50006603,Retail,Personal Loan,1887877.96,650,681,0,0,11.25,13,13,,Central,2026-09-30
1006604,50006604,Retail,Auto Loan,724764.97,753,759,0,0,9.46,28,10,537899.74,Central,2026-09-30
1006605,50006605,Retail,Mortgage,11078189.6,748,753,0,0,7.15,241,122,11123362.44,South,2026-09-30
1006606,50006606,SME,Mortgage,4328171.57,665,616,60,90,8.52,187,65,6435316.98,West,2026-09-30
1006607,50006607,Retail,Mortgage,10413160.63,809,824,0,0,8.41,156,79,14236177.98,South,2026-09-30
1006608,50006608,Corporate,Mortgage,1784647.74,592,633,0,15,8.99,241,190,2056183.61,South,2026-09-30
1006609,50006609,Retail,Mortgage,1650189.19,859,845,0,0,8.01,122,110,1711627.22,West,2026-09-30
1006610,50006610,SME,SME Loan,6610971.66,680,684,60,30,17.11,25,20,,West,2026-09-30
1006611,50006611,Retail,Personal Loan,1327862.44,815,807,0,15,15.33,59,37,,North,2026-09-30
1006612,50006612,Retail,Auto Loan,826115.09,645,686,0,0,11.04,28,26,633560.66,West,2026-09-30
1006613,50006613,Retail,Mortgage,10195429.7,744,744,0,0,10.0,236,3,9847611.27,South,2026-09-30
1006614,50006614,Retail,Mortgage,7026920.35,741,753,0,0,7.6,328,49,9765572.35,North,2026-09-30
1006615,50006615,Retail,Mortgage,11527120.53,768,754,0,0,10.15,276,249,11480148.51,South,2026-09-30
1006616,50006616,Retail,Mortgage,11367332.26,651,681,0,0,8.04,356,238,10202826.71,South,2026-09-30
1006617,50006617,Retail,Personal Loan,1037378.35,703,714,0,0,13.99,27,8,,West,2026-09-30
1006618,50006618,Corporate,Corporate Loan,4973481.93,884,858,0,0,10.29,166,158,,West,2026-09-30
1006619,50006619,Retail,Mortgage,10938048.12,672,675,0,0,7.04,280,232,11343575.98,Central,2026-09-30
1006620,50006620,SME,Auto Loan,2915785.83,636,662,0,30,13.49,81,66,2696712.91,West,2026-09-30
1006621,50006621,Retail,Credit Card,297842.11,596,611,0,0,31.09,20,20,,West,2026-09-30
1006622,50006622,SME,SME Loan,8183863.26,625,609,0,0,13.24,66,1,,West,2026-09-30
1006623,50006623,SME,SME Loan,3415244.48,598,601,0,30,12.77,27,23,,West,2026-09-30
1006624,50006624,Retail,Mortgage,5377181.18,622,636,45,75,8.23,216,14,4599078.43,Central,2026-09-30
1006625,50006625,Retail,Mortgage,6883958.93,722,697,30,30,9.55,219,111,10562980.97,West,2026-09-30
1006626,50006626,Retail,Mortgage,3776850.34,741,733,0,0,8.14,356,138,3706509.69,North,2026-09-30
1006627,50006627,Retail,Personal Loan,1829087.82,625,646,45,75,18.96,72,70,,West,2026-09-30
1006628,50006628,Retail,Mortgage,7216773.94,663,653,75,105,9.48,224,185,8279089.21,North,2026-09-30
1006629,50006629,Retail,Auto Loan,3190360.11,735,763,0,15,13.45,47,40,2265622.95,South,2026-09-30
1006630,50006630,SME,SME Loan,3723188.22,770,788,0,0,14.99,115,47,,North,2026-09-30
1006631,50006631,Retail,Personal Loan,726582.71,670,658,75,75,13.37,77,18,,East,2026-09-30
1006632,50006632,Corporate,Corporate Loan,32695396.47,700,668,30,30,13.42,32,12,,North,2026-09-30
1006633,50006633,Corporate,Corporate Loan,65316108.72,577,591,0,0,13.38,180,54,,West,2026-09-30
1006634,50006634,Retail,Mortgage,4870638.25,689,679,0,0,10.35,268,100,4527688.55,Central,2026-09-30
1006635,50006635,Retail,Personal Loan,1278050.11,653,661,0,0,15.69,55,32,,East,2026-09-30
1006636,50006636,Retail,Auto Loan,1715069.71,801,797,0,15,11.28,27,5,1474892.85,North,2026-09-30
1006637,50006637,Retail,Personal Loan,277302.45,539,578,75,75,19.94,53,29,,West,2026-09-30
1006638,50006638,Retail,Mortgage,2420107.31,701,707,15,15,8.71,282,41,2896139.09,North,2026-09-30
1006639,50006639,SME,SME Loan,5232424.65,744,722,0,0,14.64,24,8,,North,2026-09-30
1006640,50006640,Retail,Credit Card,445980.34,702,658,0,30,38.24,14,13,,East,2026-09-30
1006641,50006641,SME,SME Loan,1587086.25,736,722,0,0,10.73,81,43,,North,2026-09-30
1006642,50006642,Retail,Mortgage,9184813.85,709,716,0,15,9.85,156,11,8598906.09,South,2026-09-30
1006643,50006643,SME,Auto Loan,3493007.84,663,661,15,15,13.57,83,76,3041716.88,West,2026-09-30
1006644,50006644,Retail,Auto Loan,3091781.64,711,683,0,0,12.44,30,14,3036861.25,West,2026-09-30
1006645,50006645,Retail,Auto Loan,1108573.93,669,652,0,0,12.29,47,45,1016983.15,South,2026-09-30
1006646,50006646,Retail,Personal Loan,1886488.64,701,701,0,0,18.05,41,5,,West,2026-09-30
1006647,50006647,Retail,Personal Loan,1578556.28,629,655,0,30,19.55,71,25,,East,2026-09-30
1006648,50006648,Retail,Auto Loan,3183840.34,786,759,0,0,10.28,55,26,1993309.03,West,2026-09-30
1006649,50006649,Corporate,Corporate Loan,63296773.68,786,798,0,30,13.57,70,10,,South,2026-09-30
1006650,50006650,SME,SME Loan,1296869.64,620,620,30,45,9.19,14,1,,South,2026-09-30
1006651,50006651,Retail,Credit Card,84280.43,611,654,30,0,28.63,60,42,,West,2026-09-30
1006652,50006652,SME,SME Loan,7792010.98,592,626,0,0,13.0,100,21,,North,2026-09-30
1006653,50006653,Retail,Personal Loan,487152.36,725,730,0,0,17.32,70,16,,West,2026-09-30
1006654,50006654,Retail,Auto Loan,1580052.65,728,736,0,0,13.75,34,28,1083952.78,South,2026-09-30
1006655,50006655,Retail,Personal Loan,744643.96,625,632,0,0,18.06,67,52,,South,2026-09-30
1006656,50006656,Retail,Credit Card,95609.38,639,671,0,0,28.4,46,18,,South,2026-09-30
1006657,50006657,Retail,Auto Loan,371018.94,671,682,0,0,8.81,30,27,384457.71,East,2026-09-30
1006658,50006658,Retail,Credit Card,409651.2,793,794,0,0,41.94,17,6,,Central,2026-09-30
1006659,50006659,Retail,Personal Loan,566847.76,741,741,0,0,14.59,44,5,,Central,2026-09-30
1006660,50006660,Retail,Mortgage,614930.49,742,745,0,0,8.25,268,193,534177.0,West,2026-09-30
1006661,50006661,Retail,Credit Card,483414.02,658,629,0,0,37.87,19,13,,North,2026-09-30
1006662,50006662,Retail,Personal Loan,631009.34,900,865,0,0,11.61,67,64,,West,2026-09-30
1006663,50006663,Retail,Credit Card,357167.93,693,689,0,0,29.14,60,27,,South,2026-09-30
1006664,50006664,Retail,Personal Loan,491148.57,634,690,120,90,14.88,24,1,,West,2026-09-30
1006665,50006665,Retail,Auto Loan,2937614.5,640,614,0,15,10.1,36,14,2025126.43,West,2026-09-30
1006666,50006666,Retail,Personal Loan,1303778.9,744,760,0,0,14.35,36,29,,South,2026-09-30
1006667,50006667,SME,Mortgage,2198948.23,646,667,0,0,9.92,169,149,2706084.74,West,2026-09-30
1006668,50006668,SME,Auto Loan,1165703.24,752,743,0,0,13.62,40,38,1017351.17,North,2026-09-30
1006669,50006669,Retail,Credit Card,156126.45,673,670,0,0,26.67,52,38,,North,2026-09-30
1006670,50006670,Retail,Credit Card,43321.63,684,687,0,0,32.0,18,9,,South,2026-09-30
1006671,50006671,Retail,Mortgage,10710646.22,599,591,15,45,7.18,161,28,12651371.13,Central,2026-09-30
1006672,50006672,Retail,Credit Card,69406.44,781,799,0,0,31.22,22,17,,Central,2026-09-30
1006673,50006673,Retail,Mortgage,8297961.07,605,588,0,0,8.64,196,182,8803782.38,South,2026-09-30
1006674,50006674,Retail,Auto Loan,750321.28,593,617,0,0,12.75,58,58,886073.1,South,2026-09-30
1006675,50006675,Retail,Auto Loan,1279166.26,621,612,0,15,11.82,66,8,783415.17,West,2026-09-30
1006676,50006676,SME,SME Loan,8485649.23,705,725,0,0,12.29,21,2,,East,2026-09-30
1006677,50006677,Retail,Personal Loan,1908279.94,634,680,0,0,10.1,29,3,,West,2026-09-30
1006678,50006678,SME,SME Loan,3404411.96,742,733,0,0,13.33,76,27,,South,2026-09-30
1006679,50006679,Retail,Credit Card,203582.29,644,619,0,15,35.62,19,16,,South,2026-09-30
1006680,50006680,Retail,Personal Loan,1749212.99,792,764,0,0,10.43,21,13,,South,2026-09-30
1006681,50006681,Retail,Mortgage,1992826.08,873,844,75,60,8.76,177,141,2484223.73,North,2026-09-30
1006682,50006682,Corporate,Corporate Loan,64982457.03,663,642,15,15,11.6,94,75,,South,2026-09-30
1006683,50006683,Retail,Personal Loan,69705.99,625,614,0,0,19.14,74,15,,West,2026-09-30
1006684,50006684,Retail,Mortgage,5273978.81,603,597,0,15,7.53,319,276,4727425.62,South,2026-09-30
1006685,50006685,Retail,Mortgage,3296944.0,734,758,0,0,10.49,349,244,5080134.27,West,2026-09-30
1006686,50006686,SME,Auto Loan,221479.46,717,703,0,0,13.38,74,35,238385.43,East,2026-09-30
1006687,50006687,Retail,Personal Loan,1641145.9,633,649,120,135,18.24,74,64,,South,2026-09-30
1006688,50006688,SME,SME Loan,6487511.51,682,710,0,0,10.06,36,33,,North,2026-09-30
1006689,50006689,Retail,Auto Loan,2346574.52,727,687,0,0,12.82,27,4,2183657.88,South,2026-09-30
1006690,50006690,SME,Auto Loan,2360453.58,658,669,15,0,13.96,68,28,2101318.46,West,2026-09-30
1006691,50006691,Retail,Credit Card,80583.66,721,740,0,15,30.0,57,22,,South,2026-09-30
1006692,50006692,Retail,Credit Card,262894.96,700,724,0,0,35.88,35,10,,West,2026-09-30
1006693,50006693,Retail,Credit Card,21060.14,589,595,15,15,41.84,34,1,,North,2026-09-30
1006694,50006694,SME,SME Loan,11715619.96,816,790,0,0,14.9,67,3,,West,2026-09-30
1006695,50006695,Retail,Personal Loan,1585545.84,716,715,0,15,19.05,84,48,,South,2026-09-30
1006696,50006696,Corporate,Corporate Loan,19250870.74,706,702,0,0,12.68,44,3,,West,2026-09-30
1006697,50006697,Retail,Personal Loan,1072007.35,624,654,60,60,18.54,15,1,,West,2026-09-30
1006698,50006698,Retail,Credit Card,208552.75,711,721,0,15,39.44,52,41,,South,2026-09-30
1006699,50006699,Retail,Credit Card,38158.66,770,754,0,0,28.99,59,36,,North,2026-09-30
1006700,50006700,Retail,Credit Card,214165.36,726,721,0,0,26.75,33,2,,East,2026-09-30
1006701,50006701,Retail,Mortgage,2010666.32,674,701,45,60,7.93,177,49,2249691.35,South,2026-09-30
1006702,50006702,Retail,Auto Loan,1185201.14,565,569,15,45,8.46,27,18,1245964.18,East,2026-09-30
1006703,50006703,Retail,Auto Loan,694189.48,655,641,0,15,10.59,55,22,684774.67,South,2026-09-30
1006704,50006704,Corporate,Mortgage,2760567.59,728,738,0,0,9.76,348,342,2762478.41,North,2026-09-30
1006705,50006705,Retail,Auto Loan,2367946.28,671,700,0,0,11.17,65,36,1812272.36,Central,2026-09-30
1006706,50006706,Retail,Mortgage,8400213.79,721,723,0,0,7.85,316,70,10363406.79,South,2026-09-30
1006707,50006707,Retail,Mortgage,1632140.62,695,699,15,15,7.25,185,184,2042144.39,West,2026-09-30
1006708,50006708,SME,Mortgage,6404901.15,759,791,0,0,7.02,321,58,6081077.32,South,2026-09-30
1006709,50006709,Retail,Personal Loan,1138952.72,726,684,0,30,16.11,32,3,,Central,2026-09-30
1006710,50006710,Retail,Personal Loan,833881.46,634,640,0,0,19.89,22,6,,South,2026-09-30
1006711,50006711,Retail,Credit Card,475745.05,713,688,0,0,28.75,24,18,,North,2026-09-30
1006712,50006712,Retail,Auto Loan,951600.37,801,820,0,0,8.24,75,53,938946.89,Central,2026-09-30
1006713,50006713,SME,SME Loan,7092257.48,772,780,0,30,12.69,111,111,,North,2026-09-30
1006714,50006714,SME,Mortgage,6103738.91,580,584,0,0,7.12,160,110,6013939.14,North,2026-09-30
1006715,50006715,Retail,Mortgage,1294217.55,766,740,0,0,7.87,310,265,1508491.48,East,2026-09-30
1006716,50006716,Retail,Credit Card,308426.57,638,673,0,30,39.93,47,4,,West,2026-09-30
1006717,50006717,Retail,Auto Loan,2297228.13,684,698,0,15,11.93,68,14,2297684.73,South,2026-09-30
1006718,50006718,Retail,Personal Loan,1433885.27,702,710,0,0,19.31,40,1,,West,2026-09-30
1006719,50006719,Retail,Personal Loan,1948853.48,656,635,0,15,15.76,39,5,,Central,2026-09-30
1006720,50006720,Retail,Personal Loan,530834.57,656,691,0,0,12.05,46,5,,South,2026-09-30
1006721,50006721,Retail,Credit Card,194991.05,723,730,0,0,24.99,22,5,,West,2026-09-30
1006722,50006722,Retail,Mortgage,2046163.34,570,594,0,0,8.8,210,31,3138274.75,West,2026-09-30
1006723,50006723,Retail,Auto Loan,1277266.23,758,756,0,15,13.25,52,8,968750.4,South,2026-09-30
1006724,50006724,Retail,Mortgage,11318436.46,900,892,0,30,9.2,156,128,9786566.52,North,2026-09-30
1006725,50006725,Retail,Mortgage,5831982.81,710,712,0,0,7.07,313,286,5995594.28,East,2026-09-30
1006726,50006726,Retail,Mortgage,10803770.4,715,714,0,0,9.06,337,222,10506997.89,East,2026-09-30
1006727,50006727,SME,SME Loan,9345567.3,756,770,0,15,15.5,63,51,,West,2026-09-30
1006728,50006728,Corporate,Corporate Loan,6391517.57,701,713,0,0,13.84,115,52,,East,2026-09-30
1006729,50006729,Retail,Personal Loan,1414069.53,682,700,0,0,11.2,25,9,,West,2026-09-30
1006730,50006730,Retail,Personal Loan,1521682.23,573,585,0,0,19.75,69,42,,South,2026-09-30
1006731,50006731,Retail,Mortgage,10130031.68,794,773,0,0,7.31,243,25,9587438.8,East,2026-09-30
1006732,50006732,Retail,Mortgage,1733895.86,686,677,0,0,9.69,161,82,2670861.58,South,2026-09-30
1006733,50006733,Retail,Auto Loan,1452892.32,766,719,0,0,10.66,79,16,1353457.73,South,2026-09-30
1006734,50006734,Retail,Credit Card,424991.39,668,644,0,0,31.88,60,1,,West,2026-09-30
1006735,50006735,Retail,Mortgage,3419151.91,708,672,0,0,8.06,258,14,3274621.15,South,2026-09-30
1006736,50006736,SME,SME Loan,6096193.62,817,785,0,0,13.74,72,67,,West,2026-09-30
1006737,50006737,Retail,Personal Loan,1875048.34,779,745,0,15,11.75,18,15,,West,2026-09-30
1006738,50006738,Retail,Mortgage,7230182.9,685,691,0,0,7.37,262,227,10335098.24,North,2026-09-30
1006739,50006739,Retail,Credit Card,169967.95,710,736,0,0,41.74,28,28,,East,2026-09-30
1006740,50006740,Retail,Mortgage,4058365.33,626,618,0,0,9.65,212,154,5903756.81,East,2026-09-30
1006741,50006741,Retail,Credit Card,353870.41,781,798,0,15,31.02,56,18,,North,2026-09-30
1006742,50006742,Retail,Personal Loan,1234723.9,862,798,0,0,17.91,32,5,,West,2026-09-30
1006743,50006743,Corporate,Corporate Loan,67980656.71,688,704,75,75,10.16,172,99,,South,2026-09-30
1006744,50006744,Retail,Auto Loan,795150.73,862,820,0,0,9.76,52,24,608784.72,East,2026-09-30
1006745,50006745,Retail,Auto Loan,1024327.71,631,605,15,30,10.42,34,9,999349.55,East,2026-09-30
1006746,50006746,Retail,Mortgage,5113523.77,604,581,0,15,9.14,231,194,4914517.29,East,2026-09-30
1006747,50006747,Retail,Credit Card,218044.09,726,699,0,0,30.81,41,1,,West,2026-09-30
1006748,50006748,Retail,Mortgage,6840012.44,765,733,0,0,9.75,146,12,9904680.83,East,2026-09-30
1006749,50006749,Retail,Personal Loan,1089068.53,658,646,0,30,18.17,33,12,,South,2026-09-30
1006750,50006750,Retail,Personal Loan,1882987.64,534,575,75,45,15.85,56,35,,South,2026-09-30
1006751,50006751,Retail,Mortgage,9067886.41,688,716,0,0,8.55,312,204,7856919.11,North,2026-09-30
1006752,50006752,Retail,Credit Card,189510.09,713,692,0,30,37.59,58,43,,North,2026-09-30
1006753,50006753,Retail,Mortgage,11840931.07,789,703,0,0,9.35,229,225,10387984.86,South,2026-09-30
1006754,50006754,Retail,Mortgage,5742869.98,607,625,0,0,7.71,233,179,4905722.26,North,2026-09-30
1006755,50006755,Retail,Credit Card,61240.87,713,741,0,0,30.92,37,32,,South,2026-09-30
1006756,50006756,Retail,Credit Card,492932.57,643,603,0,15,29.69,31,12,,South,2026-09-30
1006757,50006757,Retail,Credit Card,342629.67,585,575,0,15,30.27,46,19,,North,2026-09-30
1006758,50006758,Retail,Credit Card,203270.96,695,681,45,45,35.9,18,5,,West,2026-09-30
1006759,50006759,SME,SME Loan,4808181.34,866,860,0,0,15.82,80,2,,West,2026-09-30
1006760,50006760,Retail,Mortgage,10220783.27,679,664,45,30,7.3,356,27,10922752.19,North,2026-09-30
1006761,50006761,Retail,Personal Loan,596207.73,589,626,0,0,16.0,83,54,,East,2026-09-30
1006762,50006762,Retail,Credit Card,401143.92,732,713,0,15,33.74,59,24,,South,2026-09-30
1006763,50006763,Retail,Auto Loan,3016677.0,541,533,15,0,12.12,62,25,3164172.17,East,2026-09-30
1006764,50006764,SME,SME Loan,3683443.27,676,704,0,15,17.07,35,34,,Central,2026-09-30
1006765,50006765,Retail,Personal Loan,812873.99,641,653,0,0,15.28,30,23,,East,2026-09-30
1006766,50006766,Retail,Personal Loan,501845.75,782,776,0,30,12.22,13,6,,Central,2026-09-30
1006767,50006767,Retail,Credit Card,251794.24,598,550,0,0,29.07,37,27,,West,2026-09-30
1006768,50006768,Corporate,Corporate Loan,62660268.8,725,717,0,0,10.21,156,37,,South,2026-09-30
1006769,50006769,Retail,Credit Card,123611.22,756,710,0,15,34.13,47,43,,West,2026-09-30
1006770,50006770,Retail,Credit Card,421519.86,725,739,0,0,24.36,26,21,,East,2026-09-30
1006771,50006771,Retail,Credit Card,206566.88,742,711,0,0,36.13,37,22,,Central,2026-09-30
1006772,50006772,Retail,Credit Card,218918.04,690,706,0,30,31.13,32,8,,South,2026-09-30
1006773,50006773,Corporate,Corporate Loan,72344691.07,639,642,0,15,9.24,117,28,,West,2026-09-30
1006774,50006774,Corporate,Corporate Loan,46579439.61,816,781,0,0,13.15,139,136,,South,2026-09-30
1006775,50006775,Corporate,Mortgage,2021968.13,628,633,0,30,8.84,234,192,2489541.8,West,2026-09-30
1006776,50006776,Retail,Auto Loan,1838887.76,720,667,0,0,13.49,80,36,1983526.37,West,2026-09-30
1006777,50006777,Retail,Personal Loan,799211.87,707,728,0,30,10.29,39,25,,North,2026-09-30
1006778,50006778,Corporate,Corporate Loan,32876683.42,767,749,0,0,9.58,120,97,,North,2026-09-30
1006779,50006779,SME,SME Loan,9336320.82,565,588,0,0,12.94,109,64,,East,2026-09-30
1006780,50006780,Retail,Personal Loan,1638772.25,558,595,0,0,17.87,75,72,,South,2026-09-30
1006781,50006781,Retail,Credit Card,402043.9,802,781,0,0,39.9,53,50,,North,2026-09-30
1006782,50006782,SME,SME Loan,2971279.68,698,690,60,60,12.13,96,11,,North,2026-09-30
1006783,50006783,Retail,Mortgage,5796490.1,792,785,0,0,8.3,240,10,6914744.32,South,2026-09-30
1006784,50006784,SME,SME Loan,1231419.02,750,739,0,0,16.93,53,20,,South,2026-09-30
1006785,50006785,Retail,Credit Card,362173.38,653,631,30,30,34.8,53,46,,East,2026-09-30
1006786,50006786,Retail,Credit Card,203092.04,729,734,0,0,30.57,35,16,,South,2026-09-30
1006787,50006787,Retail,Mortgage,5421737.94,817,815,0,0,8.43,308,285,8312711.75,North,2026-09-30
1006788,50006788,Retail,Personal Loan,1741077.1,616,630,0,15,15.97,27,4,,East,2026-09-30
1006789,50006789,Retail,Personal Loan,1151819.01,603,607,0,0,19.95,48,25,,South,2026-09-30
1006790,50006790,Retail,Credit Card,19320.11,657,632,0,0,30.25,49,13,,South,2026-09-30
1006791,50006791,Retail,Mortgage,9954324.98,754,701,0,0,8.47,246,239,13952457.75,Central,2026-09-30
1006792,50006792,Retail,Auto Loan,1986592.53,753,740,0,0,13.88,37,18,1525285.46,West,2026-09-30
1006793,50006793,Retail,Personal Loan,1728664.39,779,772,0,0,13.43,23,14,,East,2026-09-30
1006794,50006794,Retail,Credit Card,326651.32,624,608,180,210,28.34,39,33,,West,2026-09-30
1006795,50006795,Retail,Auto Loan,794620.17,812,800,0,0,12.94,34,32,787636.09,West,2026-09-30
1006796,50006796,Retail,Personal Loan,442407.61,625,646,0,0,12.68,15,13,,North,2026-09-30
1006797,50006797,Retail,Credit Card,319204.38,760,747,0,0,37.36,45,24,,West,2026-09-30
1006798,50006798,Retail,Credit Card,47154.51,681,679,0,0,24.83,32,18,,South,2026-09-30
1006799,50006799,Retail,Personal Loan,1815254.46,803,809,0,0,14.92,37,21,,West,2026-09-30
1006800,50006800,Retail,Credit Card,425999.49,762,763,0,15,40.88,34,22,,South,2026-09-30
1006801,50006801,Retail,Personal Loan,1545515.39,627,616,0,0,12.46,41,33,,North,2026-09-30
1006802,50006802,Retail,Mortgage,11639058.99,768,755,0,0,8.76,245,209,10878721.46,North,2026-09-30
1006803,50006803,Retail,Auto Loan,2676279.03,725,713,0,0,8.4,47,18,2400218.7,South,2026-09-30
1006804,50006804,Retail,Mortgage,1973973.25,720,688,0,0,8.77,217,183,2336064.81,North,2026-09-30
1006805,50006805,Retail,Mortgage,6177575.42,778,736,0,0,9.95,132,98,8943659.95,South,2026-09-30
1006806,50006806,Retail,Credit Card,66851.99,796,832,0,0,31.08,56,56,,North,2026-09-30
1006807,50006807,Retail,Auto Loan,2012428.72,742,743,0,0,12.26,42,14,1486661.16,North,2026-09-30
1006808,50006808,Retail,Auto Loan,1763155.95,670,654,120,105,8.14,26,6,2075653.46,West,2026-09-30
1006809,50006809,SME,SME Loan,9900916.79,741,739,0,0,11.47,119,36,,West,2026-09-30
1006810,50006810,Retail,Credit Card,191191.83,755,769,0,0,28.34,14,12,,West,2026-09-30
1006811,50006811,Retail,Credit Card,471280.53,594,595,0,0,28.82,24,18,,Central,2026-09-30
1006812,50006812,Retail,Personal Loan,1810014.79,639,656,0,30,19.41,77,63,,West,2026-09-30
1006813,50006813,Retail,Personal Loan,1709565.83,658,682,0,0,13.13,83,62,,South,2026-09-30
1006814,50006814,Retail,Credit Card,144213.88,636,645,0,0,40.0,50,24,,West,2026-09-30
1006815,50006815,SME,SME Loan,6507532.74,623,609,0,0,9.27,23,4,,Central,2026-09-30
1006816,50006816,Corporate,Mortgage,8725855.27,654,676,75,105,10.36,354,212,10557049.39,West,2026-09-30
1006817,50006817,Retail,Personal Loan,1286636.73,833,836,0,0,11.56,54,21,,East,2026-09-30
1006818,50006818,Retail,Credit Card,309943.72,716,728,0,0,32.81,48,31,,South,2026-09-30
1006819,50006819,Retail,Auto Loan,2560873.49,654,635,0,15,9.05,41,26,2274863.42,North,2026-09-30
1006820,50006820,Retail,Auto Loan,2966125.78,648,644,0,0,13.93,44,40,2968152.83,North,2026-09-30
1006821,50006821,Retail,Personal Loan,1493085.59,802,793,0,0,10.64,59,5,,North,2026-09-30
1006822,50006822,Retail,Personal Loan,788965.61,751,717,0,0,13.84,63,11,,East,2026-09-30
1006823,50006823,Retail,Auto Loan,2034375.2,612,632,0,0,12.82,80,16,2439127.23,West,2026-09-30
1006824,50006824,Retail,Auto Loan,824755.92,697,690,0,0,12.61,24,23,925986.8,North,2026-09-30
1006825,50006825,SME,SME Loan,4550820.32,689,663,0,0,15.35,82,6,,East,2026-09-30
1006826,50006826,Retail,Mortgage,3736622.2,697,683,0,0,7.02,226,39,5028047.01,East,2026-09-30
1006827,50006827,Retail,Personal Loan,1185350.95,733,713,0,0,18.38,66,34,,West,2026-09-30
1006828,50006828,Retail,Mortgage,7836854.81,742,749,0,0,9.08,145,91,10947385.58,North,2026-09-30
1006829,50006829,Retail,Mortgage,10875616.8,678,690,0,0,7.83,310,169,15346395.29,West,2026-09-30
1006830,50006830,Retail,Mortgage,1725008.22,841,812,60,60,9.41,286,202,2647483.91,West,2026-09-30
1006831,50006831,SME,SME Loan,12295116.87,657,646,45,45,15.19,16,13,,West,2026-09-30
1006832,50006832,Retail,Mortgage,6023354.2,743,738,0,15,9.87,142,110,7790066.71,North,2026-09-30
1006833,50006833,Retail,Personal Loan,1484554.15,798,783,0,0,14.78,21,9,,West,2026-09-30
1006834,50006834,SME,Auto Loan,3195864.78,725,734,0,0,11.98,81,8,2166344.27,South,2026-09-30
1006835,50006835,SME,SME Loan,4925840.06,546,573,90,120,17.87,85,37,,West,2026-09-30
1006836,50006836,Retail,Credit Card,483299.57,661,665,0,0,36.66,60,4,,South,2026-09-30
1006837,50006837,Retail,Auto Loan,3067191.54,727,767,0,0,12.81,31,1,1957825.67,North,2026-09-30
1006838,50006838,Retail,Mortgage,3267436.79,748,759,0,0,7.96,304,230,4628846.1,East,2026-09-30
1006839,50006839,Retail,Mortgage,4460059.54,799,747,0,0,9.5,191,151,,North,2026-09-30
1006840,50006840,Retail,Personal Loan,711896.23,641,667,0,0,10.89,54,34,,North,2026-09-30
1006841,50006841,Retail,Personal Loan,1965037.83,638,645,0,15,17.32,16,4,,West,2026-09-30
1006842,50006842,Retail,Mortgage,3662770.47,726,718,0,15,7.29,168,14,3197251.62,West,2026-09-30
1006843,50006843,SME,SME Loan,3494232.78,680,673,0,0,17.75,40,2,,South,2026-09-30
1006844,50006844,SME,Auto Loan,2258175.01,801,749,0,15,8.81,36,28,2070180.42,East,2026-09-30
1006845,50006845,Retail,Mortgage,2817041.79,680,668,0,0,10.26,327,18,3698328.97,East,2026-09-30
1006846,50006846,SME,Mortgage,7436502.46,708,699,0,0,9.97,231,195,8223684.28,South,2026-09-30
1006847,50006847,Corporate,Corporate Loan,62702091.62,725,737,0,0,11.55,23,22,,South,2026-09-30
1006848,50006848,Retail,Credit Card,286653.83,663,654,0,0,24.13,18,11,,South,2026-09-30
1006849,50006849,Retail,Personal Loan,1592224.09,746,756,0,15,19.71,60,20,,South,2026-09-30
1006850,50006850,Retail,Auto Loan,925249.76,723,719,0,15,9.44,81,56,842507.5,North,2026-09-30
1006851,50006851,Retail,Personal Loan,1124625.42,811,792,0,0,10.88,21,12,,North,2026-09-30
1006852,50006852,Retail,Mortgage,6717369.84,625,630,0,15,8.25,289,285,7681596.88,South,2026-09-30
1006853,50006853,Corporate,Corporate Loan,30113357.72,745,759,0,15,13.04,122,100,,East,2026-09-30
1006854,50006854,Corporate,Corporate Loan,53081858.11,711,708,0,15,9.42,60,40,,West,2026-09-30
1006855,50006855,Retail,Credit Card,204664.16,574,597,0,0,30.58,38,25,,East,2026-09-30
1006856,50006856,Retail,Personal Loan,433119.01,766,778,0,0,11.06,41,37,,North,2026-09-30
1006857,50006857,Retail,Credit Card,484764.01,638,617,0,0,33.17,41,18,,North,2026-09-30
1006858,50006858,Retail,Auto Loan,217043.2,738,724,0,0,8.81,25,1,224065.07,South,2026-09-30
1006859,50006859,Retail,Auto Loan,3342388.34,637,681,60,60,12.58,47,43,2136333.29,Central,2026-09-30
1006860,50006860,Retail,Auto Loan,554275.3,699,682,0,0,8.93,29,8,428882.38,East,2026-09-30
1006861,50006861,Retail,Credit Card,248764.33,658,651,30,45,33.26,58,38,,North,2026-09-30
1006862,50006862,Retail,Credit Card,118874.06,807,807,0,30,29.83,30,23,,South,2026-09-30
1006863,50006863,Corporate,Corporate Loan,8079316.03,759,766,0,0,11.01,44,40,,West,2026-09-30
1006864,50006864,Retail,Auto Loan,475777.86,562,558,0,0,8.01,25,3,510791.23,North,2026-09-30
1006865,50006865,Retail,Personal Loan,113108.95,640,614,0,0,15.95,36,17,,South,2026-09-30
1006866,50006866,Retail,Auto Loan,742370.23,693,715,0,0,12.42,43,24,513785.18,West,2026-09-30
1006867,50006867,Retail,Mortgage,11002219.55,815,782,0,0,8.52,159,55,12824735.61,East,2026-09-30
1006868,50006868,Retail,Mortgage,4000312.12,643,637,0,0,10.41,120,109,3443512.75,South,2026-09-30
1006869,50006869,Retail,Credit Card,261815.83,679,674,45,30,32.89,30,18,,East,2026-09-30
1006870,50006870,Retail,Credit Card,443495.18,714,723,0,0,34.18,60,40,,South,2026-09-30
1006871,50006871,Retail,Mortgage,7023136.79,726,740,0,0,10.22,267,207,9139230.66,West,2026-09-30
1006872,50006872,Retail,Credit Card,434437.26,710,688,0,0,36.19,47,33,,North,2026-09-30
1006873,50006873,Retail,Mortgage,10520117.72,779,773,0,0,8.16,178,15,10665334.34,North,2026-09-30
1006874,50006874,Retail,Personal Loan,381432.52,814,812,0,0,17.39,67,53,,East,2026-09-30
1006875,50006875,Retail,Credit Card,268299.67,645,674,0,0,28.38,21,16,,North,2026-09-30
1006876,50006876,Retail,Auto Loan,2730500.64,797,786,0,15,9.03,34,7,2067838.87,West,2026-09-30
1006877,50006877,Retail,Mortgage,6794037.92,757,758,0,0,7.02,233,30,8372457.87,Central,2026-09-30
1006878,50006878,SME,SME Loan,11615236.37,673,731,0,30,9.01,43,19,,West,2026-09-30
1006879,50006879,Retail,Mortgage,6234808.74,627,617,0,30,9.25,187,30,7125531.87,South,2026-09-30
1006880,50006880,Retail,Personal Loan,293982.98,617,674,30,30,13.94,28,10,,East,2026-09-30
1006881,50006881,Retail,Personal Loan,1071836.53,728,766,0,0,12.74,50,28,,West,2026-09-30
1006882,50006882,Retail,Auto Loan,2397200.85,641,634,120,120,13.91,25,2,2679848.0,South,2026-09-30
1006883,50006883,Corporate,Corporate Loan,70447035.57,587,606,0,15,12.24,25,13,,North,2026-09-30
1006884,50006884,Retail,Auto Loan,3382256.86,741,731,0,0,11.95,69,5,4037087.46,South,2026-09-30
1006885,50006885,Retail,Auto Loan,2657017.4,641,634,0,0,9.42,61,41,2691524.99,West,2026-09-30
1006886,50006886,Retail,Credit Card,334481.92,792,790,0,0,27.11,59,39,,Central,2026-09-30
1006887,50006887,Retail,Auto Loan,750466.62,649,662,0,0,13.04,25,25,564033.2,West,2026-09-30
1006888,50006888,SME,SME Loan,11676620.6,715,724,30,45,10.08,66,29,,North,2026-09-30
1006889,50006889,Retail,Mortgage,2644091.12,591,600,0,15,9.3,131,3,3954934.26,East,2026-09-30
1006890,50006890,SME,SME Loan,6777224.79,723,721,0,0,15.41,75,37,,North,2026-09-30
1006891,50006891,Retail,Personal Loan,369615.86,662,639,0,0,14.68,52,1,,South,2026-09-30
1006892,50006892,Retail,Personal Loan,1873412.56,674,709,0,0,16.4,70,10,,South,2026-09-30
1006893,50006893,Retail,Auto Loan,1651815.85,823,816,0,30,12.9,25,17,1418118.12,South,2026-09-30
1006894,50006894,Retail,Auto Loan,1893006.23,626,662,15,0,9.74,52,1,1967616.92,West,2026-09-30
1006895,50006895,Retail,Credit Card,324734.64,695,710,30,15,38.14,19,8,,Central,2026-09-30
1006896,50006896,Retail,Credit Card,103897.02,708,697,0,0,24.38,41,29,,West,2026-09-30
1006897,50006897,Retail,Auto Loan,1118130.05,748,751,0,0,11.47,52,42,1105858.31,South,2026-09-30
1006898,50006898,Retail,Credit Card,494830.53,581,588,0,15,38.11,13,13,,East,2026-09-30
1006899,50006899,Retail,Auto Loan,1188734.04,720,720,0,30,9.16,82,80,1001659.84,East,2026-09-30
1006900,50006900,SME,SME Loan,13879223.28,675,647,0,15,10.99,42,18,,Central,2026-09-30
1006901,50006901,Retail,Auto Loan,2374675.21,635,663,75,45,12.6,77,53,2085241.09,West,2026-09-30
1006902,50006902,Retail,Mortgage,3285075.1,709,723,0,0,10.29,176,67,4020022.84,South,2026-09-30
1006903,50006903,Retail,Mortgage,11570689.76,631,638,0,0,8.21,296,264,14737210.74,Central,2026-09-30
1006904,50006904,SME,SME Loan,8143879.22,707,731,0,0,13.96,57,45,,East,2026-09-30
1006905,50006905,Retail,Auto Loan,2181821.15,698,645,0,0,9.06,54,33,1669734.77,Central,2026-09-30
1006906,50006906,SME,SME Loan,2381685.69,576,617,0,0,17.29,75,8,,South,2026-09-30
1006907,50006907,Retail,Credit Card,459159.58,565,576,0,0,34.38,20,18,,West,2026-09-30
1006908,50006908,SME,Auto Loan,1244816.32,791,771,0,0,9.45,66,63,1202081.55,East,2026-09-30
1006909,50006909,Retail,Auto Loan,511008.04,760,755,0,0,12.92,37,28,316358.76,West,2026-09-30
1006910,50006910,SME,SME Loan,6368845.36,738,713,0,30,9.11,15,14,,East,2026-09-30
1006911,50006911,Retail,Mortgage,3325990.22,698,706,0,0,8.16,128,63,5153561.08,West,2026-09-30
1006912,50006912,Retail,Personal Loan,107024.01,832,826,0,0,12.84,41,27,,South,2026-09-30
1006913,50006913,Retail,Personal Loan,999103.75,706,689,0,0,18.73,79,53,,South,2026-09-30
1006914,50006914,SME,SME Loan,1613648.76,,777,0,0,9.95,98,65,,West,2026-09-30
1006915,50006915,Retail,Mortgage,9708131.87,683,686,0,0,8.92,291,98,12461513.68,North,2026-09-30
1006916,50006916,Retail,Credit Card,432943.28,629,647,0,0,41.49,28,3,,North,2026-09-30
1006917,50006917,Retail,Personal Loan,356777.71,616,633,0,0,14.29,50,28,,North,2026-09-30
1006918,50006918,SME,SME Loan,13412680.67,704,716,0,0,14.47,114,80,,West,2026-09-30
1006919,50006919,Retail,Credit Card,101908.03,679,693,0,0,25.13,24,7,,South,2026-09-30
1006920,50006920,Retail,Auto Loan,1696521.5,685,701,0,0,13.84,77,19,2014954.78,South,2026-09-30
1006921,50006921,Retail,Mortgage,10729683.53,625,652,0,0,8.36,186,79,9743931.12,West,2026-09-30
1006922,50006922,Retail,Mortgage,1077594.04,625,676,90,75,7.06,207,202,1079724.2,Central,2026-09-30
1006923,50006923,Retail,Credit Card,57376.25,721,717,0,15,35.28,19,4,,Central,2026-09-30
1006924,50006924,Retail,Mortgage,8960457.99,677,651,0,0,10.36,184,86,9733083.5,North,2026-09-30
1006925,50006925,Retail,Personal Loan,206147.92,731,733,0,0,10.8,53,25,,West,2026-09-30
1006926,50006926,Retail,Personal Loan,818399.63,654,636,0,30,19.35,35,30,,Central,2026-09-30
1006927,50006927,Corporate,Corporate Loan,27073162.63,590,638,0,0,8.72,145,99,,West,2026-09-30
1006928,50006928,Retail,Auto Loan,1837858.95,740,660,0,0,11.19,52,37,1964584.59,South,2026-09-30
1006929,50006929,Retail,Credit Card,442707.0,847,805,0,0,34.13,48,14,,South,2026-09-30
1006930,50006930,Retail,Mortgage,10900263.25,738,744,0,0,8.48,152,46,9513075.07,South,2026-09-30
1006931,50006931,Retail,Auto Loan,828838.34,668,669,0,0,12.03,61,31,709470.53,West,2026-09-30
1006932,50006932,Retail,Mortgage,5228035.97,650,639,0,0,10.25,347,274,7062532.35,West,2026-09-30
1006933,50006933,Retail,Credit Card,232235.52,688,675,0,0,37.08,48,47,,North,2026-09-30
1006934,50006934,Retail,Personal Loan,1909941.46,655,670,0,0,19.24,49,39,,South,2026-09-30
1006935,50006935,Corporate,Corporate Loan,44951175.31,686,673,0,15,7.61,45,42,,North,2026-09-30
1006936,50006936,Retail,Mortgage,8885279.86,631,613,0,15,9.96,141,109,9523458.54,West,2026-09-30
1006937,50006937,Retail,Mortgage,3830598.91,,588,0,15,10.08,213,141,3900571.41,West,2026-09-30
1006938,50006938,Retail,Mortgage,8962955.72,656,694,0,0,10.49,157,83,13524156.95,South,2026-09-30
1006939,50006939,Retail,Mortgage,3316461.93,723,726,0,0,9.5,161,36,3774643.35,West,2026-09-30
1006940,50006940,Corporate,Corporate Loan,53549816.54,737,714,0,0,10.07,151,116,,West,2026-09-30
1006941,50006941,Retail,Personal Loan,266196.34,769,748,0,0,15.86,19,6,,South,2026-09-30
1006942,50006942,Retail,Personal Loan,1638494.53,712,719,0,0,10.82,67,46,,East,2026-09-30
1006943,50006943,SME,SME Loan,4726595.47,751,759,0,0,15.67,17,1,,West,2026-09-30
1006944,50006944,Retail,Mortgage,5989197.82,794,775,0,15,10.01,224,221,8173136.61,North,2026-09-30
1006945,50006945,Corporate,Corporate Loan,68778163.12,784,802,0,0,9.13,115,1,,West,2026-09-30
1006946,50006946,SME,Auto Loan,2793050.51,730,724,0,0,13.96,54,34,2874581.83,South,2026-09-30
1006947,50006947,Retail,Auto Loan,2528460.58,553,570,0,0,11.12,33,7,1639872.28,West,2026-09-30
1006948,50006948,Retail,Personal Loan,177519.95,731,717,0,30,15.67,44,13,,West,2026-09-30
1006949,50006949,Retail,Credit Card,389344.24,832,819,30,30,39.03,34,32,,West,2026-09-30
1006950,50006950,SME,SME Loan,11274024.32,746,727,0,0,15.62,34,11,,North,2026-09-30
1006951,50006951,Retail,Credit Card,58863.17,762,715,0,0,28.96,40,22,,East,2026-09-30
1006952,50006952,SME,SME Loan,5504566.35,732,730,0,0,10.67,34,23,,South,2026-09-30
1006953,50006953,SME,SME Loan,1650609.46,636,650,0,0,9.81,67,4,,North,2026-09-30
1006954,50006954,Retail,Auto Loan,257463.32,815,797,0,0,11.86,78,31,292984.8,East,2026-09-30
1006955,50006955,Retail,Auto Loan,1182522.78,721,706,0,15,10.02,71,58,1084357.55,West,2026-09-30
1006956,50006956,SME,Auto Loan,3468612.49,767,739,0,15,11.6,75,62,2881963.99,West,2026-09-30
1006957,50006957,Retail,Auto Loan,338973.74,900,888,0,0,10.88,53,53,267849.96,West,2026-09-30
1006958,50006958,Retail,Credit Card,106175.96,703,677,0,0,36.14,39,36,,West,2026-09-30
1006959,50006959,Retail,Mortgage,6610005.74,533,527,0,0,9.5,335,189,9320637.88,West,2026-09-30
1006960,50006960,Retail,Credit Card,37591.67,708,687,15,30,39.39,38,35,,South,2026-09-30
1006961,50006961,SME,SME Loan,14138343.04,702,717,0,15,14.81,100,68,,East,2026-09-30
1006962,50006962,Retail,Mortgage,11462943.57,840,836,0,0,8.91,335,194,9839524.02,South,2026-09-30
1006963,50006963,Retail,Mortgage,10916228.63,781,750,0,30,9.66,329,237,14561029.79,South,2026-09-30
1006964,50006964,Corporate,Corporate Loan,11869445.46,685,679,0,0,8.17,65,41,,East,2026-09-30
1006965,50006965,SME,Auto Loan,1240412.99,727,705,0,0,9.55,28,24,839081.1,South,2026-09-30
1006966,50006966,Retail,Auto Loan,1503048.68,702,712,0,0,10.95,70,8,1459706.72,West,2026-09-30
1006967,50006967,SME,SME Loan,2382945.65,680,718,0,15,10.34,83,36,,South,2026-09-30
1006968,50006968,Retail,Personal Loan,1036922.95,661,649,60,60,13.09,83,60,,North,2026-09-30
1006969,50006969,SME,Auto Loan,1592834.15,732,734,0,30,9.8,49,33,1572084.17,West,2026-09-30
1006970,50006970,SME,SME Loan,9176761.62,700,685,0,0,13.91,117,11,,East,2026-09-30
1006971,50006971,Retail,Auto Loan,2507915.79,723,724,0,0,9.21,26,10,2363082.07,Central,2026-09-30
1006972,50006972,Retail,Personal Loan,385862.56,640,633,0,0,10.59,79,37,,West,2026-09-30
1006973,50006973,Retail,Mortgage,7110517.46,596,568,0,0,9.59,334,229,7647369.35,South,2026-09-30
1006974,50006974,Retail,Personal Loan,701720.63,749,707,0,30,11.2,77,9,,West,2026-09-30
1006975,50006975,SME,Auto Loan,2111942.04,712,698,0,0,10.14,47,20,2329343.3,South,2026-09-30
1006976,50006976,Retail,Personal Loan,839343.09,660,641,0,0,19.26,46,9,,West,2026-09-30
1006977,50006977,Retail,Credit Card,310621.59,727,750,0,0,24.27,25,3,,West,2026-09-30
1006978,50006978,Retail,Personal Loan,1179267.68,675,640,0,0,10.21,15,13,,South,2026-09-30
1006979,50006979,Retail,Credit Card,469321.75,725,750,0,0,24.33,50,42,,South,2026-09-30
1006980,50006980,Retail,Mortgage,3981178.17,694,719,45,45,7.03,225,77,4564048.99,North,2026-09-30
1006981,50006981,Retail,Auto Loan,2789274.62,791,824,0,0,12.06,31,1,2510524.36,East,2026-09-30
1006982,50006982,Corporate,Mortgage,9842838.79,714,727,30,60,7.78,315,88,13111159.17,North,2026-09-30
1006983,50006983,Retail,Credit Card,152088.96,676,630,0,0,36.9,56,46,,North,2026-09-30
1006984,50006984,Retail,Personal Loan,1107885.69,691,721,0,30,17.23,12,6,,Central,2026-09-30
1006985,50006985,Corporate,Corporate Loan,51109546.8,676,671,0,15,10.24,144,49,,West,2026-09-30
1006986,50006986,Retail,Personal Loan,99110.0,752,732,0,30,18.93,20,2,,Central,2026-09-30
1006987,50006987,SME,SME Loan,13174595.38,762,738,0,0,15.23,68,15,,West,2026-09-30
1006988,50006988,Retail,Auto Loan,1329989.54,605,625,0,30,12.79,49,40,1238544.76,North,2026-09-30
1006989,50006989,Retail,Credit Card,60388.75,770,725,0,15,36.67,36,16,,Central,2026-09-30
1006990,50006990,Retail,Mortgage,1033714.99,739,693,0,30,7.14,295,165,1031605.76,Central,2026-09-30
1006991,50006991,Retail,Mortgage,6228845.88,640,638,0,0,7.61,132,3,6680990.92,South,2026-09-30
1006992,50006992,Retail,Credit Card,351243.11,811,781,0,15,26.85,47,16,,South,2026-09-30
1006993,50006993,Corporate,Corporate Loan,6543398.25,786,745,0,15,13.45,63,21,,West,2026-09-30
1006994,50006994,Retail,Mortgage,6219895.28,726,720,60,75,8.76,136,5,5470850.46,West,2026-09-30
1006995,50006995,Retail,Mortgage,10669908.64,718,717,0,0,7.96,214,136,12331028.52,East,2026-09-30
1006996,50006996,Retail,Personal Loan,1689991.61,589,580,0,15,16.36,37,15,,South,2026-09-30
1006997,50006997,Retail,Credit Card,170622.3,762,750,0,30,35.43,28,19,,South,2026-09-30
1006998,50006998,Retail,Personal Loan,1631508.3,654,675,0,0,13.66,80,41,,Central,2026-09-30
1006999,50006999,Retail,Auto Loan,2512802.96,585,618,30,30,8.43,55,38,2101634.57,South,2026-09-30
1007000,50007000,Corporate,Corporate Loan,67866892.66,532,519,0,0,12.45,101,59,,East,2026-09-30
1007001,50007001,Retail,Personal Loan,1782531.84,663,687,0,15,13.99,31,6,,Central,2026-09-30
1007002,50007002,Retail,Personal Loan,1784299.3,846,843,0,15,17.17,28,9,,East,2026-09-30
1007003,50007003,Retail,Mortgage,11040670.17,651,692,0,0,10.09,311,197,12149992.41,West,2026-09-30
1007004,50007004,Retail,Personal Loan,505386.45,616,637,,15,12.17,19,10,,West,2026-09-30
1007005,50007005,SME,Auto Loan,1136231.1,853,851,0,0,11.12,36,4,929957.09,West,2026-09-30
1007006,50007006,Retail,Auto Loan,1924241.95,696,697,0,0,9.92,80,44,1235412.6,South,2026-09-30
1007007,50007007,SME,Mortgage,3015824.9,783,780,0,0,7.14,244,3,4666176.1,South,2026-09-30
1007008,50007008,Retail,Auto Loan,2802560.49,727,701,0,0,10.53,82,24,2371514.92,West,2026-09-30
1007009,50007009,SME,SME Loan,10862498.87,779,728,0,15,9.23,58,15,,South,2026-09-30
1007010,50007010,Retail,Auto Loan,915886.02,654,659,180,210,11.88,68,38,605823.74,West,2026-09-30
1007011,50007011,Retail,Mortgage,513132.74,717,759,0,0,9.84,298,262,770609.74,West,2026-09-30
1007012,50007012,Retail,Mortgage,642849.51,609,594,0,0,7.59,222,84,993562.85,West,2026-09-30
1007013,50007013,Retail,Personal Loan,383520.04,491,537,0,0,15.56,60,50,,Central,2026-09-30
1007014,50007014,Retail,Auto Loan,2007262.58,734,702,0,0,9.05,62,42,2107353.49,West,2026-09-30
1007015,50007015,Retail,Personal Loan,980704.7,702,728,0,0,14.82,27,24,,North,2026-09-30
1007016,50007016,Retail,Credit Card,201036.82,640,654,0,0,40.97,21,9,,West,2026-09-30
1007017,50007017,Corporate,Corporate Loan,61188084.72,721,738,0,0,8.47,29,17,,South,2026-09-30
1007018,50007018,SME,Mortgage,1803289.24,806,760,0,0,8.14,124,9,1665647.4,East,2026-09-30
1007019,50007019,SME,SME Loan,9083241.44,739,694,0,15,14.63,51,6,,East,2026-09-30
1007020,50007020,Retail,Credit Card,464602.18,596,644,0,0,37.87,50,27,,West,2026-09-30
1007021,50007021,Retail,Auto Loan,2551719.51,721,721,0,0,13.53,25,23,1713447.5,North,2026-09-30
1007022,50007022,Retail,Mortgage,11268198.38,797,792,0,0,10.03,317,40,16746358.63,West,2026-09-30
1007023,50007023,Retail,Personal Loan,1948202.1,780,784,0,0,11.3,79,33,,West,2026-09-30
1007024,50007024,Retail,Mortgage,10272255.59,615,645,0,0,8.68,193,177,11807824.84,West,2026-09-30
1007025,50007025,Retail,Personal Loan,335391.38,768,759,0,0,18.07,16,12,,South,2026-09-30
1007026,50007026,Retail,Personal Loan,591958.96,806,780,0,15,13.76,28,5,,North,2026-09-30
1007027,50007027,Retail,Personal Loan,873894.87,739,721,0,30,16.75,83,31,,North,2026-09-30
1007028,50007028,Retail,Personal Loan,1243691.63,753,752,90,90,11.2,19,12,,East,2026-09-30
1007029,50007029,SME,SME Loan,1911602.88,596,604,75,105,15.85,46,25,,East,2026-09-30
1007030,50007030,Corporate,Corporate Loan,25036512.88,785,795,0,0,8.8,170,135,,Central,2026-09-30
1007031,50007031,Retail,Auto Loan,2922248.01,575,588,75,60,13.52,32,5,2771969.41,West,2026-09-30
1007032,50007032,Retail,Personal Loan,1513075.84,757,754,0,0,16.73,40,22,,South,2026-09-30
1007033,50007033,Retail,Mortgage,1322970.65,579,601,0,0,9.27,135,133,1901780.82,East,2026-09-30
1007034,50007034,Retail,Auto Loan,843348.56,736,714,0,15,12.88,63,4,691361.33,South,2026-09-30
1007035,50007035,SME,SME Loan,10653039.48,666,704,0,0,9.47,103,26,,North,2026-09-30
1007036,50007036,Retail,Personal Loan,726578.64,703,710,0,0,10.19,47,17,,East,2026-09-30
1007037,50007037,Retail,Personal Loan,570294.8,663,663,60,60,16.48,36,5,,North,2026-09-30
1007038,50007038,Retail,Auto Loan,655182.24,750,756,0,0,8.09,38,1,548845.94,South,2026-09-30
1007039,50007039,Retail,Personal Loan,1033860.62,616,641,45,45,11.31,27,1,,North,2026-09-30
1007040,50007040,SME,SME Loan,7662340.45,678,643,0,0,11.2,99,32,,East,2026-09-30
1007041,50007041,Retail,Credit Card,9831.18,844,872,0,0,33.22,14,13,,West,2026-09-30
1007042,50007042,Retail,Auto Loan,1724287.19,638,654,60,30,10.39,27,20,1050638.21,South,2026-09-30
1007043,50007043,Retail,Mortgage,5027204.48,772,750,0,0,9.04,344,223,6628690.86,South,2026-09-30
1007044,50007044,Corporate,Corporate Loan,31467193.23,698,709,0,0,12.87,146,40,,West,2026-09-30
1007045,50007045,Retail,Mortgage,5133187.08,753,725,0,0,10.06,307,93,4736663.58,Central,2026-09-30
1007046,50007046,Retail,Personal Loan,854097.53,614,600,0,0,19.62,32,8,,West,2026-09-30
1007047,50007047,Retail,Personal Loan,809548.05,794,788,0,0,13.19,76,20,,South,2026-09-30
1007048,50007048,SME,SME Loan,9197352.86,624,597,0,15,10.08,100,13,,West,2026-09-30
1007049,50007049,Retail,Credit Card,334323.59,681,700,0,0,35.41,59,3,,West,2026-09-30
1007050,50007050,SME,Mortgage,8169485.32,604,591,0,0,7.85,278,30,9308229.42,West,2026-09-30
1007051,50007051,Retail,Auto Loan,3113824.98,702,682,0,0,11.02,73,42,3724849.36,East,2026-09-30
1007052,50007052,Retail,Personal Loan,376345.58,725,745,0,0,10.96,59,42,,North,2026-09-30
1007053,50007053,Retail,Personal Loan,293678.1,721,724,0,0,15.62,34,21,,East,2026-09-30
1007054,50007054,Retail,Mortgage,5798406.77,725,731,0,0,7.06,151,62,8728287.12,East,2026-09-30
1007055,50007055,Corporate,Corporate Loan,36523883.36,634,647,0,0,9.7,29,7,,North,2026-09-30
1007056,50007056,Retail,Personal Loan,1825958.5,585,570,0,0,19.33,25,8,,West,2026-09-30
1007057,50007057,Retail,Personal Loan,1403588.41,730,725,0,15,19.9,48,4,,West,2026-09-30
1007058,50007058,Retail,Personal Loan,1998042.84,695,642,0,15,18.92,54,15,,West,2026-09-30
1007059,50007059,Retail,Mortgage,10107540.03,732,753,0,30,7.11,223,190,14341909.7,North,2026-09-30
1007060,50007060,SME,SME Loan,1822222.25,699,699,0,0,10.47,120,104,,Central,2026-09-30
1007061,50007061,SME,SME Loan,10280706.85,672,628,0,0,9.35,47,3,,Central,2026-09-30
1007062,50007062,Retail,Personal Loan,1643359.81,605,620,30,30,17.64,79,16,,North,2026-09-30
1007063,50007063,Retail,Auto Loan,2635949.54,726,720,0,0,8.54,39,15,2942284.03,East,2026-09-30
1007064,50007064,Retail,Auto Loan,1530344.44,736,744,0,0,13.85,52,38,1078210.46,West,2026-09-30
1007065,50007065,Retail,Personal Loan,1738225.53,579,597,0,0,14.08,56,37,,South,2026-09-30
1007066,50007066,Retail,Credit Card,194561.37,655,670,0,0,40.88,44,39,,West,2026-09-30
1007067,50007067,Retail,Credit Card,347670.21,678,672,0,0,27.42,21,3,,South,2026-09-30
1007068,50007068,Retail,Auto Loan,1181493.02,645,672,0,0,11.47,48,19,994870.47,West,2026-09-30
1007069,50007069,Retail,Credit Card,456549.86,709,719,0,0,40.5,23,18,,West,2026-09-30
1007070,50007070,Retail,Mortgage,8971970.73,672,697,0,0,8.32,209,196,8994034.48,West,2026-09-30
1007071,50007071,Corporate,Mortgage,8374574.38,705,719,0,15,9.28,264,229,12529367.24,Central,2026-09-30
1007072,50007072,Retail,Personal Loan,570290.58,736,730,0,0,15.19,41,6,,West,2026-09-30
1007073,50007073,Retail,Auto Loan,2754878.38,576,598,45,75,10.49,42,10,2236007.77,North,2026-09-30
1007074,50007074,SME,SME Loan,7555148.74,772,757,0,15,11.68,23,13,,West,2026-09-30
1007075,50007075,Retail,Credit Card,367177.05,825,786,0,0,36.79,58,58,,West,2026-09-30
1007076,50007076,Corporate,Corporate Loan,6331192.15,664,674,0,0,11.91,61,2,,Central,2026-09-30
1007077,50007077,Retail,Personal Loan,1453359.73,702,719,0,15,14.05,84,64,,South,2026-09-30
1007078,50007078,Retail,Personal Loan,1087802.99,738,757,0,15,15.54,53,34,,East,2026-09-30
1007079,50007079,Retail,Mortgage,4461615.29,603,593,0,0,8.96,242,81,6480701.09,North,2026-09-30
1007080,50007080,Retail,Credit Card,400963.87,770,789,0,15,36.74,58,4,,West,2026-09-30
1007081,50007081,Retail,Auto Loan,1169822.39,777,769,0,30,9.53,38,16,1276202.27,North,2026-09-30
1007082,50007082,Retail,Auto Loan,3399432.27,604,629,15,15,12.46,82,78,3955630.21,North,2026-09-30
1007083,50007083,Retail,Personal Loan,1042108.61,646,629,0,0,15.11,60,3,,West,2026-09-30
1007084,50007084,Retail,Mortgage,522516.76,704,689,0,0,10.47,154,85,512112.38,East,2026-09-30
1007085,50007085,Retail,Mortgage,5679159.9,751,749,0,0,9.84,316,305,5997526.73,West,2026-09-30
1007086,50007086,Corporate,Corporate Loan,29059439.86,652,617,15,0,10.43,44,6,,North,2026-09-30
1007087,50007087,SME,SME Loan,4763654.06,757,775,0,30,12.41,116,88,,East,2026-09-30
1007088,50007088,Retail,Auto Loan,242703.62,826,797,0,30,10.38,81,21,281192.55,West,2026-09-30
1007089,50007089,Retail,Personal Loan,1930828.63,682,661,0,30,17.87,34,5,,West,2026-09-30
1007090,50007090,Retail,Credit Card,176394.87,826,804,0,0,36.42,26,14,,West,2026-09-30
1007091,50007091,Retail,Credit Card,288390.56,698,691,0,0,24.87,48,30,,East,2026-09-30
1007092,50007092,Retail,Mortgage,11957886.54,655,674,0,15,8.6,301,219,12648265.46,West,2026-09-30
1007093,50007093,Retail,Personal Loan,1430020.44,773,776,0,15,11.13,21,15,,West,2026-09-30
1007094,50007094,SME,SME Loan,13354949.77,658,663,0,0,13.37,112,20,,South,2026-09-30
1007095,50007095,Corporate,Corporate Loan,36516914.33,667,658,0,0,8.24,168,115,,East,2026-09-30
1007096,50007096,SME,SME Loan,6457817.38,677,699,0,0,16.53,76,66,,South,2026-09-30
1007097,50007097,Retail,Credit Card,267394.04,812,807,0,0,41.18,41,29,,South,2026-09-30
1007098,50007098,Retail,Personal Loan,974860.68,709,671,0,15,12.37,42,24,,West,2026-09-30
1007099,50007099,SME,SME Loan,3823113.68,643,658,0,0,9.15,53,31,,North,2026-09-30
1007100,50007100,SME,Mortgage,7517045.23,700,721,0,30,10.07,196,17,10288154.96,North,2026-09-30
1007101,50007101,Retail,Credit Card,442039.22,892,852,0,0,29.48,18,3,,West,2026-09-30
1007102,50007102,Retail,Auto Loan,3225732.69,703,686,0,0,11.0,53,47,3245519.02,North,2026-09-30
1007103,50007103,Retail,Mortgage,2422015.47,738,725,0,0,7.94,197,33,2557731.76,South,2026-09-30
1007104,50007104,Retail,Mortgage,10181640.25,684,689,0,0,9.53,267,19,11183210.15,West,2026-09-30
1007105,50007105,Corporate,Corporate Loan,6652583.78,800,781,0,0,13.6,24,19,,West,2026-09-30
1007106,50007106,Retail,Personal Loan,1086928.27,796,790,0,0,15.14,39,23,,North,2026-09-30
1007107,50007107,Retail,Credit Card,13801.58,697,709,0,15,36.64,27,23,,West,2026-09-30
1007108,50007108,SME,SME Loan,7850553.89,678,694,0,30,16.14,80,49,,West,2026-09-30
1007109,50007109,Retail,Credit Card,355593.6,554,590,0,0,39.16,19,13,,Central,2026-09-30
1007110,50007110,Retail,Personal Loan,1457386.51,666,669,0,15,18.31,78,27,,East,2026-09-30
1007111,50007111,Retail,Personal Loan,198281.55,777,755,0,0,11.04,72,7,,South,2026-09-30
1007112,50007112,Retail,Credit Card,67633.58,822,836,0,15,34.63,42,40,,East,2026-09-30
1007113,50007113,Retail,Personal Loan,294421.38,722,748,0,0,11.91,63,55,,South,2026-09-30
1007114,50007114,Retail,Mortgage,6736421.17,707,708,45,15,7.76,194,101,8114459.48,South,2026-09-30
1007115,50007115,Retail,Mortgage,1324386.77,744,710,0,0,8.86,141,42,1814541.98,South,2026-09-30
1007116,50007116,Retail,Credit Card,5740.97,772,778,0,0,30.89,54,54,,West,2026-09-30
1007117,50007117,Retail,Personal Loan,350820.4,623,624,0,15,13.78,22,17,,West,2026-09-30
1007118,50007118,Retail,Credit Card,217814.46,775,802,0,0,36.51,48,16,,West,2026-09-30
1007119,50007119,Retail,Auto Loan,1461725.01,680,668,0,0,8.84,81,51,1341598.85,Central,2026-09-30
1007120,50007120,Retail,Personal Loan,1767582.27,687,685,0,0,14.86,53,42,,East,2026-09-30
1007121,50007121,Retail,Mortgage,4792949.43,819,820,0,15,8.83,343,15,4111243.23,West,2026-09-30
1007122,50007122,Retail,Auto Loan,3126633.41,745,739,0,0,13.54,47,40,2888495.65,West,2026-09-30
1007123,50007123,Corporate,Corporate Loan,37937375.81,791,763,0,15,10.73,175,105,,South,2026-09-30
1007124,50007124,Retail,Personal Loan,1274215.8,654,651,0,15,10.27,65,57,,South,2026-09-30
1007125,50007125,SME,SME Loan,1639174.45,876,836,0,15,17.15,60,7,,Central,2026-09-30
1007126,50007126,SME,Auto Loan,2862601.31,825,801,0,0,11.59,36,18,3344245.56,West,2026-09-30
1007127,50007127,Retail,Personal Loan,1948134.86,749,733,0,0,15.44,73,13,,West,2026-09-30
1007128,50007128,Retail,Mortgage,11445992.5,721,706,15,15,9.79,307,88,17270694.87,South,2026-09-30
1007129,50007129,Retail,Mortgage,5332844.45,634,594,15,0,9.65,262,110,7045695.13,South,2026-09-30
1007130,50007130,Retail,Mortgage,8234025.48,701,711,0,15,9.73,193,55,9419221.36,South,2026-09-30
1007131,50007131,Corporate,Corporate Loan,64149045.01,792,801,,15,10.25,69,56,,South,2026-09-30
1007132,50007132,Retail,Mortgage,2845522.93,763,767,0,0,7.84,315,153,4340600.06,North,2026-09-30
1007133,50007133,Retail,Auto Loan,1373499.86,729,724,0,30,12.86,46,26,1256412.34,East,2026-09-30
1007134,50007134,SME,SME Loan,12281529.72,694,730,0,0,17.09,99,20,,West,2026-09-30
1007135,50007135,Retail,Mortgage,11826656.51,630,639,0,0,8.13,264,262,16932296.44,West,2026-09-30
1007136,50007136,Retail,Personal Loan,1324998.7,783,757,0,0,12.74,71,6,,West,2026-09-30
1007137,50007137,Retail,Personal Loan,1455390.93,735,742,0,30,12.0,28,3,,West,2026-09-30
1007138,50007138,SME,SME Loan,5404354.82,636,666,0,15,12.42,57,27,,South,2026-09-30
1007139,50007139,SME,SME Loan,14768671.47,520,531,0,0,12.97,51,14,,South,2026-09-30
1007140,50007140,Retail,Credit Card,74173.14,661,638,0,0,25.74,46,31,,North,2026-09-30
1007141,50007141,Retail,Auto Loan,2203203.16,631,627,0,0,10.29,36,9,1911241.72,South,2026-09-30
1007142,50007142,Retail,Mortgage,1688487.89,674,686,0,0,7.08,331,194,2414512.93,South,2026-09-30
1007143,50007143,Retail,Credit Card,99938.87,777,752,0,0,26.06,31,15,,South,2026-09-30
1007144,50007144,Retail,Personal Loan,1862627.83,816,823,0,30,15.48,41,39,,East,2026-09-30
1007145,50007145,Retail,Mortgage,3902019.15,557,538,180,150,8.69,128,50,4952153.91,West,2026-09-30
1007146,50007146,Retail,Mortgage,4913842.69,729,745,120,105,10.28,243,191,5429073.31,West,2026-09-30
1007147,50007147,Retail,Mortgage,5115057.1,799,820,0,0,8.78,258,150,6548695.69,West,2026-09-30
1007148,50007148,Retail,Personal Loan,839072.4,641,615,0,15,17.49,81,7,,Central,2026-09-30
1007149,50007149,Retail,Mortgage,8128438.55,708,722,180,195,9.88,144,81,11199956.56,North,2026-09-30
1007150,50007150,SME,Auto Loan,503230.51,900,897,0,0,13.32,34,6,428751.61,West,2026-09-30
1007151,50007151,Retail,Auto Loan,3098720.58,697,743,0,0,8.84,26,23,3273847.57,West,2026-09-30
1007152,50007152,Retail,Personal Loan,1235074.48,676,694,0,0,18.17,40,37,,South,2026-09-30
1007153,50007153,SME,SME Loan,2782913.28,716,725,0,30,14.28,63,54,,West,2026-09-30
1007154,50007154,Corporate,Mortgage,6447330.09,745,732,0,15,8.97,205,147,8832744.48,East,2026-09-30
1007155,50007155,SME,SME Loan,10048582.04,730,703,0,0,17.16,44,6,,North,2026-09-30
1007156,50007156,SME,SME Loan,2936467.28,592,614,120,105,12.12,75,35,,West,2026-09-30
1007157,50007157,SME,Auto Loan,1069447.23,685,715,0,0,12.83,29,14,1063821.2,North,2026-09-30
1007158,50007158,Retail,Personal Loan,399223.13,793,853,0,0,12.48,67,53,,West,2026-09-30
1007159,50007159,Retail,Auto Loan,1269855.57,705,699,180,195,8.55,64,9,1423667.63,North,2026-09-30
1007160,50007160,Retail,Personal Loan,1029952.15,625,604,0,0,12.76,29,14,,West,2026-09-30
1007161,50007161,SME,Mortgage,11078351.66,537,528,45,45,10.39,248,88,9544626.51,Central,2026-09-30
1007162,50007162,SME,Auto Loan,3047420.26,661,658,120,135,11.23,72,67,2033625.59,Central,2026-09-30
1007163,50007163,Retail,Personal Loan,1758483.79,634,676,0,15,18.37,23,5,,East,2026-09-30
1007164,50007164,SME,SME Loan,2229816.25,740,681,0,0,17.31,31,6,,East,2026-09-30
1007165,50007165,Retail,Personal Loan,1646795.82,700,706,0,15,12.73,12,8,,South,2026-09-30
1007166,50007166,Retail,Personal Loan,567757.1,762,755,0,0,12.63,53,41,,West,2026-09-30
1007167,50007167,Retail,Credit Card,121842.79,692,713,0,0,28.72,33,18,,West,2026-09-30
1007168,50007168,SME,SME Loan,1306190.27,712,738,30,30,15.11,58,12,,Central,2026-09-30
1007169,50007169,Retail,Personal Loan,652578.98,789,771,0,0,11.89,36,6,,North,2026-09-30
1007170,50007170,Retail,Credit Card,333201.57,735,715,0,0,34.73,53,17,,South,2026-09-30
1007171,50007171,Retail,Personal Loan,1016194.39,680,685,0,0,16.83,49,45,,East,2026-09-30
1007172,50007172,Retail,Mortgage,2745240.59,707,739,0,0,8.84,358,158,4025221.19,West,2026-09-30
1007173,50007173,Retail,Credit Card,442150.94,719,689,30,30,26.75,13,4,,South,2026-09-30
1007174,50007174,Retail,Personal Loan,985889.33,720,718,0,0,17.81,15,3,,West,2026-09-30
1007175,50007175,Retail,Mortgage,914999.52,734,699,0,0,9.6,299,104,1272458.42,West,2026-09-30
1007176,50007176,Retail,Mortgage,7938841.3,778,767,0,0,10.4,213,95,9302514.98,South,2026-09-30
1007177,50007177,SME,Auto Loan,3074920.03,723,698,0,15,12.75,61,18,3073493.72,East,2026-09-30
1007178,50007178,SME,SME Loan,9178963.59,736,745,0,0,12.92,46,21,,North,2026-09-30
1007179,50007179,Corporate,Mortgage,7061205.21,833,822,0,30,8.0,309,94,9327276.98,North,2026-09-30
1007180,50007180,Retail,Personal Loan,1731773.7,714,723,0,0,19.58,73,48,,South,2026-09-30
1007181,50007181,SME,SME Loan,4452920.79,490,508,0,0,16.42,31,18,,North,2026-09-30
1007182,50007182,Retail,Auto Loan,579689.18,581,591,120,105,12.82,27,6,619072.72,West,2026-09-30
1007183,50007183,Retail,Mortgage,6895296.28,775,778,0,15,7.22,198,35,6961414.36,Central,2026-09-30
1007184,50007184,Retail,Mortgage,9098145.61,649,648,0,30,7.9,224,28,13568212.4,East,2026-09-30
1007185,50007185,Retail,Mortgage,6007632.59,685,713,120,90,10.44,182,114,6247221.15,West,2026-09-30
1007186,50007186,Retail,Mortgage,4148479.31,730,763,0,0,10.11,208,47,4666060.77,South,2026-09-30
1007187,50007187,Corporate,Mortgage,764320.36,611,612,0,0,7.99,313,99,996565.3,East,2026-09-30
1007188,50007188,Retail,Auto Loan,2028278.46,641,661,0,0,12.26,56,20,2315196.6,South,2026-09-30
1007189,50007189,Retail,Credit Card,422935.3,668,682,0,15,35.54,37,3,,East,2026-09-30
1007190,50007190,Retail,Mortgage,2712099.66,716,701,0,0,8.42,204,57,3934762.73,West,2026-09-30
1007191,50007191,Retail,Personal Loan,1254934.73,721,728,0,0,11.47,47,8,,Central,2026-09-30
1007192,50007192,Retail,Credit Card,126988.32,628,617,0,30,41.05,25,12,,South,2026-09-30
1007193,50007193,SME,SME Loan,3957720.2,745,746,0,0,16.44,48,48,,North,2026-09-30
1007194,50007194,Retail,Mortgage,10811406.7,716,707,0,0,8.75,132,76,9591536.03,North,2026-09-30
1007195,50007195,Retail,Mortgage,7952479.16,722,759,0,0,9.47,257,7,7549425.85,West,2026-09-30
1007196,50007196,SME,SME Loan,2412716.36,655,656,0,0,13.71,55,10,,West,2026-09-30
1007197,50007197,SME,SME Loan,1993907.12,623,594,0,0,16.16,41,38,,South,2026-09-30
1007198,50007198,Retail,Personal Loan,111978.92,704,712,0,0,15.51,75,49,,South,2026-09-30
1007199,50007199,SME,SME Loan,6533585.17,704,680,0,0,15.71,61,50,,North,2026-09-30
1007200,50007200,Retail,Mortgage,10290125.05,820,829,0,0,9.09,250,157,10680677.9,West,2026-09-30
1007201,50007201,Retail,Mortgage,10109567.02,739,764,0,15,8.12,309,24,12689592.37,South,2026-09-30
1007202,50007202,Retail,Mortgage,7089147.55,769,746,0,15,9.41,120,110,6419601.21,West,2026-09-30
1007203,50007203,Retail,Personal Loan,528654.55,803,795,0,30,17.9,56,51,,East,2026-09-30
1007204,50007204,Retail,Auto Loan,253755.04,557,579,60,45,9.48,78,8,252252.41,South,2026-09-30
1007205,50007205,Retail,Credit Card,428969.89,597,619,0,0,26.18,33,17,,North,2026-09-30
1007206,50007206,Retail,Mortgage,4917901.29,699,699,180,150,9.58,259,65,6961876.78,South,2026-09-30
1007207,50007207,Retail,Auto Loan,3056148.59,737,707,0,0,11.56,80,60,2795537.96,West,2026-09-30
1007208,50007208,Retail,Personal Loan,312249.03,640,628,0,0,17.58,30,10,,South,2026-09-30
1007209,50007209,Retail,Auto Loan,1850809.47,635,641,180,180,10.58,77,10,1175148.08,North,2026-09-30
1007210,50007210,Retail,Auto Loan,3035813.96,641,611,0,30,9.39,41,29,3061288.04,South,2026-09-30
1007211,50007211,Retail,Personal Loan,1716203.13,729,724,0,0,13.27,23,18,,South,2026-09-30
1007212,50007212,Retail,Credit Card,122660.01,688,691,0,0,27.9,44,17,,East,2026-09-30
1007213,50007213,Retail,Personal Loan,524078.51,748,718,0,0,11.11,56,50,,South,2026-09-30
1007214,50007214,Retail,Auto Loan,1144413.24,696,693,0,30,13.13,41,3,1369831.42,East,2026-09-30
1007215,50007215,SME,SME Loan,2667452.25,798,827,0,30,16.42,84,51,,South,2026-09-30
1007216,50007216,Retail,Personal Loan,1439866.76,831,842,0,30,19.78,49,6,,South,2026-09-30
1007217,50007217,Retail,Credit Card,403257.41,733,746,0,0,37.61,60,56,,South,2026-09-30
1007218,50007218,SME,Mortgage,1398438.78,714,718,30,30,7.43,148,142,1873198.68,East,2026-09-30
1007219,50007219,Retail,Personal Loan,790133.51,511,508,0,0,17.98,17,9,,North,2026-09-30
1007220,50007220,Retail,Mortgage,10481614.92,648,649,0,15,7.95,333,252,10052572.64,South,2026-09-30
1007221,50007221,Retail,Mortgage,9200925.37,764,715,0,0,10.15,198,168,8796242.29,West,2026-09-30
1007222,50007222,Retail,Personal Loan,741925.0,777,744,0,15,19.55,61,60,,South,2026-09-30
1007223,50007223,Retail,Personal Loan,1990176.6,670,659,0,0,16.99,83,73,,West,2026-09-30
1007224,50007224,Retail,Mortgage,10145418.86,688,661,0,0,8.91,251,146,12122456.29,West,2026-09-30
1007225,50007225,Corporate,Corporate Loan,53246856.65,785,767,0,0,7.99,97,78,,North,2026-09-30
1007226,50007226,SME,SME Loan,13588092.64,549,585,0,0,12.08,106,36,,West,2026-09-30
1007227,50007227,SME,SME Loan,14352648.57,842,822,0,0,15.11,78,40,,Central,2026-09-30
1007228,50007228,Retail,Auto Loan,1948002.16,713,698,0,15,13.03,50,43,1911858.39,South,2026-09-30
1007229,50007229,Retail,Mortgage,9300252.68,721,677,0,0,7.59,241,186,11648758.16,West,2026-09-30
1007230,50007230,Retail,Credit Card,242619.22,579,613,0,30,24.12,41,12,,West,2026-09-30
1007231,50007231,Retail,Personal Loan,1752512.37,828,811,0,15,10.98,46,6,,West,2026-09-30
1007232,50007232,Retail,Mortgage,9980697.42,900,900,0,0,8.2,216,212,10847692.19,East,2026-09-30
1007233,50007233,Retail,Credit Card,375728.82,830,811,0,0,39.7,19,7,,North,2026-09-30
1007234,50007234,SME,SME Loan,824629.77,795,772,0,0,16.32,44,3,,Central,2026-09-30
1007235,50007235,Retail,Personal Loan,690596.38,575,584,0,0,15.86,43,4,,West,2026-09-30
1007236,50007236,Corporate,Corporate Loan,50968289.78,789,769,,0,10.68,107,92,,East,2026-09-30
1007237,50007237,Retail,Personal Loan,662912.21,728,711,0,0,11.8,43,31,,Central,2026-09-30
1007238,50007238,Retail,Mortgage,5833285.02,765,772,0,0,9.98,224,53,7670534.49,South,2026-09-30
1007239,50007239,Retail,Mortgage,7055388.48,659,696,0,0,8.46,256,70,8607460.2,West,2026-09-30
1007240,50007240,Retail,Credit Card,11549.09,732,746,0,0,37.33,19,8,,East,2026-09-30
1007241,50007241,Retail,Personal Loan,992956.74,850,844,0,15,10.51,61,2,,West,2026-09-30
1007242,50007242,Retail,Credit Card,319260.57,788,792,0,0,34.54,51,26,,West,2026-09-30
1007243,50007243,Retail,Mortgage,7318627.92,686,699,0,0,7.05,240,13,7659295.59,West,2026-09-30
1007244,50007244,Retail,Auto Loan,1798084.51,722,738,0,0,13.99,47,30,1911694.11,East,2026-09-30
1007245,50007245,Retail,Auto Loan,953618.23,796,756,0,0,10.79,59,3,660748.01,West,2026-09-30
1007246,50007246,Retail,Personal Loan,1391591.35,887,881,0,0,19.59,82,42,,South,2026-09-30
1007247,50007247,Retail,Personal Loan,555550.03,,740,0,15,12.57,62,45,,Central,2026-09-30
1007248,50007248,SME,SME Loan,7301942.0,592,576,0,0,9.01,20,10,,Central,2026-09-30
1007249,50007249,Retail,Personal Loan,1645886.34,865,788,0,15,10.88,67,1,,Central,2026-09-30
1007250,50007250,Retail,Auto Loan,2163999.25,722,707,0,0,13.04,58,40,1315793.14,South,2026-09-30
1007251,50007251,Corporate,Corporate Loan,17299845.45,657,676,0,0,8.57,71,45,,West,2026-09-30
1007252,50007252,Retail,Personal Loan,597485.0,700,689,0,0,19.05,78,1,,West,2026-09-30
1007253,50007253,SME,SME Loan,1964218.37,613,601,0,0,14.75,101,70,,East,2026-09-30
1007254,50007254,Retail,Auto Loan,778817.72,692,685,0,0,9.02,66,4,652197.26,West,2026-09-30
1007255,50007255,Retail,Auto Loan,2724537.01,659,645,180,180,10.3,29,9,3093727.79,Central,2026-09-30
1007256,50007256,Retail,Mortgage,10495484.47,670,624,0,0,8.23,334,334,9393434.88,North,2026-09-30
1007257,50007257,Retail,Credit Card,320182.11,669,668,0,0,39.55,35,14,,South,2026-09-30
1007258,50007258,Retail,Personal Loan,745212.46,799,780,0,0,16.8,35,8,,West,2026-09-30
1007259,50007259,Retail,Mortgage,2718708.8,567,635,30,15,8.7,164,162,3098078.2,West,2026-09-30
1007260,50007260,Retail,Mortgage,6307182.21,588,594,0,15,8.88,245,168,5766695.29,East,2026-09-30
1007261,50007261,Retail,Auto Loan,1130479.08,786,796,0,30,12.94,65,25,917530.52,North,2026-09-30
1007262,50007262,Retail,Personal Loan,576757.59,638,623,180,180,18.6,25,5,,North,2026-09-30
1007263,50007263,SME,SME Loan,11780343.97,826,837,0,0,10.86,86,71,,South,2026-09-30
1007264,50007264,Retail,Credit Card,55383.33,706,710,0,0,38.74,48,39,,West,2026-09-30
1007265,50007265,Retail,Personal Loan,1351916.29,580,588,30,45,18.7,60,20,,North,2026-09-30
1007266,50007266,Retail,Personal Loan,997829.26,674,683,0,0,19.63,55,16,,East,2026-09-30
1007267,50007267,Retail,Auto Loan,1996338.19,596,599,30,30,10.42,63,41,2251193.06,East,2026-09-30
1007268,50007268,Retail,Mortgage,9864617.49,714,680,0,0,7.78,256,139,9017092.66,West,2026-09-30
1007269,50007269,Retail,Auto Loan,3129774.56,532,549,0,0,8.32,65,50,2562140.84,West,2026-09-30
1007270,50007270,Corporate,Corporate Loan,68775296.07,689,732,0,15,9.56,33,20,,West,2026-09-30
1007271,50007271,Retail,Credit Card,270955.54,608,599,15,30,31.81,25,18,,South,2026-09-30
1007272,50007272,Retail,Auto Loan,530086.41,647,637,0,30,13.87,72,30,542294.82,South,2026-09-30
1007273,50007273,Retail,Personal Loan,788798.91,696,648,0,15,15.55,48,21,,West,2026-09-30
1007274,50007274,SME,SME Loan,3096289.45,671,650,0,0,14.07,31,6,,East,2026-09-30
1007275,50007275,Retail,Mortgage,8133602.38,654,667,0,0,7.19,236,221,12582598.37,West,2026-09-30
1007276,50007276,Retail,Credit Card,283420.87,566,624,0,15,25.4,15,15,,South,2026-09-30
1007277,50007277,Retail,Personal Loan,473222.46,575,600,0,0,16.27,75,3,,North,2026-09-30
1007278,50007278,Retail,Personal Loan,1795282.26,670,646,0,15,15.12,77,63,,Central,2026-09-30
1007279,50007279,Retail,Mortgage,9134946.73,687,676,0,0,9.77,306,74,12655039.52,East,2026-09-30
1007280,50007280,SME,Auto Loan,2114400.5,714,704,0,0,12.35,33,31,1990460.96,South,2026-09-30
1007281,50007281,Retail,Credit Card,28810.52,767,745,0,30,39.97,17,9,,Central,2026-09-30
1007282,50007282,Retail,Personal Loan,163077.39,779,776,0,0,13.59,66,64,,East,2026-09-30
1007283,50007283,Retail,Auto Loan,2834967.57,699,734,0,0,13.01,32,18,2237656.76,East,2026-09-30
1007284,50007284,Retail,Credit Card,298153.56,689,702,,30,35.75,13,4,,East,2026-09-30
1007285,50007285,Retail,Mortgage,9414872.61,667,667,0,0,8.8,314,169,9467461.8,West,2026-09-30
1007286,50007286,SME,SME Loan,544590.14,699,668,0,0,10.14,80,13,,East,2026-09-30
1007287,50007287,Retail,Mortgage,9840163.65,562,571,45,45,7.8,255,204,11954928.13,East,2026-09-30
1007288,50007288,Retail,Credit Card,46624.15,533,571,0,0,36.61,40,11,,South,2026-09-30
1007289,50007289,SME,SME Loan,652653.95,817,789,0,30,9.99,34,10,,East,2026-09-30
1007290,50007290,SME,SME Loan,458453.8,650,644,0,0,9.05,95,45,,Central,2026-09-30
1007291,50007291,Retail,Auto Loan,1593768.75,839,807,0,15,11.91,33,11,1847625.88,Central,2026-09-30
1007292,50007292,Retail,Auto Loan,2776393.13,810,804,0,0,12.91,69,10,2591023.83,North,2026-09-30
1007293,50007293,Retail,Personal Loan,333569.43,668,667,60,75,16.25,47,5,,West,2026-09-30
1007294,50007294,Retail,Auto Loan,2512316.6,543,559,75,90,12.41,25,14,2525275.98,Central,2026-09-30
1007295,50007295,Retail,Mortgage,3954584.38,721,683,0,0,8.25,159,19,4730529.46,North,2026-09-30
1007296,50007296,Retail,Credit Card,275730.41,630,643,0,0,30.93,16,11,,North,2026-09-30
1007297,50007297,Corporate,Corporate Loan,44205174.27,628,619,0,0,9.99,72,24,,Central,2026-09-30
1007298,50007298,Retail,Auto Loan,232842.68,646,659,0,0,9.05,73,21,174527.74,West,2026-09-30
1007299,50007299,Retail,Credit Card,111015.5,663,605,0,0,37.95,23,8,,East,2026-09-30
1007300,50007300,Retail,Mortgage,5864732.56,732,751,0,0,9.19,347,149,5548628.86,East,2026-09-30
1007301,50007301,SME,SME Loan,13970237.55,647,652,30,45,14.09,63,49,,East,2026-09-30
1007302,50007302,Corporate,Corporate Loan,27788187.41,593,591,0,0,10.72,104,69,,Central,2026-09-30
1007303,50007303,Retail,Credit Card,211133.7,737,731,0,0,34.34,34,5,,West,2026-09-30
1007304,50007304,Retail,Credit Card,33445.86,857,840,0,0,38.98,53,4,,South,2026-09-30
1007305,50007305,Retail,Personal Loan,401113.3,783,801,0,30,17.12,84,11,,East,2026-09-30
1007306,50007306,SME,SME Loan,7514263.37,588,597,0,15,16.46,105,75,,West,2026-09-30
1007307,50007307,SME,Auto Loan,1149167.01,701,688,60,60,11.23,51,28,1235636.74,West,2026-09-30
1007308,50007308,Retail,Mortgage,4216498.2,742,777,0,0,9.18,297,173,4176524.47,South,2026-09-30
1007309,50007309,Retail,Auto Loan,2376285.79,604,618,0,0,12.33,83,15,1706947.38,West,2026-09-30
1007310,50007310,Retail,Personal Loan,1511218.99,621,617,0,0,12.35,50,18,,West,2026-09-30
1007311,50007311,Retail,Mortgage,745892.03,762,773,0,0,8.46,353,47,1126513.34,West,2026-09-30
1007312,50007312,Corporate,Mortgage,7914137.13,711,712,0,0,10.16,192,9,10403554.69,East,2026-09-30
1007313,50007313,Retail,Mortgage,3852036.15,630,642,0,15,7.76,131,42,3557514.06,East,2026-09-30
1007314,50007314,Retail,Auto Loan,2737690.4,687,703,0,0,11.61,35,7,2058884.03,South,2026-09-30
1007315,50007315,Retail,Mortgage,11027182.62,607,607,0,15,10.41,336,183,16471597.57,West,2026-09-30
1007316,50007316,Retail,Credit Card,375361.26,690,678,30,30,25.49,16,2,,West,2026-09-30
1007317,50007317,Retail,Auto Loan,2328739.12,716,711,0,0,9.12,59,24,2273908.7,West,2026-09-30
1007318,50007318,SME,SME Loan,14254518.37,647,649,75,105,15.64,102,71,,South,2026-09-30
1007319,50007319,Retail,Auto Loan,1424968.23,656,643,0,0,9.79,45,11,1231175.96,South,2026-09-30
1007320,50007320,Retail,Mortgage,5802718.02,763,756,0,15,7.14,234,208,6967880.03,East,2026-09-30
1007321,50007321,SME,Mortgage,6152914.37,762,761,0,0,7.09,202,180,5827006.16,North,2026-09-30
1007322,50007322,Retail,Mortgage,8022912.04,661,657,0,30,8.73,324,246,8107654.73,West,2026-09-30
1007323,50007323,Retail,Mortgage,7591349.14,783,789,0,0,7.43,170,144,8849295.84,South,2026-09-30
1007324,50007324,Retail,Credit Card,13532.2,617,626,0,15,40.36,39,25,,West,2026-09-30
1007325,50007325,Retail,Mortgage,11523995.52,628,662,0,0,8.78,257,121,11539496.61,West,2026-09-30
1007326,50007326,Retail,Credit Card,354354.43,810,792,0,0,24.72,56,13,,West,2026-09-30
1007327,50007327,Retail,Mortgage,11766389.25,741,761,0,30,9.19,227,3,13013762.09,West,2026-09-30
1007328,50007328,Retail,Mortgage,8475024.16,823,801,0,0,8.65,208,200,9835908.52,South,2026-09-30
1007329,50007329,Retail,Auto Loan,2869769.45,701,707,0,0,11.34,24,2,2123927.52,West,2026-09-30
1007330,50007330,Retail,Personal Loan,227866.39,673,637,0,30,14.97,80,10,,West,2026-09-30
1007331,50007331,Retail,Personal Loan,795606.64,778,791,0,0,14.62,46,4,,West,2026-09-30
1007332,50007332,SME,Auto Loan,1349205.88,614,595,0,0,12.31,45,21,1525674.37,North,2026-09-30
1007333,50007333,Retail,Mortgage,11222175.54,759,764,0,0,10.04,133,87,17061691.3,East,2026-09-30
1007334,50007334,Retail,Auto Loan,205642.25,691,694,0,0,10.42,75,47,189083.01,West,2026-09-30
1007335,50007335,Retail,Credit Card,385676.32,729,718,0,0,35.88,46,30,,North,2026-09-30
1007336,50007336,Retail,Personal Loan,1729679.0,812,797,0,0,16.02,56,21,,South,2026-09-30
1007337,50007337,Retail,Personal Loan,1008935.14,670,659,0,30,12.01,14,6,,East,2026-09-30
1007338,50007338,SME,SME Loan,479099.1,713,722,0,0,10.62,82,18,,West,2026-09-30
1007339,50007339,Retail,Personal Loan,990011.64,775,752,0,15,10.33,58,30,,East,2026-09-30
1007340,50007340,SME,SME Loan,2120138.46,774,795,0,0,12.86,102,88,,South,2026-09-30
1007341,50007341,Retail,Personal Loan,1265133.69,794,789,0,0,17.0,15,11,,South,2026-09-30
1007342,50007342,Retail,Personal Loan,1353793.14,549,542,90,90,11.2,70,45,,North,2026-09-30
1007343,50007343,Retail,Credit Card,396085.76,703,694,0,30,29.41,27,24,,North,2026-09-30
1007344,50007344,Corporate,Corporate Loan,55881939.69,713,650,0,0,7.66,34,7,,West,2026-09-30
1007345,50007345,SME,SME Loan,12048342.78,678,690,0,0,11.22,82,2,,East,2026-09-30
1007346,50007346,Retail,Personal Loan,303018.83,723,711,0,15,13.58,75,54,,West,2026-09-30
1007347,50007347,Retail,Mortgage,11488386.98,799,788,0,15,8.24,177,8,12636040.28,East,2026-09-30
1007348,50007348,Retail,Mortgage,8561159.57,820,786,75,75,10.45,257,16,10174994.51,West,2026-09-30
1007349,50007349,Retail,Personal Loan,736332.57,784,773,0,0,12.14,81,30,,East,2026-09-30
1007350,50007350,Retail,Personal Loan,1223900.3,569,599,180,180,12.64,33,4,,West,2026-09-30
1007351,50007351,Retail,Personal Loan,887342.81,799,768,0,15,15.19,48,2,,South,2026-09-30
1007352,50007352,Retail,Auto Loan,2110708.49,818,796,0,0,13.21,77,76,2333224.38,East,2026-09-30
1007353,50007353,SME,Auto Loan,2539636.4,673,679,0,0,10.11,75,46,2292003.27,East,2026-09-30
1007354,50007354,Retail,Credit Card,306412.13,659,664,0,0,32.84,25,9,,North,2026-09-30
1007355,50007355,Retail,Personal Loan,373082.81,606,597,90,90,19.9,70,40,,West,2026-09-30
1007356,50007356,SME,SME Loan,11379619.25,773,812,0,0,13.36,118,97,,North,2026-09-30
1007357,50007357,Retail,Credit Card,91064.22,725,712,0,0,29.14,22,16,,North,2026-09-30
1007358,50007358,Retail,Credit Card,258497.25,712,707,0,0,40.09,35,14,,Central,2026-09-30
1007359,50007359,Retail,Mortgage,5323014.76,670,653,0,0,9.01,147,129,5387051.43,East,2026-09-30
1007360,50007360,Retail,Mortgage,773919.02,622,637,0,15,8.93,291,231,1015819.33,Central,2026-09-30
1007361,50007361,Retail,Mortgage,3369734.85,802,771,0,0,8.46,144,45,3466457.48,East,2026-09-30
1007362,50007362,SME,Auto Loan,2310918.45,692,691,0,15,9.15,60,54,1787836.5,Central,2026-09-30
1007363,50007363,Retail,Personal Loan,1814436.25,740,719,0,15,15.61,64,1,,West,2026-09-30
1007364,50007364,Retail,Auto Loan,2119061.41,681,710,0,0,10.74,31,14,1967026.44,West,2026-09-30
1007365,50007365,Retail,Personal Loan,535596.84,669,643,75,90,10.13,35,5,,South,2026-09-30
1007366,50007366,Retail,Credit Card,73618.79,728,750,0,0,36.68,41,24,,East,2026-09-30
1007367,50007367,Retail,Mortgage,2825916.61,699,692,0,0,9.0,230,13,3378115.74,West,2026-09-30
1007368,50007368,Retail,Mortgage,9511569.15,624,593,180,150,9.38,304,137,8871890.2,East,2026-09-30
1007369,50007369,Retail,Auto Loan,1977294.82,680,680,0,15,10.04,51,12,1286956.17,North,2026-09-30
1007370,50007370,SME,SME Loan,8794529.24,716,719,0,30,9.2,117,105,,South,2026-09-30
1007371,50007371,Retail,Credit Card,22852.09,736,731,0,0,26.22,59,4,,North,2026-09-30
1007372,50007372,Retail,Credit Card,106784.29,795,794,0,30,28.61,20,16,,West,2026-09-30
1007373,50007373,Retail,Personal Loan,1961019.79,747,746,0,0,10.19,21,5,,West,2026-09-30
1007374,50007374,SME,SME Loan,12644010.68,731,732,0,30,12.67,84,81,,East,2026-09-30
1007375,50007375,Retail,Personal Loan,1993572.34,741,743,0,15,15.95,72,69,,Central,2026-09-30
1007376,50007376,Retail,Mortgage,6040538.98,691,723,0,0,7.79,155,67,8114304.62,South,2026-09-30
1007377,50007377,Retail,Mortgage,8578886.54,686,700,0,0,8.83,129,71,11929604.27,West,2026-09-30
1007378,50007378,Retail,Auto Loan,2379820.3,773,777,0,0,13.29,51,12,2394898.44,West,2026-09-30
1007379,50007379,Retail,Mortgage,8188312.89,734,704,0,0,9.43,300,130,9855095.31,South,2026-09-30
1007380,50007380,Retail,Mortgage,11196460.92,825,819,0,0,7.64,310,262,12953881.74,West,2026-09-30
1007381,50007381,Retail,Mortgage,7848162.7,598,609,0,15,8.31,345,190,11619083.24,West,2026-09-30
1007382,50007382,Retail,Auto Loan,1305694.69,677,695,0,15,9.56,46,38,1548345.53,South,2026-09-30
1007383,50007383,Retail,Credit Card,411548.4,770,727,0,15,38.6,40,40,,North,2026-09-30
1007384,50007384,Retail,Mortgage,8294918.93,731,701,0,15,9.28,199,89,11819859.64,East,2026-09-30
1007385,50007385,Retail,Personal Loan,1591343.11,576,571,75,90,19.32,21,3,,North,2026-09-30
1007386,50007386,Retail,Personal Loan,779292.74,660,717,0,15,11.13,78,73,,South,2026-09-30
1007387,50007387,Retail,Mortgage,7170981.57,606,576,0,30,7.22,305,152,6488430.16,West,2026-09-30
1007388,50007388,Corporate,Corporate Loan,19096962.77,761,764,0,0,9.83,169,159,,South,2026-09-30
1007389,50007389,Retail,Personal Loan,1943789.33,655,652,0,0,12.01,35,26,,South,2026-09-30
1007390,50007390,Retail,Personal Loan,1230661.38,652,692,0,0,19.24,36,30,,South,2026-09-30
1007391,50007391,Retail,Credit Card,231891.13,681,709,0,0,28.29,54,9,,West,2026-09-30
1007392,50007392,Retail,Auto Loan,1592066.14,622,614,0,0,8.45,67,45,969266.93,East,2026-09-30
1007393,50007393,Retail,Credit Card,345027.35,506,523,180,180,38.71,55,47,,East,2026-09-30
1007394,50007394,Retail,Auto Loan,2105973.31,,717,30,60,8.07,71,40,1352028.93,East,2026-09-30
1007395,50007395,Retail,Credit Card,121987.47,773,780,0,15,34.48,22,20,,West,2026-09-30
1007396,50007396,Retail,Auto Loan,971878.14,651,650,0,0,13.39,74,65,918121.68,South,2026-09-30
1007397,50007397,Retail,Personal Loan,1078047.25,672,651,0,15,17.23,29,19,,Central,2026-09-30
1007398,50007398,Retail,Auto Loan,1104246.8,647,653,0,0,9.19,71,11,1074101.37,South,2026-09-30
1007399,50007399,Retail,Credit Card,425145.2,562,567,0,0,24.74,25,10,,South,2026-09-30
1007400,50007400,Retail,Personal Loan,1744131.53,763,769,0,15,15.74,70,66,,West,2026-09-30
1007401,50007401,Retail,Personal Loan,1114618.67,750,732,0,30,14.6,84,62,,North,2026-09-30
1007402,50007402,SME,SME Loan,4865268.21,849,865,0,30,9.41,88,58,,West,2026-09-30
1007403,50007403,Retail,Mortgage,8353496.78,628,652,0,30,9.62,212,81,12818394.7,North,2026-09-30
1007404,50007404,Retail,Credit Card,357195.71,648,674,15,30,33.19,13,3,,South,2026-09-30
1007405,50007405,Corporate,Corporate Loan,36833108.73,767,711,0,0,9.8,84,61,,North,2026-09-30
1007406,50007406,Retail,Personal Loan,440528.73,651,672,0,15,16.61,54,35,,Central,2026-09-30
1007407,50007407,SME,SME Loan,376238.63,664,667,0,0,13.1,32,20,,West,2026-09-30
1007408,50007408,Retail,Credit Card,403642.51,723,689,0,0,25.29,27,21,,South,2026-09-30
1007409,50007409,Retail,Mortgage,5413677.09,766,716,0,0,9.38,222,10,6359152.9,East,2026-09-30
1007410,50007410,SME,SME Loan,9840885.06,742,719,0,0,14.67,30,23,,Central,2026-09-30
1007411,50007411,Retail,Credit Card,445417.11,753,753,0,15,27.57,47,12,,North,2026-09-30
1007412,50007412,Retail,Credit Card,196318.74,744,764,0,15,30.75,13,9,,South,2026-09-30
1007413,50007413,Retail,Personal Loan,940292.4,800,805,0,15,18.88,48,35,,West,2026-09-30
1007414,50007414,SME,SME Loan,1551156.26,674,684,0,0,11.37,120,44,,East,2026-09-30
1007415,50007415,Retail,Auto Loan,3026317.32,595,624,0,0,12.11,70,35,2045851.19,West,2026-09-30
1007416,50007416,Retail,Auto Loan,333877.56,699,676,45,45,9.14,32,21,321493.72,West,2026-09-30
1007417,50007417,SME,SME Loan,9809064.46,659,656,30,30,14.52,32,19,,South,2026-09-30
1007418,50007418,Corporate,Corporate Loan,11824455.02,780,777,0,0,9.86,103,10,,West,2026-09-30
1007419,50007419,Corporate,Corporate Loan,51446742.92,694,696,0,0,11.09,16,4,,North,2026-09-30
1007420,50007420,Retail,Mortgage,861453.98,580,608,45,30,9.32,337,208,992839.55,South,2026-09-30
1007421,50007421,Corporate,Mortgage,5847585.43,530,536,45,15,8.82,163,53,7933438.67,East,2026-09-30
1007422,50007422,Retail,Auto Loan,3167939.83,576,589,0,15,8.82,81,72,2444860.46,West,2026-09-30
1007423,50007423,Retail,Mortgage,1438812.35,569,599,0,0,8.67,352,76,1266963.64,South,2026-09-30
1007424,50007424,Retail,Auto Loan,1417323.02,652,658,0,15,11.24,24,21,1449276.76,West,2026-09-30
1007425,50007425,Retail,Auto Loan,2366407.9,610,587,120,150,13.31,39,21,1851795.53,East,2026-09-30
1007426,50007426,SME,SME Loan,10263430.93,600,576,30,30,11.83,14,5,,South,2026-09-30
1007427,50007427,Retail,Auto Loan,2623299.31,645,674,15,0,11.88,63,49,3030437.57,West,2026-09-30
1007428,50007428,Retail,Personal Loan,151519.88,699,687,0,0,18.28,43,9,,South,2026-09-30
1007429,50007429,Retail,Personal Loan,1524159.23,645,658,0,30,14.89,52,6,,Central,2026-09-30
1007430,50007430,Retail,Personal Loan,726174.33,785,771,0,15,11.28,29,4,,South,2026-09-30
1007431,50007431,Retail,Mortgage,9278115.92,660,680,0,0,7.04,301,161,14333496.64,West,2026-09-30
1007432,50007432,Retail,Auto Loan,2825331.65,652,640,0,0,9.47,27,3,2169717.37,East,2026-09-30
1007433,50007433,Retail,Mortgage,8412548.37,733,746,0,15,7.32,155,104,8635462.31,East,2026-09-30
1007434,50007434,Retail,Personal Loan,761164.32,798,803,0,0,12.23,31,12,,West,2026-09-30
1007435,50007435,Corporate,Corporate Loan,62979975.73,803,816,0,0,9.18,163,66,,Central,2026-09-30
1007436,50007436,Retail,Auto Loan,2291782.47,740,710,0,0,11.91,50,1,1395912.21,South,2026-09-30
1007437,50007437,Retail,Auto Loan,266134.76,753,759,0,15,8.0,24,18,167421.05,West,2026-09-30
1007438,50007438,Retail,Credit Card,364800.44,735,743,0,15,32.71,16,3,,East,2026-09-30
1007439,50007439,SME,SME Loan,3587410.98,599,610,0,0,15.17,63,56,,South,2026-09-30
1007440,50007440,Retail,Mortgage,11763467.79,578,588,30,15,10.14,338,169,17468837.69,East,2026-09-30
1007441,50007441,Retail,Credit Card,482483.21,628,637,0,0,30.7,17,14,,North,2026-09-30
1007442,50007442,SME,Auto Loan,1758828.05,620,615,0,15,8.09,55,42,1249019.11,North,2026-09-30
1007443,50007443,Retail,Mortgage,2300157.06,690,710,120,120,9.14,343,302,2330365.62,East,2026-09-30
1007444,50007444,Retail,Mortgage,7154391.86,643,629,0,15,7.49,202,193,10072131.33,East,2026-09-30
1007445,50007445,Retail,Personal Loan,1509224.97,661,681,0,0,14.95,32,4,,South,2026-09-30
1007446,50007446,Retail,Credit Card,157083.1,676,670,0,30,35.61,50,17,,West,2026-09-30
1007447,50007447,Retail,Auto Loan,1169525.11,787,812,0,0,8.09,81,39,1256954.92,South,2026-09-30
1007448,50007448,Retail,Mortgage,11014499.56,780,769,0,15,9.76,190,134,14385340.42,North,2026-09-30
1007449,50007449,Retail,Mortgage,4484919.99,795,765,0,0,9.08,162,140,5462781.6,North,2026-09-30
1007450,50007450,Retail,Credit Card,311363.51,710,687,0,15,33.96,42,13,,South,2026-09-30
1007451,50007451,Retail,Personal Loan,355104.7,732,710,0,30,12.54,71,31,,East,2026-09-30
1007452,50007452,Retail,Auto Loan,652679.02,553,580,0,0,10.36,73,62,586816.73,West,2026-09-30
1007453,50007453,Retail,Credit Card,321946.17,623,621,0,0,39.78,35,19,,West,2026-09-30
1007454,50007454,SME,Mortgage,589426.27,769,748,0,0,8.5,198,64,685938.87,South,2026-09-30
1007455,50007455,SME,SME Loan,7273797.71,685,653,0,0,14.51,58,50,,North,2026-09-30
1007456,50007456,Retail,Personal Loan,1681964.78,785,771,15,15,16.36,38,18,,South,2026-09-30
1007457,50007457,Retail,Credit Card,336796.82,759,761,0,0,33.48,39,17,,West,2026-09-30
1007458,50007458,Retail,Auto Loan,2184101.18,745,698,0,0,13.94,47,37,2019279.73,West,2026-09-30
1007459,50007459,SME,SME Loan,5900087.96,746,731,0,30,17.58,72,13,,East,2026-09-30
1007460,50007460,Retail,Personal Loan,270302.4,608,605,60,30,13.26,55,43,,North,2026-09-30
1007461,50007461,SME,SME Loan,14780331.11,720,691,0,15,9.8,54,15,,East,2026-09-30
1007462,50007462,Retail,Credit Card,112077.86,661,628,0,0,34.28,51,48,,Central,2026-09-30
1007463,50007463,Retail,Auto Loan,1494815.72,766,781,0,0,10.23,54,19,1057262.47,West,2026-09-30
1007464,50007464,SME,SME Loan,10274457.39,786,764,0,0,14.59,22,15,,West,2026-09-30
1007465,50007465,Retail,Auto Loan,2633830.13,737,758,0,0,13.03,52,36,2482303.37,West,2026-09-30
1007466,50007466,Retail,Mortgage,6427901.9,713,716,0,30,9.19,293,96,8637046.27,West,2026-09-30
1007467,50007467,Retail,Mortgage,2699228.66,601,643,0,0,8.58,209,106,3526683.05,South,2026-09-30
1007468,50007468,SME,SME Loan,8019083.4,850,796,0,0,13.68,81,10,,East,2026-09-30
1007469,50007469,Retail,Personal Loan,1834235.66,753,784,0,0,15.66,17,12,,West,2026-09-30
1007470,50007470,SME,Mortgage,11794485.29,702,690,0,0,8.5,144,40,15108270.77,East,2026-09-30
1007471,50007471,Retail,Mortgage,610198.29,705,721,0,0,9.62,193,67,779859.4,South,2026-09-30
1007472,50007472,SME,SME Loan,6348253.82,600,623,0,0,13.44,36,33,,Central,2026-09-30
1007473,50007473,Retail,Mortgage,6461747.3,764,748,0,0,7.84,181,156,9831532.74,South,2026-09-30
1007474,50007474,Retail,Personal Loan,107112.43,632,669,0,15,19.52,22,17,,West,2026-09-30
1007475,50007475,Retail,Credit Card,17583.31,629,663,0,0,32.24,15,6,,East,2026-09-30
1007476,50007476,Retail,Mortgage,4089385.6,698,715,0,15,8.3,239,126,4446756.33,North,2026-09-30
1007477,50007477,Retail,Personal Loan,84159.95,693,722,0,0,12.69,78,59,,East,2026-09-30
1007478,50007478,Retail,Personal Loan,1632779.91,667,626,0,0,18.16,75,63,,North,2026-09-30
1007479,50007479,Retail,Mortgage,2477600.7,780,752,0,15,8.08,130,43,2153460.89,South,2026-09-30
1007480,50007480,Retail,Mortgage,10787800.75,684,697,0,30,9.32,349,182,10046999.93,South,2026-09-30
1007481,50007481,SME,Auto Loan,3025722.83,814,843,0,15,11.84,40,24,3134877.08,West,2026-09-30
1007482,50007482,Retail,Mortgage,11944588.75,787,781,0,0,9.38,275,152,14426078.23,East,2026-09-30
1007483,50007483,Retail,Personal Loan,663551.87,671,642,0,0,12.69,23,3,,East,2026-09-30
1007484,50007484,Retail,Mortgage,6887679.91,752,734,0,0,9.48,312,286,8610990.32,North,2026-09-30
1007485,50007485,Retail,Auto Loan,302839.29,735,765,0,0,11.17,62,28,201254.71,East,2026-09-30
1007486,50007486,Retail,Auto Loan,3031353.47,655,664,0,0,9.99,52,41,2145470.64,East,2026-09-30
1007487,50007487,Retail,Personal Loan,806320.95,553,567,0,0,13.71,42,4,,West,2026-09-30
1007488,50007488,SME,SME Loan,2537794.68,638,674,0,0,10.71,14,8,,East,2026-09-30
1007489,50007489,Retail,Mortgage,5535476.99,774,760,0,0,9.26,238,203,5589451.55,South,2026-09-30
1007490,50007490,Retail,Mortgage,2082883.67,674,652,60,45,7.61,147,22,2855868.53,West,2026-09-30
1007491,50007491,Retail,Mortgage,7388643.46,608,620,0,0,10.31,242,60,11340465.9,West,2026-09-30
1007492,50007492,Retail,Personal Loan,1535738.95,638,639,75,75,11.16,74,20,,West,2026-09-30
1007493,50007493,SME,SME Loan,4674044.35,772,773,0,0,17.54,37,29,,North,2026-09-30
1007494,50007494,Corporate,Corporate Loan,20523555.73,780,794,0,0,8.62,87,63,,South,2026-09-30
1007495,50007495,Retail,Mortgage,1448017.68,658,677,0,0,10.31,148,16,1500209.62,North,2026-09-30
1007496,50007496,Retail,Personal Loan,1818439.61,625,640,0,0,16.99,24,15,,South,2026-09-30
1007497,50007497,Retail,Personal Loan,661738.06,758,786,0,0,16.59,74,28,,South,2026-09-30
1007498,50007498,Retail,Personal Loan,806633.29,768,789,0,0,19.67,74,56,,South,2026-09-30
1007499,50007499,SME,Auto Loan,904372.44,797,788,15,15,11.53,81,79,848078.44,North,2026-09-30
1007500,50007500,Retail,Personal Loan,292897.76,639,645,0,0,11.58,83,61,,Central,2026-09-30
1007501,50007501,Retail,Mortgage,8293288.67,685,673,0,0,9.82,243,100,11957021.14,West,2026-09-30
1007502,50007502,Retail,Mortgage,3816783.5,627,637,0,0,9.58,303,33,4173632.89,East,2026-09-30
1007503,50007503,Retail,Mortgage,10784877.82,609,579,120,120,9.97,292,268,12142396.34,South,2026-09-30
1007504,50007504,Retail,Mortgage,6381168.24,683,690,0,0,8.11,160,79,8594172.43,West,2026-09-30
1007505,50007505,Retail,Personal Loan,1664080.71,674,674,0,0,14.88,66,53,,South,2026-09-30
1007506,50007506,Retail,Credit Card,450734.8,753,770,0,0,35.1,22,10,,West,2026-09-30
1007507,50007507,Retail,Auto Loan,1254109.61,750,755,0,0,10.41,54,46,754278.56,West,2026-09-30
1007508,50007508,Retail,Auto Loan,1792498.28,755,761,0,0,13.25,79,7,1247542.96,South,2026-09-30
1007509,50007509,Retail,Mortgage,1453395.55,670,715,0,0,10.13,250,104,1237129.45,South,2026-09-30
1007510,50007510,Retail,Credit Card,10079.28,724,726,30,0,25.21,29,5,,South,2026-09-30
1007511,50007511,SME,SME Loan,10540879.5,756,774,0,0,17.23,95,46,,West,2026-09-30
1007512,50007512,SME,SME Loan,8641647.37,717,709,0,0,14.96,99,6,,South,2026-09-30
1007513,50007513,Retail,Personal Loan,1174822.4,669,661,0,0,13.08,68,68,,North,2026-09-30
1007514,50007514,Retail,Mortgage,11554856.32,698,706,0,15,7.56,334,9,11419057.81,West,2026-09-30
1007515,50007515,Retail,Mortgage,2146011.83,727,693,0,0,8.72,229,105,2119288.62,South,2026-09-30
1007516,50007516,Retail,Mortgage,1193364.42,785,805,0,0,8.64,152,55,1385955.24,North,2026-09-30
1007517,50007517,Retail,Credit Card,261585.45,771,755,0,0,27.21,24,5,,South,2026-09-30
1007518,50007518,Retail,Personal Loan,296777.13,802,807,0,30,15.61,47,15,,East,2026-09-30
1007519,50007519,Retail,Mortgage,11835168.3,682,690,0,15,9.53,347,302,15655045.81,West,2026-09-30
1007520,50007520,Retail,Auto Loan,1970095.09,671,670,0,0,13.14,38,32,1643887.52,West,2026-09-30
1007521,50007521,Retail,Personal Loan,1735312.56,679,689,0,0,10.02,26,3,,East,2026-09-30
1007522,50007522,Retail,Auto Loan,2846478.23,835,821,0,0,13.73,61,51,1822633.06,West,2026-09-30
1007523,50007523,Retail,Credit Card,254434.3,790,764,0,0,32.84,43,20,,East,2026-09-30
1007524,50007524,Retail,Auto Loan,3432346.26,618,604,0,15,13.91,51,26,2535520.06,South,2026-09-30
1007525,50007525,Retail,Mortgage,1666041.61,714,690,0,0,8.68,282,206,2533491.64,North,2026-09-30
1007526,50007526,Retail,Personal Loan,386893.81,481,493,0,0,16.29,79,61,,East,2026-09-30
1007527,50007527,Retail,Mortgage,3212800.56,720,676,120,120,9.44,222,131,3756994.9,West,2026-09-30
1007528,50007528,Retail,Mortgage,6503837.55,743,742,0,0,9.97,327,282,7052013.42,East,2026-09-30
1007529,50007529,Retail,Personal Loan,1406362.29,,576,0,0,18.56,24,18,,West,2026-09-30
1007530,50007530,Retail,Mortgage,8654679.83,754,756,0,0,8.7,197,98,8784769.29,West,2026-09-30
1007531,50007531,Retail,Auto Loan,1618423.46,729,737,0,0,13.13,84,38,1027908.5,South,2026-09-30
1007532,50007532,Retail,Mortgage,10712818.02,831,821,0,0,8.69,278,50,10959170.37,East,2026-09-30
1007533,50007533,Retail,Credit Card,248276.27,656,642,60,60,36.07,29,3,,East,2026-09-30
1007534,50007534,Retail,Mortgage,2599919.52,617,664,0,0,9.08,246,160,2341178.88,South,2026-09-30
1007535,50007535,Retail,Auto Loan,3233038.6,574,577,45,15,11.65,30,13,1968602.63,West,2026-09-30
1007536,50007536,Retail,Auto Loan,1811117.71,658,688,0,30,13.32,60,15,2124872.21,South,2026-09-30
1007537,50007537,Retail,Personal Loan,655398.12,686,694,0,0,18.57,25,7,,East,2026-09-30
1007538,50007538,Retail,Personal Loan,1895913.55,841,827,0,0,19.36,79,12,,Central,2026-09-30
1007539,50007539,SME,SME Loan,2716174.17,748,758,0,0,11.63,78,36,,Central,2026-09-30
1007540,50007540,Retail,Auto Loan,857670.72,667,647,0,0,9.65,68,34,825769.03,South,2026-09-30
1007541,50007541,SME,SME Loan,11462742.95,702,682,0,0,11.88,46,37,,West,2026-09-30
1007542,50007542,SME,Auto Loan,1929534.03,758,751,0,0,13.45,38,7,2158635.46,West,2026-09-30
1007543,50007543,Corporate,Mortgage,3542856.15,805,786,0,0,9.03,247,49,3652479.01,West,2026-09-30
1007544,50007544,Retail,Auto Loan,3221280.22,757,734,0,0,13.72,70,31,2155936.53,South,2026-09-30
1007545,50007545,SME,SME Loan,4660942.6,683,677,0,0,12.83,35,33,,South,2026-09-30
1007546,50007546,Retail,Mortgage,3482915.21,638,623,30,45,8.04,359,241,4029628.01,North,2026-09-30
1007547,50007547,Retail,Credit Card,193981.55,681,655,0,0,33.55,57,41,,East,2026-09-30
1007548,50007548,Retail,Auto Loan,1160619.0,671,666,30,30,8.24,58,54,928535.13,West,2026-09-30
1007549,50007549,Retail,Credit Card,477813.86,714,699,30,45,26.05,38,25,,West,2026-09-30
1007550,50007550,Retail,Auto Loan,848820.89,644,657,0,0,13.91,84,41,512575.39,West,2026-09-30
1007551,50007551,Retail,Mortgage,8632712.47,576,603,0,15,8.23,167,135,11998235.87,East,2026-09-30
1007552,50007552,Retail,Personal Loan,1532920.44,667,620,0,0,16.63,41,11,,South,2026-09-30
1007553,50007553,Retail,Personal Loan,1184798.26,791,772,0,0,15.35,30,13,,West,2026-09-30
1007554,50007554,Retail,Personal Loan,361063.67,641,646,0,0,18.13,55,17,,East,2026-09-30
1007555,50007555,SME,SME Loan,5998529.8,817,769,0,15,9.26,55,11,,East,2026-09-30
1007556,50007556,Retail,Mortgage,6124901.03,717,702,0,0,8.02,232,30,8862635.6,North,2026-09-30
1007557,50007557,Retail,Personal Loan,1836506.44,675,720,30,15,12.99,35,4,,West,2026-09-30
1007558,50007558,Retail,Mortgage,5456818.39,719,714,0,0,8.38,199,23,4752263.86,North,2026-09-30
1007559,50007559,Retail,Auto Loan,1423122.63,879,865,0,30,13.81,67,37,1638314.32,South,2026-09-30
1007560,50007560,SME,SME Loan,2329600.29,702,705,0,15,10.41,17,8,,West,2026-09-30
1007561,50007561,Retail,Mortgage,8443074.68,560,582,30,30,9.32,146,119,11283574.1,Central,2026-09-30
1007562,50007562,Retail,Credit Card,202771.78,724,705,0,15,41.39,27,14,,South,2026-09-30
1007563,50007563,Retail,Personal Loan,181792.78,686,680,0,0,19.24,26,14,,East,2026-09-30
1007564,50007564,Retail,Mortgage,2233217.11,718,746,0,0,9.92,206,157,3434288.19,North,2026-09-30
1007565,50007565,Retail,Mortgage,8405905.23,681,721,0,30,10.16,201,133,11512450.68,Central,2026-09-30
1007566,50007566,Retail,Personal Loan,275629.44,759,730,0,0,19.94,43,24,,South,2026-09-30
1007567,50007567,Retail,Personal Loan,1375626.53,795,754,0,0,17.46,49,37,,South,2026-09-30
1007568,50007568,Retail,Mortgage,7885934.99,723,760,0,0,9.87,248,49,9719522.78,West,2026-09-30
1007569,50007569,Retail,Credit Card,329273.77,698,701,0,0,35.85,31,29,,Central,2026-09-30
1007570,50007570,Retail,Personal Loan,277568.56,751,764,0,0,15.7,63,9,,West,2026-09-30
1007571,50007571,Corporate,Mortgage,9417143.86,644,656,0,0,10.05,140,55,10696718.08,West,2026-09-30
1007572,50007572,Retail,Auto Loan,349568.55,737,723,0,0,12.98,80,46,382387.38,South,2026-09-30
1007573,50007573,Retail,Credit Card,91967.64,782,766,0,15,25.46,14,12,,South,2026-09-30
1007574,50007574,Retail,Auto Loan,1796751.82,674,678,0,0,10.57,32,5,1137800.57,South,2026-09-30
1007575,50007575,Retail,Auto Loan,1417221.15,586,554,60,60,9.68,46,10,1393140.63,North,2026-09-30
1007576,50007576,Retail,Credit Card,193657.03,812,811,0,0,24.84,25,16,,West,2026-09-30
1007577,50007577,Retail,Auto Loan,923099.52,731,731,0,0,9.91,82,68,578190.9,East,2026-09-30
1007578,50007578,Retail,Mortgage,10067449.61,755,740,0,0,9.16,177,139,9124883.9,Central,2026-09-30
1007579,50007579,Retail,Personal Loan,1014260.67,611,586,0,15,13.15,32,7,,Central,2026-09-30
1007580,50007580,Retail,Personal Loan,1434897.45,697,730,75,60,14.88,52,35,,North,2026-09-30
1007581,50007581,Retail,Credit Card,135323.98,561,541,0,0,35.44,20,2,,West,2026-09-30
1007582,50007582,Retail,Auto Loan,2872728.68,732,742,0,30,8.22,72,54,2131741.28,South,2026-09-30
1007583,50007583,Retail,Mortgage,7105225.95,711,679,0,15,9.15,212,31,8574869.85,Central,2026-09-30
1007584,50007584,SME,SME Loan,6968359.04,798,804,0,0,9.04,118,81,,East,2026-09-30
1007585,50007585,Retail,Personal Loan,1412357.06,715,720,15,0,19.35,26,10,,East,2026-09-30
1007586,50007586,Retail,Personal Loan,608174.71,775,799,0,15,15.98,56,7,,West,2026-09-30
1007587,50007587,Retail,Mortgage,6259577.87,714,744,0,15,7.29,257,231,6450699.61,East,2026-09-30
1007588,50007588,Retail,Personal Loan,1623440.62,801,838,0,0,15.08,66,16,,North,2026-09-30
1007589,50007589,Retail,Personal Loan,994571.1,792,796,0,0,15.57,36,32,,South,2026-09-30
1007590,50007590,Retail,Mortgage,5798703.66,851,832,0,0,9.34,157,127,5964224.11,North,2026-09-30
1007591,50007591,Retail,Mortgage,11604671.49,768,741,0,0,10.34,338,262,16826588.78,Central,2026-09-30
1007592,50007592,Retail,Mortgage,5978763.07,717,725,0,15,9.35,326,73,6470074.15,West,2026-09-30
1007593,50007593,Retail,Personal Loan,1112757.74,743,716,0,0,12.44,37,27,,North,2026-09-30
1007594,50007594,Corporate,Corporate Loan,46393660.24,730,723,0,15,10.06,126,99,,Central,2026-09-30
1007595,50007595,Retail,Mortgage,6242796.43,790,764,0,0,8.64,162,152,8377853.92,East,2026-09-30
1007596,50007596,Retail,Mortgage,3550895.03,623,662,15,15,10.48,317,113,3104849.08,South,2026-09-30
1007597,50007597,Retail,Auto Loan,2169069.69,699,699,0,0,10.22,42,19,2024808.49,West,2026-09-30
1007598,50007598,Retail,Credit Card,363823.82,722,721,0,0,31.32,20,4,,West,2026-09-30
1007599,50007599,Retail,Personal Loan,1832938.59,702,699,0,0,14.41,74,9,,West,2026-09-30
1007600,50007600,SME,SME Loan,12683536.65,541,563,0,0,10.95,24,24,,West,2026-09-30
1007601,50007601,Retail,Auto Loan,3177831.86,642,659,0,0,8.12,54,53,3623167.67,West,2026-09-30
1007602,50007602,Retail,Auto Loan,2457900.54,840,842,0,0,11.69,81,8,2024159.81,West,2026-09-30
1007603,50007603,Retail,Auto Loan,2275933.68,711,710,0,0,11.84,81,24,2332537.84,Central,2026-09-30
1007604,50007604,Retail,Credit Card,246218.75,663,664,0,0,30.68,27,25,,West,2026-09-30
1007605,50007605,Retail,Credit Card,10903.08,878,835,0,30,37.18,27,18,,Central,2026-09-30
1007606,50007606,SME,SME Loan,12141537.48,630,668,0,15,13.38,60,20,,North,2026-09-30
1007607,50007607,Retail,Auto Loan,1652646.54,776,774,0,0,9.15,42,34,1482098.26,West,2026-09-30
1007608,50007608,Retail,Personal Loan,1573500.97,770,699,0,0,16.32,44,23,,West,2026-09-30
1007609,50007609,Retail,Credit Card,12159.23,658,717,0,15,34.02,39,39,,North,2026-09-30
1007610,50007610,Retail,Credit Card,428631.29,791,766,0,0,36.89,38,11,,East,2026-09-30
1007611,50007611,Retail,Personal Loan,307814.62,566,575,75,90,11.12,71,45,,West,2026-09-30
1007612,50007612,Retail,Auto Loan,3167241.11,625,625,0,0,11.58,41,34,3450239.01,West,2026-09-30
1007613,50007613,SME,SME Loan,11891463.84,696,718,0,15,16.84,65,37,,North,2026-09-30
1007614,50007614,Retail,Credit Card,95114.13,679,669,0,0,36.69,43,1,,North,2026-09-30
1007615,50007615,Retail,Mortgage,8822113.18,670,681,0,30,8.07,191,190,12787523.4,West,2026-09-30
1007616,50007616,Retail,Personal Loan,386047.73,520,534,0,15,10.99,29,29,,West,2026-09-30
1007617,50007617,Retail,Credit Card,336594.72,670,669,15,15,29.23,25,3,,North,2026-09-30
1007618,50007618,Retail,Credit Card,77339.15,734,744,0,0,29.76,60,55,,North,2026-09-30
1007619,50007619,Retail,Mortgage,11571803.6,730,700,0,0,7.87,336,271,10881825.23,South,2026-09-30
1007620,50007620,Retail,Mortgage,10323083.25,670,665,0,0,8.37,331,231,10022843.49,North,2026-09-30
1007621,50007621,Retail,Personal Loan,1379856.14,833,836,0,15,13.87,62,57,,Central,2026-09-30
1007622,50007622,Retail,Credit Card,295165.47,573,561,90,75,29.39,21,7,,West,2026-09-30
1007623,50007623,Retail,Personal Loan,1207083.18,611,630,30,0,10.84,34,19,,North,2026-09-30
1007624,50007624,Retail,Mortgage,616444.07,777,779,0,0,9.65,195,101,920332.55,East,2026-09-30
1007625,50007625,Retail,Auto Loan,1786471.78,740,734,0,15,12.37,66,60,1293608.16,Central,2026-09-30
1007626,50007626,Retail,Mortgage,6510046.39,679,661,0,15,8.84,161,61,9437967.1,North,2026-09-30
1007627,50007627,Retail,Personal Loan,160946.91,744,703,0,15,17.26,76,14,,West,2026-09-30
1007628,50007628,Retail,Personal Loan,417039.29,701,721,0,0,11.77,78,43,,East,2026-09-30
1007629,50007629,Retail,Mortgage,11619398.07,665,652,0,0,7.22,338,24,16550096.18,South,2026-09-30
1007630,50007630,Retail,Credit Card,497572.17,610,589,0,0,26.85,28,18,,Central,2026-09-30
1007631,50007631,SME,Auto Loan,1862963.05,673,682,0,0,11.76,34,32,2140165.14,South,2026-09-30
1007632,50007632,SME,SME Loan,13566155.37,751,772,0,0,15.46,92,50,,East,2026-09-30
1007633,50007633,Retail,Credit Card,401687.55,576,580,120,105,32.25,43,42,,North,2026-09-30
1007634,50007634,Retail,Mortgage,10585001.39,741,718,0,0,8.95,247,240,15550368.38,West,2026-09-30
1007635,50007635,SME,SME Loan,5845074.41,676,674,0,30,13.72,49,4,,East,2026-09-30
1007636,50007636,Retail,Credit Card,315783.76,696,690,0,0,33.28,42,38,,North,2026-09-30
1007637,50007637,Corporate,Corporate Loan,58016597.29,742,760,0,15,10.7,40,21,,Central,2026-09-30
1007638,50007638,Retail,Personal Loan,1787280.37,740,754,0,0,16.15,64,41,,South,2026-09-30
1007639,50007639,Corporate,Corporate Loan,19431121.06,578,536,0,0,12.87,108,97,,South,2026-09-30
1007640,50007640,Retail,Mortgage,1084309.91,,742,0,30,7.08,215,156,1420473.01,Central,2026-09-30
1007641,50007641,Retail,Auto Loan,984680.74,766,752,0,15,9.19,32,6,784025.41,West,2026-09-30
1007642,50007642,Retail,Credit Card,331028.88,657,658,,0,37.39,28,24,,East,2026-09-30
1007643,50007643,Retail,Mortgage,8110281.44,655,664,75,75,10.36,199,148,10095738.29,West,2026-09-30
1007644,50007644,Retail,Mortgage,9348861.08,683,704,45,60,9.09,324,196,13720984.93,North,2026-09-30
1007645,50007645,Corporate,Corporate Loan,7563433.08,709,710,180,195,9.12,73,58,,West,2026-09-30
1007646,50007646,SME,SME Loan,7499249.37,686,728,0,0,17.03,39,3,,South,2026-09-30
1007647,50007647,Retail,Credit Card,311433.31,664,661,0,30,27.69,17,8,,North,2026-09-30
1007648,50007648,Retail,Credit Card,34287.01,709,683,90,90,36.34,33,17,,West,2026-09-30
1007649,50007649,SME,SME Loan,7412391.42,683,681,0,0,10.1,72,40,,West,2026-09-30
1007650,50007650,Retail,Personal Loan,302017.85,682,680,0,30,10.1,46,37,,West,2026-09-30
1007651,50007651,SME,SME Loan,9485495.02,699,711,0,0,12.42,48,12,,North,2026-09-30
1007652,50007652,Retail,Auto Loan,1533130.17,694,697,0,0,8.79,81,81,1090741.34,West,2026-09-30
1007653,50007653,SME,SME Loan,6866759.28,782,781,0,30,9.81,24,22,,West,2026-09-30
1007654,50007654,Retail,Credit Card,64052.23,616,590,0,0,30.08,53,48,,West,2026-09-30
1007655,50007655,Retail,Personal Loan,1062708.1,687,667,60,90,19.82,58,11,,South,2026-09-30
1007656,50007656,SME,Auto Loan,985816.9,751,798,0,0,8.6,57,9,918345.58,North,2026-09-30
1007657,50007657,Retail,Credit Card,242256.42,745,719,0,0,24.39,31,13,,West,2026-09-30
1007658,50007658,SME,SME Loan,4913599.83,845,809,0,0,11.69,88,58,,West,2026-09-30
1007659,50007659,Retail,Mortgage,4777924.46,689,705,0,0,8.99,231,13,4191353.32,South,2026-09-30
1007660,50007660,SME,SME Loan,750732.34,785,764,0,0,15.85,49,48,,South,2026-09-30
1007661,50007661,Retail,Auto Loan,3158692.26,755,741,0,0,10.2,62,38,2869458.54,South,2026-09-30
1007662,50007662,Retail,Credit Card,255903.96,826,850,0,0,26.97,32,30,,North,2026-09-30
1007663,50007663,Retail,Mortgage,4489762.23,,540,0,0,9.92,214,27,5275234.59,North,2026-09-30
1007664,50007664,Retail,Credit Card,181912.56,810,801,0,0,29.5,15,10,,West,2026-09-30
1007665,50007665,Retail,Mortgage,7879018.52,656,648,0,0,9.74,188,152,7026442.15,West,2026-09-30
1007666,50007666,Retail,Auto Loan,1647364.14,732,731,60,45,10.42,71,43,1275468.91,East,2026-09-30
1007667,50007667,Retail,Mortgage,10628885.54,817,787,0,30,7.33,193,21,11457885.22,Central,2026-09-30
1007668,50007668,Retail,Personal Loan,608291.97,613,643,0,30,10.2,36,29,,West,2026-09-30
1007669,50007669,Retail,Mortgage,8686048.47,715,710,0,30,7.09,242,195,11849709.79,Central,2026-09-30
1007670,50007670,Retail,Credit Card,150967.81,740,718,0,0,34.32,28,1,,East,2026-09-30
1007671,50007671,Retail,Mortgage,7467006.8,801,771,0,15,9.08,263,225,7565478.57,West,2026-09-30
1007672,50007672,Retail,Auto Loan,2954740.84,651,649,0,0,8.64,66,47,3267531.85,West,2026-09-30
1007673,50007673,Retail,Mortgage,824744.52,692,700,0,0,7.03,358,30,1247012.02,East,2026-09-30
1007674,50007674,SME,SME Loan,10314585.64,746,722,0,0,15.8,84,83,,North,2026-09-30
1007675,50007675,Retail,Personal Loan,984230.15,826,804,0,0,11.32,76,43,,South,2026-09-30
1007676,50007676,Retail,Personal Loan,814326.72,811,818,0,0,12.64,37,35,,Central,2026-09-30
1007677,50007677,Retail,Auto Loan,2051299.35,702,716,90,90,10.75,68,59,1463197.39,West,2026-09-30
1007678,50007678,Retail,Auto Loan,2097525.41,777,753,0,0,12.8,41,14,1456650.42,Central,2026-09-30
1007679,50007679,Retail,Auto Loan,454515.85,,735,0,0,9.5,61,56,296862.63,East,2026-09-30
1007680,50007680,SME,SME Loan,7520924.05,661,666,0,0,17.52,14,5,,South,2026-09-30
1007681,50007681,Retail,Mortgage,4297439.03,748,751,0,0,7.63,246,49,6610312.97,South,2026-09-30
1007682,50007682,Retail,Personal Loan,1110482.16,790,787,0,0,12.46,42,24,,North,2026-09-30
1007683,50007683,Retail,Personal Loan,1039067.23,748,741,0,0,12.83,49,35,,Central,2026-09-30
1007684,50007684,SME,SME Loan,12863157.53,696,699,0,0,12.27,116,55,,West,2026-09-30
1007685,50007685,SME,Auto Loan,207084.94,688,666,0,0,8.82,48,46,179478.73,West,2026-09-30
1007686,50007686,Retail,Personal Loan,437962.5,666,681,0,30,15.27,22,3,,West,2026-09-30
1007687,50007687,SME,SME Loan,12134090.57,595,627,15,15,14.22,20,17,,West,2026-09-30
1007688,50007688,Retail,Personal Loan,632535.02,685,694,0,0,19.34,62,32,,South,2026-09-30
1007689,50007689,Retail,Auto Loan,2202259.97,770,731,0,0,11.29,29,15,2238245.16,West,2026-09-30
1007690,50007690,Retail,Personal Loan,1363175.47,696,699,0,15,18.86,26,25,,West,2026-09-30
1007691,50007691,SME,SME Loan,10900465.68,662,677,0,0,14.68,28,4,,East,2026-09-30
1007692,50007692,Retail,Personal Loan,552779.0,812,800,0,0,16.51,16,3,,North,2026-09-30
1007693,50007693,SME,Auto Loan,910788.82,771,768,0,30,12.2,35,28,690317.6,North,2026-09-30
1007694,50007694,SME,SME Loan,3070304.31,585,589,0,0,11.11,70,23,,West,2026-09-30
1007695,50007695,Retail,Personal Loan,764797.86,782,723,0,15,18.25,67,53,,West,2026-09-30
1007696,50007696,SME,SME Loan,4842430.82,723,720,0,0,12.99,63,23,,North,2026-09-30
1007697,50007697,Retail,Personal Loan,956053.4,690,670,0,30,12.88,34,7,,North,2026-09-30
1007698,50007698,Retail,Personal Loan,982183.18,707,669,90,75,14.9,32,29,,South,2026-09-30
1007699,50007699,Retail,Mortgage,9763541.15,658,680,0,30,8.23,235,120,10010151.18,West,2026-09-30
1007700,50007700,Retail,Auto Loan,219304.65,605,568,0,0,11.8,24,9,232155.26,North,2026-09-30
1007701,50007701,Retail,Auto Loan,2538389.99,606,629,0,0,11.65,24,21,2533340.71,West,2026-09-30
1007702,50007702,SME,SME Loan,13100194.84,602,612,0,0,9.85,21,9,,Central,2026-09-30
1007703,50007703,Retail,Personal Loan,1123581.84,676,675,90,90,13.19,35,7,,South,2026-09-30
1007704,50007704,SME,Auto Loan,1193626.03,737,759,60,60,9.76,69,31,1411231.39,South,2026-09-30
1007705,50007705,SME,SME Loan,12595164.34,764,782,0,0,15.12,43,22,,West,2026-09-30
1007706,50007706,Retail,Mortgage,5732681.3,700,712,0,0,7.79,130,8,7265708.7,West,2026-09-30
1007707,50007707,Retail,Personal Loan,323985.59,722,670,60,60,13.14,59,2,,South,2026-09-30
1007708,50007708,Retail,Personal Loan,821354.89,657,666,60,60,11.07,81,31,,West,2026-09-30
1007709,50007709,Retail,Auto Loan,2709472.71,629,675,0,0,9.78,30,27,2490066.53,North,2026-09-30
1007710,50007710,Corporate,Mortgage,5157472.63,741,729,0,0,10.25,267,63,4666802.53,West,2026-09-30
1007711,50007711,Retail,Auto Loan,1542889.61,830,824,0,15,12.2,82,72,958383.12,West,2026-09-30
1007712,50007712,SME,Mortgage,9959696.14,759,722,0,0,7.58,289,283,13873785.07,North,2026-09-30
1007713,50007713,Retail,Personal Loan,583389.74,687,701,0,0,14.53,45,9,,West,2026-09-30
1007714,50007714,Retail,Personal Loan,135129.25,677,687,0,0,15.01,81,3,,East,2026-09-30
1007715,50007715,Retail,Auto Loan,2741933.09,851,839,0,0,9.72,71,9,2323668.04,South,2026-09-30
1007716,50007716,Retail,Credit Card,359423.42,698,729,90,90,41.29,49,44,,East,2026-09-30
1007717,50007717,Retail,Auto Loan,1649359.53,779,803,0,0,8.38,55,37,1805106.98,South,2026-09-30
1007718,50007718,Retail,Auto Loan,461378.7,584,608,0,0,8.05,56,34,329493.24,East,2026-09-30
1007719,50007719,SME,SME Loan,10906526.76,646,642,75,90,17.37,66,2,,Central,2026-09-30
1007720,50007720,SME,Mortgage,8610988.16,900,883,0,0,9.2,323,35,10310191.1,West,2026-09-30
1007721,50007721,SME,Auto Loan,1105703.27,711,712,15,0,10.16,42,30,914022.05,Central,2026-09-30
1007722,50007722,Retail,Auto Loan,3339684.64,812,758,0,0,8.42,84,21,3479250.68,South,2026-09-30
1007723,50007723,Retail,Mortgage,10678212.49,728,734,0,0,8.28,136,119,10720123.45,West,2026-09-30
1007724,50007724,SME,SME Loan,577103.06,649,659,15,45,9.89,25,22,,West,2026-09-30
1007725,50007725,Retail,Mortgage,6908233.09,679,683,0,0,10.24,143,2,8654794.81,West,2026-09-30
1007726,50007726,Retail,Personal Loan,1507878.93,732,686,0,0,13.9,49,20,,North,2026-09-30
1007727,50007727,Retail,Personal Loan,1403118.83,782,775,0,15,13.14,44,1,,South,2026-09-30
1007728,50007728,Corporate,Corporate Loan,57641498.52,663,660,0,30,10.53,172,131,,West,2026-09-30
1007729,50007729,Retail,Credit Card,105375.9,746,783,0,0,41.52,33,1,,West,2026-09-30
1007730,50007730,Retail,Auto Loan,984419.35,768,732,0,0,8.53,79,29,685441.27,West,2026-09-30
1007731,50007731,Retail,Mortgage,9106895.12,792,778,0,30,10.29,298,101,8757441.24,West,2026-09-30
1007732,50007732,SME,SME Loan,7789654.45,668,648,0,0,14.75,113,65,,South,2026-09-30
1007733,50007733,Retail,Personal Loan,1735545.79,684,691,60,30,18.36,33,33,,South,2026-09-30
1007734,50007734,Retail,Auto Loan,1799152.12,682,650,0,15,8.16,54,47,1321163.82,South,2026-09-30
1007735,50007735,SME,SME Loan,1856896.45,683,654,0,30,15.02,28,11,,South,2026-09-30
1007736,50007736,Retail,Mortgage,5906966.89,809,799,0,0,7.81,260,211,6297278.52,North,2026-09-30
1007737,50007737,Retail,Auto Loan,748452.86,617,647,0,0,8.42,55,54,718866.62,West,2026-09-30
1007738,50007738,SME,SME Loan,1846749.09,731,733,0,0,17.63,20,7,,West,2026-09-30
1007739,50007739,Retail,Mortgage,5819177.88,620,632,0,0,8.2,324,246,8527600.61,East,2026-09-30
1007740,50007740,Retail,Auto Loan,2825329.18,614,629,0,0,10.93,49,21,1722096.97,East,2026-09-30
1007741,50007741,Retail,Credit Card,390496.83,613,609,30,60,34.91,33,22,,West,2026-09-30
1007742,50007742,Retail,Mortgage,10814309.64,785,754,0,15,9.37,212,78,12458316.1,North,2026-09-30
1007743,50007743,SME,SME Loan,13705885.07,591,585,60,60,11.69,70,44,,West,2026-09-30
1007744,50007744,SME,Mortgage,8976493.51,725,722,0,15,7.39,153,50,,West,2026-09-30
1007745,50007745,SME,SME Loan,14844499.41,751,742,0,0,16.24,66,31,,East,2026-09-30
1007746,50007746,Retail,Mortgage,6626318.44,695,720,120,120,9.5,309,215,6674787.66,East,2026-09-30
1007747,50007747,SME,Auto Loan,470627.83,788,759,0,0,8.88,63,17,558937.1,West,2026-09-30
1007748,50007748,Retail,Auto Loan,2018926.17,683,644,0,0,8.86,24,18,1362993.65,South,2026-09-30
1007749,50007749,Retail,Personal Loan,1631129.38,618,628,90,90,19.33,40,27,,East,2026-09-30
1007750,50007750,Retail,Mortgage,2771381.92,624,641,0,0,8.02,246,232,2615958.73,West,2026-09-30
1007751,50007751,Retail,Mortgage,11970773.22,621,634,0,0,8.1,155,19,18010597.9,East,2026-09-30
1007752,50007752,Retail,Personal Loan,1880551.71,708,714,0,0,14.3,59,39,,East,2026-09-30
1007753,50007753,SME,Auto Loan,509581.8,599,597,0,15,10.7,42,1,512434.88,Central,2026-09-30
1007754,50007754,Retail,Mortgage,3582286.25,797,764,0,0,9.08,358,325,4643578.99,Central,2026-09-30
1007755,50007755,Retail,Credit Card,182223.03,860,855,0,15,35.52,35,13,,Central,2026-09-30
1007756,50007756,Retail,Personal Loan,933485.61,607,663,0,15,15.42,76,35,,West,2026-09-30
1007757,50007757,Retail,Mortgage,10728508.08,707,710,30,30,9.52,164,142,12459663.42,Central,2026-09-30
1007758,50007758,SME,SME Loan,3515654.72,736,714,0,0,12.1,26,23,,South,2026-09-30
1007759,50007759,Retail,Mortgage,3758569.63,,715,0,0,8.0,305,239,3576591.26,West,2026-09-30
1007760,50007760,Retail,Personal Loan,255465.86,667,668,0,0,12.63,58,56,,East,2026-09-30
1007761,50007761,Retail,Personal Loan,303857.71,850,846,0,0,14.59,12,9,,West,2026-09-30
1007762,50007762,Retail,Auto Loan,1148300.84,674,654,0,0,10.77,43,9,1042609.85,South,2026-09-30
1007763,50007763,SME,Auto Loan,1619240.39,719,709,0,0,8.66,40,10,1741013.9,West,2026-09-30
1007764,50007764,Corporate,Corporate Loan,43125537.5,665,662,120,90,12.25,148,20,,Central,2026-09-30
1007765,50007765,Retail,Credit Card,490189.33,701,731,0,0,35.04,54,2,,West,2026-09-30
1007766,50007766,Retail,Mortgage,6043786.37,756,753,0,0,7.97,235,158,7056007.21,East,2026-09-30
1007767,50007767,SME,SME Loan,12169932.55,761,778,0,30,10.94,55,31,,East,2026-09-30
1007768,50007768,Retail,Auto Loan,236361.85,726,750,0,0,8.55,36,7,261663.95,Central,2026-09-30
1007769,50007769,Retail,Auto Loan,2690051.98,556,554,60,60,11.93,49,25,2183759.56,North,2026-09-30
1007770,50007770,Retail,Mortgage,11907237.23,642,646,0,0,9.7,251,117,14857814.61,South,2026-09-30
1007771,50007771,Retail,Auto Loan,710223.91,694,695,,0,13.35,49,48,838612.81,West,2026-09-30
1007772,50007772,Retail,Credit Card,355468.57,,720,0,15,29.71,30,29,,West,2026-09-30
1007773,50007773,Retail,Mortgage,5718207.98,703,676,0,0,7.68,207,110,6430227.55,West,2026-09-30
1007774,50007774,Retail,Auto Loan,2945546.37,796,799,0,30,10.17,44,27,3132202.61,Central,2026-09-30
1007775,50007775,Retail,Mortgage,6900936.42,727,735,0,0,9.22,176,175,6313084.76,South,2026-09-30
1007776,50007776,Retail,Auto Loan,1946118.66,693,697,15,0,8.61,28,17,1860667.01,North,2026-09-30
1007777,50007777,Retail,Personal Loan,469608.44,592,601,0,30,13.88,61,30,,East,2026-09-30
1007778,50007778,Retail,Personal Loan,654543.15,747,784,75,60,18.96,68,60,,Central,2026-09-30
1007779,50007779,Retail,Credit Card,75429.6,762,738,0,0,33.25,20,5,,West,2026-09-30
1007780,50007780,Retail,Mortgage,9505366.33,631,588,30,45,7.18,193,133,11939975.04,West,2026-09-30
1007781,50007781,Retail,Mortgage,4977899.82,735,747,0,30,10.33,351,321,6618484.61,West,2026-09-30
1007782,50007782,Retail,Personal Loan,623549.07,706,705,0,0,11.27,44,24,,West,2026-09-30
1007783,50007783,SME,SME Loan,720234.87,722,709,0,0,14.52,54,29,,Central,2026-09-30
1007784,50007784,SME,SME Loan,11492392.01,674,648,0,0,16.08,37,36,,South,2026-09-30
1007785,50007785,Retail,Auto Loan,1722575.05,620,663,45,15,13.4,74,56,1616214.04,West,2026-09-30
1007786,50007786,Retail,Auto Loan,2657593.43,720,729,0,30,12.92,75,30,2820560.52,South,2026-09-30
1007787,50007787,Retail,Mortgage,1978035.18,747,753,0,0,7.97,182,77,2295040.02,South,2026-09-30
1007788,50007788,Retail,Mortgage,2366764.75,526,531,0,30,9.3,223,205,3303119.31,East,2026-09-30
1007789,50007789,SME,SME Loan,3398829.07,628,616,0,0,11.02,44,39,,Central,2026-09-30
1007790,50007790,Corporate,Corporate Loan,54052487.52,589,621,0,0,8.82,147,23,,East,2026-09-30
1007791,50007791,Retail,Mortgage,8874261.12,758,772,0,15,7.99,294,170,10783983.28,Central,2026-09-30
1007792,50007792,Retail,Mortgage,5047666.15,653,651,,15,8.76,321,311,4524266.12,North,2026-09-30
1007793,50007793,Retail,Mortgage,6931839.8,743,709,0,15,10.28,195,112,9099678.26,South,2026-09-30
1007794,50007794,Retail,Auto Loan,1071845.15,729,738,0,0,9.74,63,27,732438.71,West,2026-09-30
1007795,50007795,SME,Auto Loan,3178755.66,644,633,0,15,11.19,31,4,2330328.14,West,2026-09-30
1007796,50007796,Retail,Personal Loan,1481368.12,632,632,0,0,12.26,75,7,,West,2026-09-30
1007797,50007797,Corporate,Corporate Loan,31735084.61,860,848,0,0,8.17,42,1,,North,2026-09-30
1007798,50007798,Retail,Mortgage,7229970.08,724,746,0,15,8.26,256,243,7784279.59,North,2026-09-30
1007799,50007799,Retail,Mortgage,3660820.95,694,687,0,0,8.15,169,36,3217707.11,East,2026-09-30
1007800,50007800,Retail,Mortgage,8844740.4,695,681,0,0,9.57,301,32,13583190.97,South,2026-09-30
1007801,50007801,Retail,Personal Loan,1483336.82,674,701,120,120,11.56,53,18,,Central,2026-09-30
1007802,50007802,Retail,Mortgage,8886532.18,627,687,0,30,8.11,301,246,8328676.09,South,2026-09-30
1007803,50007803,Retail,Auto Loan,2163150.69,692,698,0,0,11.53,29,11,2235534.55,West,2026-09-30
1007804,50007804,Retail,Credit Card,326236.77,522,522,0,0,27.34,43,21,,West,2026-09-30
1007805,50007805,SME,SME Loan,9837802.7,698,692,0,0,16.75,25,18,,North,2026-09-30
1007806,50007806,SME,SME Loan,6773226.11,621,652,0,0,16.58,81,30,,South,2026-09-30
1007807,50007807,Retail,Mortgage,712722.95,725,744,180,165,10.37,197,194,847639.17,South,2026-09-30
1007808,50007808,Retail,Credit Card,251192.9,677,714,0,0,25.94,19,10,,West,2026-09-30
1007809,50007809,Retail,Credit Card,302970.77,750,743,0,0,24.65,27,16,,West,2026-09-30
1007810,50007810,Retail,Personal Loan,458467.26,675,699,0,15,10.11,37,29,,East,2026-09-30
1007811,50007811,Retail,Auto Loan,2107777.0,607,625,0,0,13.62,74,71,2246611.69,West,2026-09-30
1007812,50007812,Retail,Credit Card,162311.2,670,676,0,0,26.78,20,20,,West,2026-09-30
1007813,50007813,Retail,Mortgage,9373735.1,861,860,0,0,7.53,342,115,10850768.8,East,2026-09-30
1007814,50007814,Retail,Auto Loan,3092044.29,736,715,0,0,11.41,54,52,1883875.35,East,2026-09-30
1007815,50007815,SME,Auto Loan,1243519.33,719,721,0,0,12.65,75,63,957849.21,South,2026-09-30
1007816,50007816,Retail,Personal Loan,1489132.34,674,695,0,0,15.69,68,46,,Central,2026-09-30
1007817,50007817,Retail,Personal Loan,778108.21,641,651,0,15,10.89,71,17,,North,2026-09-30
1007818,50007818,Retail,Personal Loan,79919.45,712,665,0,0,12.27,55,41,,West,2026-09-30
1007819,50007819,Retail,Mortgage,7437982.54,651,679,30,30,9.91,177,163,7686865.77,South,2026-09-30
1007820,50007820,Retail,Auto Loan,3275599.59,703,714,0,0,8.79,74,42,3555167.65,South,2026-09-30
1007821,50007821,Retail,Credit Card,60809.81,819,792,0,0,27.41,42,23,,West,2026-09-30
1007822,50007822,SME,SME Loan,1957252.06,662,646,0,0,11.87,48,29,,East,2026-09-30
1007823,50007823,Retail,Personal Loan,55110.52,557,573,0,0,11.19,84,9,,North,2026-09-30
1007824,50007824,Corporate,Mortgage,4288085.86,643,651,0,0,9.99,251,6,6639585.13,West,2026-09-30
1007825,50007825,Retail,Mortgage,2353695.59,705,716,0,0,7.52,164,93,2899868.23,South,2026-09-30
1007826,50007826,Retail,Mortgage,3932782.14,734,687,0,0,10.02,131,70,4366394.29,West,2026-09-30
1007827,50007827,Retail,Credit Card,283090.26,559,597,0,0,38.68,32,17,,South,2026-09-30
1007828,50007828,Retail,Mortgage,7013057.16,711,702,0,0,10.49,190,110,9818853.64,East,2026-09-30
1007829,50007829,SME,SME Loan,8984832.94,814,813,15,15,14.5,51,47,,East,2026-09-30
1007830,50007830,Retail,Personal Loan,1878686.79,,658,60,60,18.73,26,26,,North,2026-09-30
1007831,50007831,Retail,Credit Card,20939.41,671,691,0,0,41.17,46,29,,East,2026-09-30
1007832,50007832,Retail,Auto Loan,1205634.66,703,699,0,0,11.61,48,2,1024077.73,East,2026-09-30
1007833,50007833,Corporate,Corporate Loan,33186260.04,615,592,60,60,9.88,169,26,,West,2026-09-30
1007834,50007834,Retail,Credit Card,307589.86,711,708,0,0,35.51,20,6,,South,2026-09-30
1007835,50007835,Retail,Credit Card,394487.37,825,816,0,0,27.32,53,3,,Central,2026-09-30
1007836,50007836,Retail,Mortgage,11960911.42,,567,0,0,9.87,213,56,16761010.82,East,2026-09-30
1007837,50007837,Corporate,Corporate Loan,22690203.72,733,723,0,0,13.87,32,32,,South,2026-09-30
1007838,50007838,Retail,Personal Loan,268759.2,572,555,0,0,17.76,72,14,,West,2026-09-30
1007839,50007839,Retail,Credit Card,173863.61,668,698,60,60,38.94,45,29,,South,2026-09-30
1007840,50007840,Retail,Personal Loan,1762595.35,607,590,45,15,19.61,27,9,,West,2026-09-30
1007841,50007841,Retail,Auto Loan,3008762.52,793,832,0,0,12.56,80,54,3395151.77,East,2026-09-30
1007842,50007842,SME,Mortgage,11339880.53,677,668,30,15,10.13,140,129,16251080.79,Central,2026-09-30
1007843,50007843,Retail,Mortgage,7019416.76,695,693,0,0,7.62,276,170,6415893.03,West,2026-09-30
1007844,50007844,Retail,Credit Card,178058.15,542,528,180,180,41.12,34,9,,Central,2026-09-30
1007845,50007845,Retail,Mortgage,941773.22,694,699,0,0,9.24,304,257,1213326.27,West,2026-09-30
1007846,50007846,Retail,Credit Card,247848.11,,646,90,105,35.11,52,37,,South,2026-09-30
1007847,50007847,SME,SME Loan,14579713.63,594,616,0,0,16.41,87,81,,North,2026-09-30
1007848,50007848,SME,SME Loan,14971864.88,629,642,60,60,14.31,37,17,,East,2026-09-30
1007849,50007849,Retail,Mortgage,2332570.63,680,679,0,0,9.21,183,71,3583262.49,South,2026-09-30
1007850,50007850,SME,Auto Loan,1807606.8,780,771,0,0,12.22,61,13,1756975.55,West,2026-09-30
1007851,50007851,SME,SME Loan,4822028.81,810,788,0,15,14.55,15,15,,East,2026-09-30
1007852,50007852,Retail,Personal Loan,1947136.99,712,714,0,0,18.1,28,25,,West,2026-09-30
1007853,50007853,Retail,Auto Loan,572882.35,706,712,0,0,9.37,74,18,594173.25,East,2026-09-30
1007854,50007854,Retail,Personal Loan,1833154.0,,752,0,0,16.59,48,36,,Central,2026-09-30
1007855,50007855,Retail,Mortgage,10335950.74,900,900,0,0,7.61,230,191,14243815.89,West,2026-09-30
1007856,50007856,Retail,Personal Loan,689785.5,687,740,0,15,18.13,40,1,,East,2026-09-30
1007857,50007857,Retail,Auto Loan,1436421.77,705,736,0,30,12.5,59,16,907770.95,West,2026-09-30
1007858,50007858,Retail,Credit Card,277161.71,748,740,0,0,40.16,42,20,,South,2026-09-30
1007859,50007859,SME,Mortgage,5553022.46,771,780,0,0,9.61,336,232,8171515.28,East,2026-09-30
1007860,50007860,Retail,Auto Loan,732315.3,704,708,0,0,13.11,80,48,847819.76,East,2026-09-30
1007861,50007861,Retail,Personal Loan,467907.65,701,714,0,0,13.69,73,71,,West,2026-09-30
1007862,50007862,Retail,Auto Loan,726673.25,758,781,0,15,12.92,49,15,628129.02,South,2026-09-30
1007863,50007863,Retail,Auto Loan,2153227.94,791,807,0,0,8.89,84,81,2122247.89,East,2026-09-30
1007864,50007864,Retail,Auto Loan,1545581.49,622,612,75,90,10.1,81,60,933009.66,South,2026-09-30
1007865,50007865,Retail,Auto Loan,2638568.3,675,666,0,0,13.14,75,9,2970575.13,East,2026-09-30
1007866,50007866,Retail,Personal Loan,1642215.1,847,838,0,15,15.76,65,35,,South,2026-09-30
1007867,50007867,Retail,Personal Loan,1394905.27,649,627,0,0,18.84,53,37,,South,2026-09-30
1007868,50007868,SME,SME Loan,13980257.08,610,595,0,0,12.7,116,19,,North,2026-09-30
1007869,50007869,Retail,Mortgage,1358163.67,736,728,0,0,10.47,239,34,1155268.96,West,2026-09-30
1007870,50007870,Retail,Auto Loan,1673509.72,767,765,0,0,9.07,31,22,1389984.22,West,2026-09-30
1007871,50007871,Retail,Auto Loan,1731859.01,691,705,0,0,12.41,48,37,1338608.93,North,2026-09-30
1007872,50007872,Retail,Personal Loan,101681.9,679,724,0,0,11.04,78,26,,North,2026-09-30
1007873,50007873,Retail,Credit Card,335237.67,715,716,0,0,37.18,13,7,,West,2026-09-30
1007874,50007874,SME,SME Loan,11161947.18,540,559,0,15,13.14,81,33,,East,2026-09-30
1007875,50007875,SME,SME Loan,9111910.65,723,712,0,0,11.22,82,12,,North,2026-09-30
1007876,50007876,Retail,Mortgage,2655055.83,667,664,0,0,7.1,243,69,3206562.75,South,2026-09-30
1007877,50007877,Retail,Auto Loan,1904650.5,900,900,0,0,13.36,31,31,2251829.25,South,2026-09-30
1007878,50007878,Corporate,Corporate Loan,69344175.22,670,655,0,15,12.32,145,29,,West,2026-09-30
1007879,50007879,Retail,Auto Loan,2196629.7,659,679,30,15,13.64,68,31,1387530.15,South,2026-09-30
1007880,50007880,SME,Mortgage,7192221.38,843,849,0,0,9.7,225,127,9836790.95,North,2026-09-30
1007881,50007881,Retail,Mortgage,1269060.81,,814,0,30,8.46,333,250,1304019.99,East,2026-09-30
1007882,50007882,Retail,Mortgage,9654690.15,617,647,15,45,7.99,343,278,8420203.59,West,2026-09-30
1007883,50007883,Retail,Personal Loan,876845.11,703,684,0,15,14.75,21,15,,North,2026-09-30
1007884,50007884,SME,Mortgage,4697687.01,673,680,0,0,8.3,285,162,6520782.57,Central,2026-09-30
1007885,50007885,Retail,Mortgage,11549879.26,801,786,0,30,8.47,338,126,13794985.49,West,2026-09-30
1007886,50007886,Retail,Mortgage,8700476.25,672,653,,0,7.69,241,97,11382071.28,West,2026-09-30
1007887,50007887,Retail,Personal Loan,1677959.45,696,727,0,0,18.73,55,54,,South,2026-09-30
1007888,50007888,SME,Auto Loan,3067642.62,683,625,0,0,13.99,83,8,3514860.13,West,2026-09-30
1007889,50007889,Retail,Mortgage,5571552.5,773,787,0,0,8.48,122,107,7346976.73,West,2026-09-30
1007890,50007890,Retail,Mortgage,1248713.26,622,625,0,15,9.12,220,47,1805040.84,West,2026-09-30
1007891,50007891,Retail,Auto Loan,2504134.37,680,680,0,0,13.79,74,32,1798664.45,North,2026-09-30
1007892,50007892,Retail,Personal Loan,1589060.02,616,607,0,0,17.31,32,7,,South,2026-09-30
1007893,50007893,Retail,Credit Card,296628.32,664,694,0,0,34.71,37,7,,Central,2026-09-30
1007894,50007894,Retail,Personal Loan,453190.53,648,641,0,0,10.53,68,62,,West,2026-09-30
1007895,50007895,Retail,Auto Loan,1766055.16,727,731,0,0,11.79,50,3,1546022.85,North,2026-09-30
1007896,50007896,Retail,Mortgage,2052892.16,678,670,0,0,7.49,244,237,3061919.45,South,2026-09-30
1007897,50007897,Retail,Auto Loan,1777414.55,658,635,,0,10.97,80,57,1075469.18,North,2026-09-30
1007898,50007898,Retail,Credit Card,300144.33,554,564,60,75,35.98,58,22,,East,2026-09-30
1007899,50007899,Retail,Mortgage,2883825.14,639,659,0,30,7.78,303,145,2925886.04,North,2026-09-30
1007900,50007900,Retail,Personal Loan,1838584.64,580,572,0,0,18.2,19,6,,East,2026-09-30
1007901,50007901,Retail,Auto Loan,2638214.9,606,600,30,30,10.41,53,46,1977276.79,West,2026-09-30
1007902,50007902,SME,SME Loan,3606056.61,744,731,0,0,13.18,53,48,,West,2026-09-30
1007903,50007903,SME,SME Loan,12811233.24,607,672,0,15,14.09,40,7,,East,2026-09-30
1007904,50007904,SME,Auto Loan,329450.7,628,629,90,90,12.13,53,41,203137.43,West,2026-09-30
1007905,50007905,Retail,Auto Loan,2422876.84,643,666,0,15,13.59,76,47,1677557.2,North,2026-09-30
1007906,50007906,SME,SME Loan,13308723.84,658,623,15,30,11.78,13,5,,West,2026-09-30
1007907,50007907,Retail,Personal Loan,1358030.42,585,603,0,0,12.9,46,6,,Central,2026-09-30
1007908,50007908,Retail,Personal Loan,1353661.43,749,766,0,15,10.81,30,10,,West,2026-09-30
1007909,50007909,Retail,Mortgage,8775079.4,655,609,0,15,8.04,190,162,13458895.0,South,2026-09-30
1007910,50007910,Retail,Auto Loan,3160524.27,676,629,0,30,8.18,46,19,1937467.82,Central,2026-09-30
1007911,50007911,Retail,Credit Card,271925.23,847,806,0,15,39.05,17,7,,West,2026-09-30
1007912,50007912,SME,SME Loan,6584231.21,767,799,0,0,12.08,96,33,,South,2026-09-30
1007913,50007913,Corporate,Corporate Loan,61384706.03,719,720,0,0,8.03,25,7,,South,2026-09-30
1007914,50007914,SME,SME Loan,3984567.63,745,753,0,0,9.23,35,27,,North,2026-09-30
1007915,50007915,Retail,Auto Loan,2813375.4,766,774,0,0,9.55,46,37,2026756.7,Central,2026-09-30
1007916,50007916,Corporate,Corporate Loan,58123525.27,642,617,0,0,8.18,152,58,,West,2026-09-30
1007917,50007917,SME,Mortgage,8278203.09,651,655,0,0,8.43,257,63,10931130.47,West,2026-09-30
1007918,50007918,Retail,Auto Loan,3054799.83,643,649,0,15,10.1,44,17,3328722.3,West,2026-09-30
1007919,50007919,Retail,Credit Card,275537.47,701,706,0,0,25.92,52,31,,South,2026-09-30
1007920,50007920,Retail,Credit Card,404756.76,692,705,0,15,40.66,50,45,,West,2026-09-30
1007921,50007921,SME,SME Loan,6654284.4,531,560,0,30,12.69,100,84,,East,2026-09-30
1007922,50007922,Retail,Auto Loan,3212211.5,726,728,0,0,8.81,36,1,2784521.38,South,2026-09-30
1007923,50007923,SME,SME Loan,354308.31,528,528,0,30,9.6,73,21,,East,2026-09-30
1007924,50007924,Retail,Auto Loan,475805.98,761,771,0,0,11.26,40,30,331801.13,South,2026-09-30
1007925,50007925,Retail,Credit Card,418680.97,689,662,0,30,41.91,25,3,,East,2026-09-30
1007926,50007926,Retail,Mortgage,520326.19,750,720,0,15,8.5,311,45,504869.12,South,2026-09-30
1007927,50007927,Retail,Personal Loan,816730.41,649,643,60,30,16.56,68,64,,East,2026-09-30
1007928,50007928,Retail,Mortgage,9007499.1,794,774,0,15,10.35,161,65,9319911.54,East,2026-09-30
1007929,50007929,SME,Auto Loan,2050864.12,705,689,0,0,11.25,44,17,2282393.07,West,2026-09-30
1007930,50007930,Retail,Auto Loan,725900.62,710,705,0,0,13.72,72,43,593763.03,South,2026-09-30
1007931,50007931,Retail,Auto Loan,1313234.82,660,654,0,30,12.81,81,53,1182228.31,West,2026-09-30
1007932,50007932,Corporate,Corporate Loan,3855686.47,724,674,0,0,13.44,21,15,,North,2026-09-30
1007933,50007933,Retail,Credit Card,178796.73,710,742,0,0,29.74,33,10,,South,2026-09-30
1007934,50007934,Retail,Mortgage,4086621.72,718,739,0,15,8.44,120,15,5993215.06,North,2026-09-30
1007935,50007935,Retail,Personal Loan,889448.78,767,753,0,0,18.46,64,62,,West,2026-09-30
1007936,50007936,SME,SME Loan,1703707.84,678,703,0,0,17.94,45,32,,West,2026-09-30
1007937,50007937,Retail,Mortgage,9184250.08,598,585,0,0,8.4,288,209,12167813.98,East,2026-09-30
1007938,50007938,Retail,Personal Loan,490002.11,704,704,0,0,10.76,19,15,,East,2026-09-30
1007939,50007939,SME,SME Loan,2860584.58,702,673,0,0,11.18,107,66,,North,2026-09-30
1007940,50007940,Retail,Credit Card,219846.19,585,596,,0,35.35,58,1,,West,2026-09-30
1007941,50007941,SME,SME Loan,7781513.98,709,710,0,0,13.77,57,5,,West,2026-09-30
1007942,50007942,Retail,Mortgage,2330220.98,613,609,0,0,8.61,239,162,2303349.48,North,2026-09-30
1007943,50007943,Retail,Mortgage,5252311.31,622,624,45,45,8.73,254,118,7615356.14,North,2026-09-30
1007944,50007944,SME,SME Loan,1486844.76,664,661,0,15,12.58,27,2,,West,2026-09-30
1007945,50007945,Retail,Personal Loan,1859485.94,726,726,0,0,15.59,19,11,,West,2026-09-30
1007946,50007946,SME,Auto Loan,2023310.5,717,733,0,0,8.63,32,25,2147610.34,North,2026-09-30
1007947,50007947,Retail,Credit Card,344392.74,620,597,0,15,37.32,55,33,,East,2026-09-30
1007948,50007948,Retail,Personal Loan,196102.57,880,900,0,0,19.05,71,18,,South,2026-09-30
1007949,50007949,Retail,Mortgage,1881744.24,621,622,,30,10.35,265,188,2522381.59,West,2026-09-30
1007950,50007950,Retail,Personal Loan,189283.43,766,769,,0,13.84,76,7,,South,2026-09-30
1007951,50007951,SME,SME Loan,5929877.8,780,791,0,0,12.95,88,55,,West,2026-09-30
1007952,50007952,SME,Auto Loan,1429604.93,752,725,0,0,8.27,59,2,1474175.08,Central,2026-09-30
1007953,50007953,Retail,Personal Loan,986636.92,794,778,0,0,15.75,62,6,,South,2026-09-30
1007954,50007954,Retail,Personal Loan,701723.94,748,722,0,0,13.33,72,32,,East,2026-09-30
1007955,50007955,SME,SME Loan,2628217.45,811,818,0,15,10.32,80,49,,West,2026-09-30
1007956,50007956,Retail,Personal Loan,1701420.12,771,792,0,15,12.67,74,72,,West,2026-09-30
1007957,50007957,Corporate,Corporate Loan,44495776.62,723,714,0,30,10.31,177,63,,South,2026-09-30
1007958,50007958,Retail,Personal Loan,1933294.32,732,700,0,0,14.03,69,17,,East,2026-09-30
1007959,50007959,SME,SME Loan,2485673.07,649,647,0,15,9.26,99,12,,West,2026-09-30
1007960,50007960,Retail,Personal Loan,384441.39,707,694,0,0,18.38,17,17,,West,2026-09-30
1007961,50007961,Retail,Auto Loan,935653.41,783,746,0,0,9.55,79,43,704916.69,West,2026-09-30
1007962,50007962,Retail,Personal Loan,1387246.9,,695,15,45,16.94,58,18,,South,2026-09-30
1007963,50007963,Retail,Mortgage,7555352.48,690,749,0,30,7.61,182,144,10037492.64,South,2026-09-30
1007964,50007964,Retail,Mortgage,4873823.68,681,659,0,30,7.34,199,123,4489276.07,Central,2026-09-30
1007965,50007965,Retail,Auto Loan,2296488.39,611,606,15,15,11.49,77,62,2478095.19,West,2026-09-30
1007966,50007966,Retail,Mortgage,3870735.75,655,666,0,0,9.59,294,170,4077172.85,West,2026-09-30
1007967,50007967,SME,SME Loan,10081159.84,666,686,15,0,13.46,60,32,,North,2026-09-30
1007968,50007968,Retail,Personal Loan,765680.3,543,558,75,90,18.52,17,9,,West,2026-09-30
1007969,50007969,Retail,Mortgage,7504297.79,629,609,90,105,7.92,250,242,6983848.97,East,2026-09-30
1007970,50007970,Retail,Credit Card,400529.02,668,676,0,0,32.36,60,2,,Central,2026-09-30
1007971,50007971,SME,Mortgage,5343287.33,629,594,0,0,7.65,313,13,8281263.15,West,2026-09-30
1007972,50007972,SME,SME Loan,14345310.57,808,788,30,30,13.71,74,32,,South,2026-09-30
1007973,50007973,Corporate,Corporate Loan,37819601.74,675,662,0,15,13.35,20,14,,West,2026-09-30
1007974,50007974,Retail,Personal Loan,759736.74,752,761,0,15,14.34,64,57,,East,2026-09-30
1007975,50007975,SME,SME Loan,8158794.06,674,693,0,30,16.97,18,5,,North,2026-09-30
1007976,50007976,Retail,Personal Loan,1398720.71,619,617,0,0,11.06,37,16,,North,2026-09-30
1007977,50007977,SME,SME Loan,8029861.26,762,775,0,0,14.0,37,18,,North,2026-09-30
1007978,50007978,Retail,Credit Card,298685.23,577,550,0,0,26.48,20,2,,West,2026-09-30
1007979,50007979,Retail,Credit Card,281354.28,745,760,0,15,29.41,23,12,,Central,2026-09-30
1007980,50007980,Retail,Auto Loan,1327201.36,735,707,0,0,8.45,53,2,972139.68,Central,2026-09-30
1007981,50007981,Retail,Mortgage,5288269.4,766,748,0,0,8.41,339,283,5200143.36,North,2026-09-30
1007982,50007982,SME,Auto Loan,2103728.11,668,682,0,0,13.86,50,46,1434700.23,Central,2026-09-30
1007983,50007983,Retail,Credit Card,392466.7,657,634,0,15,24.96,46,1,,North,2026-09-30
1007984,50007984,Retail,Auto Loan,2394653.17,692,670,0,0,11.16,64,20,2307015.56,West,2026-09-30
1007985,50007985,Retail,Mortgage,3839632.82,777,794,0,0,10.18,180,95,4708198.14,West,2026-09-30
1007986,50007986,Retail,Auto Loan,3216466.2,757,737,0,0,12.64,52,7,3555049.45,North,2026-09-30
1007987,50007987,SME,SME Loan,12601683.54,677,683,0,15,9.32,48,23,,West,2026-09-30
1007988,50007988,SME,Auto Loan,2289952.31,712,706,0,0,8.26,32,32,1971000.25,North,2026-09-30
1007989,50007989,Retail,Personal Loan,872538.68,672,705,0,0,10.18,50,17,,West,2026-09-30
1007990,50007990,Retail,Auto Loan,1921078.5,646,659,0,0,10.48,27,25,1818360.99,North,2026-09-30
1007991,50007991,Retail,Credit Card,247522.71,578,598,0,15,27.12,40,37,,South,2026-09-30
1007992,50007992,Retail,Mortgage,1958848.01,672,697,0,0,7.46,135,1,2796613.0,West,2026-09-30
1007993,50007993,Retail,Mortgage,11649619.95,870,825,0,15,10.01,171,65,16067569.62,West,2026-09-30
1007994,50007994,Retail,Auto Loan,877734.04,694,707,0,0,8.69,38,15,988418.52,North,2026-09-30
1007995,50007995,SME,SME Loan,5726268.43,644,643,30,30,17.43,27,9,,South,2026-09-30
1007996,50007996,SME,SME Loan,6400771.89,700,754,15,0,15.61,115,104,,East,2026-09-30
1007997,50007997,Retail,Personal Loan,1683662.47,660,695,,0,11.53,74,73,,Central,2026-09-30
1007998,50007998,Retail,Personal Loan,1419873.35,778,787,0,0,19.44,53,32,,South,2026-09-30
1007999,50007999,Corporate,Corporate Loan,9833482.39,740,758,0,0,13.08,157,120,,North,2026-09-30
1008000,50008000,Retail,Credit Card,135543.49,733,738,0,0,33.62,39,4,,South,2026-09-30
1008001,50008001,Retail,Personal Loan,857448.99,706,718,0,15,15.25,32,19,,West,2026-09-30
1008002,50008002,Retail,Personal Loan,1891132.21,670,675,0,0,19.12,69,42,,North,2026-09-30
1008003,50008003,Retail,Personal Loan,205541.39,701,691,0,0,19.57,68,55,,South,2026-09-30
1008004,50008004,Retail,Personal Loan,1972070.01,749,762,0,0,14.41,76,14,,West,2026-09-30
1008005,50008005,Retail,Mortgage,3940855.61,615,634,0,0,8.62,252,206,4635724.84,East,2026-09-30
1008006,50008006,Retail,Personal Loan,1976369.57,807,769,0,0,16.27,14,6,,West,2026-09-30
1008007,50008007,SME,SME Loan,6418530.77,669,659,0,0,15.09,95,62,,West,2026-09-30
1008008,50008008,Retail,Personal Loan,767758.78,739,689,0,0,17.16,36,29,,East,2026-09-30
1008009,50008009,Retail,Personal Loan,1197294.14,784,785,0,0,19.72,40,34,,West,2026-09-30
1008010,50008010,Retail,Personal Loan,317061.82,715,724,0,15,16.87,26,15,,West,2026-09-30
1008011,50008011,Retail,Personal Loan,1537839.72,644,623,0,0,17.16,28,4,,Central,2026-09-30
1008012,50008012,Retail,Personal Loan,1419136.66,715,724,0,0,13.4,62,13,,Central,2026-09-30
1008013,50008013,Retail,Personal Loan,1060893.79,773,779,0,30,18.62,52,48,,West,2026-09-30
1008014,50008014,Retail,Auto Loan,894498.05,777,774,0,0,12.48,40,24,773630.16,North,2026-09-30
1008015,50008015,Retail,Auto Loan,2982578.11,751,740,0,15,9.71,26,26,3249323.94,West,2026-09-30
1008016,50008016,Retail,Credit Card,93919.03,791,788,0,0,38.83,51,41,,South,2026-09-30
1008017,50008017,Retail,Auto Loan,713410.74,679,704,0,0,11.6,59,57,447729.86,West,2026-09-30
1008018,50008018,Retail,Auto Loan,328020.73,617,646,0,0,10.09,53,37,302572.29,South,2026-09-30
1008019,50008019,Retail,Auto Loan,709139.16,697,706,0,0,8.83,36,25,805522.31,West,2026-09-30
1008020,50008020,Retail,Auto Loan,2911084.59,680,720,30,30,10.15,33,7,2477894.24,North,2026-09-30
1008021,50008021,Retail,Credit Card,491567.74,703,717,0,30,38.93,54,34,,Central,2026-09-30
1008022,50008022,Retail,Auto Loan,1701757.92,631,666,60,30,8.52,29,1,1194815.51,East,2026-09-30
1008023,50008023,Retail,Credit Card,335765.17,667,700,180,180,29.26,24,16,,North,2026-09-30
1008024,50008024,Retail,Auto Loan,1676000.11,761,746,0,0,8.84,71,63,1224134.26,West,2026-09-30
1008025,50008025,Retail,Mortgage,6075050.77,724,726,0,30,8.21,159,91,7391940.67,South,2026-09-30
1008026,50008026,Retail,Personal Loan,940746.92,858,845,0,15,16.77,31,15,,Central,2026-09-30
1008027,50008027,Retail,Mortgage,11889547.64,696,672,0,0,8.6,268,29,12087694.77,North,2026-09-30
1008028,50008028,SME,Auto Loan,2676864.14,684,648,0,0,10.89,54,36,1784170.1,West,2026-09-30
1008029,50008029,Retail,Mortgage,8008529.34,575,592,0,15,8.95,143,116,9326831.55,West,2026-09-30
1008030,50008030,Retail,Mortgage,6858086.24,710,715,45,60,10.22,214,113,7732441.33,West,2026-09-30
1008031,50008031,Retail,Auto Loan,742107.78,762,760,0,0,12.15,50,10,554773.54,Central,2026-09-30
1008032,50008032,Retail,Auto Loan,3380487.46,708,656,0,15,10.43,27,27,3902150.23,East,2026-09-30
1008033,50008033,Retail,Auto Loan,2099551.01,814,806,0,0,13.28,70,55,2390857.5,West,2026-09-30
1008034,50008034,Retail,Personal Loan,1047272.12,819,808,0,0,19.32,69,13,,West,2026-09-30
1008035,50008035,Retail,Auto Loan,2071835.04,734,717,0,0,11.11,55,2,2002329.15,Central,2026-09-30
1008036,50008036,Retail,Personal Loan,772029.83,692,660,0,0,18.52,16,4,,Central,2026-09-30
1008037,50008037,Retail,Auto Loan,1141828.35,661,637,0,30,13.5,39,6,767189.71,North,2026-09-30
1008038,50008038,Retail,Personal Loan,904742.35,580,606,0,30,12.69,14,3,,North,2026-09-30
1008039,50008039,Retail,Personal Loan,580172.64,625,642,30,30,10.43,54,52,,South,2026-09-30
1008040,50008040,Retail,Mortgage,9682029.95,711,723,0,0,8.16,309,154,13082900.93,West,2026-09-30
1008041,50008041,Retail,Mortgage,6745211.41,623,620,0,0,10.01,294,252,10278695.41,South,2026-09-30
1008042,50008042,Retail,Personal Loan,609708.83,750,750,0,15,17.17,52,51,,East,2026-09-30
1008043,50008043,Retail,Mortgage,9575611.22,599,623,180,180,8.47,286,285,10395856.13,East,2026-09-30
1008044,50008044,Retail,Credit Card,498785.27,802,768,30,15,37.66,19,15,,North,2026-09-30
1008045,50008045,Retail,Personal Loan,126063.66,773,754,0,15,13.55,54,9,,West,2026-09-30
1008046,50008046,Retail,Credit Card,260738.19,750,757,0,0,24.13,47,20,,North,2026-09-30
1008047,50008047,Retail,Mortgage,1627867.25,724,733,0,0,10.42,329,1,2342517.31,North,2026-09-30
1008048,50008048,Retail,Mortgage,8445581.75,642,654,0,0,8.89,240,6,12684647.1,East,2026-09-30
1008049,50008049,Retail,Mortgage,2198961.57,714,697,0,0,9.91,250,231,2793534.26,Central,2026-09-30
1008050,50008050,Retail,Mortgage,10896877.34,733,746,0,0,10.12,331,107,16682558.48,West,2026-09-30
1008051,50008051,Retail,Auto Loan,1473601.69,759,764,0,0,13.98,73,47,962827.05,West,2026-09-30
1008052,50008052,Retail,Auto Loan,1595956.0,791,786,0,0,9.89,84,37,1506142.59,South,2026-09-30
1008053,50008053,Corporate,Corporate Loan,6649631.32,513,510,0,0,13.02,53,27,,South,2026-09-30
1008054,50008054,Retail,Mortgage,7684958.69,738,695,0,0,7.81,301,9,7975845.17,East,2026-09-30
1008055,50008055,SME,SME Loan,4957939.56,662,664,0,15,17.87,107,44,,North,2026-09-30
1008056,50008056,Retail,Mortgage,4898452.39,649,633,0,0,7.51,166,158,5963687.23,East,2026-09-30
1008057,50008057,Retail,Personal Loan,234909.85,765,776,0,0,11.25,54,9,,West,2026-09-30
1008058,50008058,Retail,Auto Loan,1664684.16,663,681,0,0,13.38,43,7,1369234.63,North,2026-09-30
1008059,50008059,Retail,Personal Loan,1456856.67,727,737,0,30,15.22,60,3,,Central,2026-09-30
1008060,50008060,Retail,Personal Loan,361660.74,849,857,0,0,15.48,68,49,,West,2026-09-30
1008061,50008061,SME,Mortgage,2780687.03,519,548,0,0,8.53,286,221,2630800.64,Central,2026-09-30
1008062,50008062,Retail,Credit Card,15053.7,781,789,0,15,41.57,30,3,,South,2026-09-30
1008063,50008063,Corporate,Mortgage,516303.9,680,710,120,120,9.0,237,147,627743.5,West,2026-09-30
1008064,50008064,Retail,Credit Card,132943.63,685,684,30,45,32.99,13,1,,North,2026-09-30
1008065,50008065,Retail,Auto Loan,3293032.91,714,747,0,15,9.07,39,25,2859212.12,North,2026-09-30
1008066,50008066,Retail,Auto Loan,2029875.59,609,615,120,150,8.62,62,32,1805380.49,East,2026-09-30
1008067,50008067,Corporate,Mortgage,6445811.16,711,688,0,0,9.48,324,148,9016093.88,South,2026-09-30
1008068,50008068,Retail,Credit Card,102218.12,815,842,0,0,37.48,19,4,,East,2026-09-30
1008069,50008069,SME,Auto Loan,1703409.22,751,713,45,15,10.93,37,4,1638188.2,South,2026-09-30
1008070,50008070,Retail,Mortgage,6588724.49,791,791,0,0,8.02,237,201,6382861.42,South,2026-09-30
1008071,50008071,Retail,Personal Loan,424000.79,742,734,,0,14.08,57,29,,South,2026-09-30
1008072,50008072,SME,SME Loan,4307432.59,718,732,0,15,11.3,43,36,,West,2026-09-30
1008073,50008073,Retail,Auto Loan,2756201.79,716,675,0,0,13.41,67,17,2065535.0,North,2026-09-30
1008074,50008074,Retail,Auto Loan,3192519.77,754,738,0,0,9.19,81,56,2825174.79,South,2026-09-30
1008075,50008075,SME,SME Loan,10341675.44,759,743,0,0,12.29,22,7,,North,2026-09-30
1008076,50008076,SME,SME Loan,2175614.56,760,744,0,15,16.17,41,7,,East,2026-09-30
1008077,50008077,SME,SME Loan,2272689.35,714,688,0,0,15.14,29,27,,West,2026-09-30
1008078,50008078,Retail,Mortgage,5396332.04,749,742,0,30,10.01,166,49,5433629.84,North,2026-09-30
1008079,50008079,Retail,Credit Card,75162.69,653,664,0,0,41.18,30,28,,Central,2026-09-30
1008080,50008080,Retail,Credit Card,317707.77,677,664,0,0,24.11,19,6,,North,2026-09-30
1008081,50008081,Retail,Credit Card,439198.45,723,692,0,0,33.03,57,44,,South,2026-09-30
1008082,50008082,SME,SME Loan,4681501.85,787,825,0,15,11.59,47,34,,South,2026-09-30
1008083,50008083,SME,SME Loan,6211814.11,672,666,30,45,13.96,55,12,,West,2026-09-30
1008084,50008084,Retail,Credit Card,326947.5,551,545,0,0,34.51,22,14,,Central,2026-09-30
1008085,50008085,Retail,Auto Loan,2497700.47,779,801,0,0,12.52,74,5,1820626.59,North,2026-09-30
1008086,50008086,Retail,Mortgage,8112397.85,678,701,0,0,8.65,244,227,9344638.86,South,2026-09-30
1008087,50008087,Retail,Mortgage,3432245.3,651,671,0,0,7.65,262,39,4483297.76,West,2026-09-30
1008088,50008088,Retail,Credit Card,50847.85,808,770,0,0,25.64,41,5,,North,2026-09-30
1008089,50008089,Retail,Auto Loan,3481451.05,789,803,0,0,9.64,34,3,2468726.36,South,2026-09-30
1008090,50008090,Retail,Credit Card,373843.17,804,800,0,0,41.97,23,4,,South,2026-09-30
1008091,50008091,Retail,Auto Loan,1490931.16,726,749,0,0,10.14,48,17,1771750.15,South,2026-09-30
1008092,50008092,SME,SME Loan,13169704.44,809,796,0,30,11.4,76,29,,South,2026-09-30
1008093,50008093,Retail,Mortgage,1628258.27,761,733,0,0,8.22,302,137,2441085.93,North,2026-09-30
1008094,50008094,Retail,Personal Loan,551551.18,751,751,0,15,11.67,29,24,,West,2026-09-30
1008095,50008095,Retail,Mortgage,1102996.31,756,755,0,30,7.07,148,48,1061330.03,North,2026-09-30
1008096,50008096,Retail,Auto Loan,1490467.37,662,646,0,30,10.38,36,33,1338525.47,South,2026-09-30
1008097,50008097,Retail,Credit Card,195679.98,640,668,0,0,31.88,46,42,,West,2026-09-30
1008098,50008098,Retail,Credit Card,98502.81,691,681,0,0,40.31,44,19,,South,2026-09-30
1008099,50008099,Retail,Credit Card,232678.17,693,702,0,0,24.59,51,22,,Central,2026-09-30
1008100,50008100,Retail,Personal Loan,93332.17,686,693,0,0,15.17,36,25,,North,2026-09-30
1008101,50008101,Retail,Personal Loan,1799864.44,700,708,15,0,13.83,19,18,,Central,2026-09-30
1008102,50008102,SME,Auto Loan,3181047.67,699,713,0,30,11.21,55,53,1921296.4,South,2026-09-30
1008103,50008103,Retail,Auto Loan,702184.22,900,887,0,0,8.11,41,29,830774.56,West,2026-09-30
1008104,50008104,Retail,Mortgage,7651537.29,799,803,0,15,7.75,336,25,8401757.09,North,2026-09-30
1008105,50008105,Retail,Mortgage,9118136.69,842,847,0,0,7.69,300,24,12982246.58,Central,2026-09-30
1008106,50008106,Retail,Personal Loan,142040.57,597,604,0,15,12.88,34,15,,North,2026-09-30
1008107,50008107,SME,SME Loan,11602147.51,750,732,0,0,16.84,17,16,,West,2026-09-30
1008108,50008108,Retail,Mortgage,7057911.13,567,557,30,0,8.01,297,67,7383690.49,West,2026-09-30
1008109,50008109,Retail,Auto Loan,678199.61,823,817,0,0,13.55,52,36,501786.36,West,2026-09-30
1008110,50008110,Retail,Personal Loan,912410.18,647,638,0,0,15.62,83,71,,South,2026-09-30
1008111,50008111,Retail,Credit Card,203561.04,794,798,0,0,34.35,13,8,,South,2026-09-30
1008112,50008112,SME,Mortgage,4251663.46,701,714,0,0,9.74,138,106,4003236.55,West,2026-09-30
1008113,50008113,SME,SME Loan,14052923.19,759,768,0,0,12.79,53,32,,Central,2026-09-30
1008114,50008114,Retail,Personal Loan,1247858.17,761,748,0,0,18.59,20,20,,West,2026-09-30
1008115,50008115,Retail,Mortgage,3725760.2,900,876,0,15,10.33,167,14,5047417.23,East,2026-09-30
1008116,50008116,Retail,Mortgage,3063898.6,739,734,0,0,9.65,167,91,3090053.8,Central,2026-09-30
1008117,50008117,Retail,Credit Card,195158.85,679,696,0,0,30.82,52,12,,East,2026-09-30
1008118,50008118,Retail,Personal Loan,1598566.02,538,544,0,0,15.94,69,9,,South,2026-09-30
1008119,50008119,Retail,Mortgage,9600041.75,737,740,0,0,8.98,281,202,13427656.24,East,2026-09-30
1008120,50008120,Retail,Mortgage,4141957.05,741,727,0,0,7.1,281,165,3605701.05,West,2026-09-30
1008121,50008121,Retail,Personal Loan,693846.97,622,633,0,0,14.33,16,3,,West,2026-09-30
1008122,50008122,Retail,Credit Card,287052.72,628,657,0,15,34.97,21,10,,North,2026-09-30
1008123,50008123,Retail,Personal Loan,637307.09,818,791,0,0,12.27,78,35,,East,2026-09-30
1008124,50008124,Retail,Credit Card,13395.92,797,811,0,30,36.22,13,1,,Central,2026-09-30
1008125,50008125,SME,SME Loan,9774111.15,714,731,0,0,13.51,97,50,,West,2026-09-30
1008126,50008126,SME,SME Loan,1422873.5,743,757,0,15,13.22,72,60,,West,2026-09-30
1008127,50008127,Retail,Credit Card,335418.84,734,723,0,0,29.88,20,2,,West,2026-09-30
1008128,50008128,Retail,Personal Loan,1263551.31,609,665,0,0,16.7,28,22,,West,2026-09-30
1008129,50008129,Retail,Credit Card,332965.0,639,642,0,15,27.05,55,15,,South,2026-09-30
1008130,50008130,SME,SME Loan,4572460.07,684,674,0,0,13.67,32,11,,West,2026-09-30
1008131,50008131,Retail,Credit Card,163731.58,713,700,0,15,32.2,52,11,,West,2026-09-30
1008132,50008132,Retail,Credit Card,66409.21,684,700,0,15,39.91,15,3,,South,2026-09-30
1008133,50008133,Retail,Auto Loan,2999265.24,601,601,0,15,8.54,39,38,3467284.57,West,2026-09-30
1008134,50008134,Retail,Personal Loan,1107991.92,703,719,45,15,19.09,60,57,,West,2026-09-30
1008135,50008135,Retail,Auto Loan,2945481.76,671,686,0,0,11.24,65,15,2238312.43,South,2026-09-30
1008136,50008136,Retail,Auto Loan,3081676.61,716,702,15,0,11.92,55,15,2494086.38,North,2026-09-30
1008137,50008137,Retail,Personal Loan,1692102.43,654,658,60,60,14.81,30,30,,East,2026-09-30
1008138,50008138,Retail,Auto Loan,2840919.63,640,646,60,75,11.94,62,32,2958056.87,South,2026-09-30
1008139,50008139,Retail,Mortgage,7801074.1,748,743,0,15,8.67,284,108,10302305.63,South,2026-09-30
1008140,50008140,Retail,Personal Loan,671178.35,794,801,0,15,10.77,36,23,,Central,2026-09-30
1008141,50008141,Retail,Mortgage,1081295.81,710,705,0,0,8.81,262,35,1220450.06,West,2026-09-30
1008142,50008142,Retail,Auto Loan,3057381.39,589,604,120,135,12.51,27,5,3545997.58,East,2026-09-30
1008143,50008143,Retail,Mortgage,1716712.25,732,773,0,0,8.93,167,12,1489950.57,West,2026-09-30
1008144,50008144,Retail,Personal Loan,1383892.14,694,705,30,45,12.9,24,10,,South,2026-09-30
1008145,50008145,Retail,Mortgage,11958601.53,782,785,0,30,10.42,233,171,14045217.8,West,2026-09-30
1008146,50008146,Corporate,Corporate Loan,58170434.98,615,636,0,0,11.55,78,70,,North,2026-09-30
1008147,50008147,Retail,Credit Card,344976.3,799,768,0,0,41.65,19,3,,West,2026-09-30
1008148,50008148,Retail,Mortgage,1813574.71,753,725,0,0,9.93,283,271,2005692.62,West,2026-09-30
1008149,50008149,Retail,Personal Loan,827423.43,783,793,0,0,12.33,84,34,,West,2026-09-30
1008150,50008150,Retail,Auto Loan,2855795.33,763,703,0,0,9.1,34,26,1726360.69,West,2026-09-30
1008151,50008151,Retail,Mortgage,7908134.1,816,796,,0,10.27,202,37,10465012.5,North,2026-09-30
1008152,50008152,Retail,Credit Card,489141.73,621,631,0,0,37.71,45,7,,South,2026-09-30
1008153,50008153,Retail,Personal Loan,1709340.61,710,689,0,0,13.68,52,17,,West,2026-09-30
1008154,50008154,Retail,Personal Loan,848154.23,574,579,0,30,15.37,12,9,,South,2026-09-30
1008155,50008155,Retail,Credit Card,369268.58,667,627,0,30,27.99,41,27,,South,2026-09-30
1008156,50008156,Retail,Auto Loan,1311936.13,765,778,0,0,12.71,33,30,1444755.95,Central,2026-09-30
1008157,50008157,Retail,Personal Loan,261699.62,676,671,0,0,14.53,44,40,,West,2026-09-30
1008158,50008158,SME,SME Loan,3426953.77,660,676,0,30,11.95,31,20,,North,2026-09-30
1008159,50008159,Retail,Mortgage,4173982.11,657,673,0,15,9.96,121,60,4118811.22,South,2026-09-30
1008160,50008160,Retail,Mortgage,6479230.68,719,742,0,0,8.1,126,59,6095098.48,South,2026-09-30
1008161,50008161,Retail,Mortgage,2712447.39,757,755,0,30,8.66,316,291,3546054.61,West,2026-09-30
1008162,50008162,Retail,Credit Card,223594.39,643,647,0,0,40.73,43,21,,West,2026-09-30
1008163,50008163,Retail,Auto Loan,913481.26,595,582,45,15,8.34,46,27,1070856.03,North,2026-09-30
1008164,50008164,Corporate,Corporate Loan,56563246.14,700,705,0,0,9.6,62,49,,West,2026-09-30
1008165,50008165,Retail,Auto Loan,2864424.33,757,746,0,0,10.78,76,48,3236860.82,South,2026-09-30
1008166,50008166,Retail,Credit Card,168267.62,751,749,0,0,41.39,40,28,,West,2026-09-30
1008167,50008167,Retail,Personal Loan,1873329.91,718,731,0,0,12.52,22,1,,South,2026-09-30
1008168,50008168,Retail,Mortgage,11822733.04,703,735,0,0,9.03,283,181,16233733.8,West,2026-09-30
1008169,50008169,Corporate,Corporate Loan,31648094.2,577,556,120,105,13.13,86,22,,East,2026-09-30
1008170,50008170,Retail,Personal Loan,746940.91,737,701,0,0,11.47,25,6,,East,2026-09-30
1008171,50008171,Retail,Mortgage,11154200.26,705,669,15,0,7.04,340,306,10153260.84,South,2026-09-30
1008172,50008172,Retail,Credit Card,70459.24,679,715,0,15,29.33,49,8,,West,2026-09-30
1008173,50008173,Retail,Credit Card,449215.25,782,765,0,0,41.86,46,12,,South,2026-09-30
1008174,50008174,Retail,Auto Loan,941063.84,711,719,0,0,13.55,84,54,584577.0,North,2026-09-30
1008175,50008175,SME,SME Loan,425177.7,675,686,30,30,13.27,72,19,,West,2026-09-30
1008176,50008176,Retail,Personal Loan,804183.64,830,842,0,0,19.28,49,29,,North,2026-09-30
1008177,50008177,Retail,Mortgage,1681974.92,581,561,0,0,8.59,256,199,1620894.18,South,2026-09-30
1008178,50008178,Retail,Credit Card,95731.71,795,746,0,0,36.65,15,13,,South,2026-09-30
1008179,50008179,Retail,Mortgage,5835615.92,790,804,0,0,8.78,207,152,6498696.69,West,2026-09-30
1008180,50008180,Retail,Mortgage,7860044.88,752,713,0,0,8.28,280,130,6856356.43,South,2026-09-30
1008181,50008181,Retail,Auto Loan,1241723.62,690,669,0,0,12.56,84,79,1016032.97,West,2026-09-30
1008182,50008182,Retail,Mortgage,4927195.45,795,822,0,30,7.08,311,6,5924767.4,Central,2026-09-30
1008183,50008183,Retail,Mortgage,11763276.0,690,689,0,0,7.28,280,176,12030920.35,Central,2026-09-30
1008184,50008184,Retail,Auto Loan,1484999.18,662,674,45,45,12.36,25,17,991484.9,East,2026-09-30
1008185,50008185,Retail,Auto Loan,2343649.43,675,688,0,15,13.17,45,5,2585981.8,West,2026-09-30
1008186,50008186,SME,SME Loan,983794.78,598,617,15,0,16.46,54,17,,North,2026-09-30
1008187,50008187,SME,SME Loan,9269661.41,594,612,30,15,17.05,31,31,,East,2026-09-30
1008188,50008188,Retail,Auto Loan,250608.42,701,682,0,0,12.02,68,12,201693.0,West,2026-09-30
1008189,50008189,Retail,Mortgage,5140589.48,743,767,0,0,9.63,322,174,6299612.59,North,2026-09-30
1008190,50008190,Retail,Mortgage,5899463.3,717,752,0,0,7.61,230,212,8579426.6,West,2026-09-30
1008191,50008191,Retail,Personal Loan,1870658.08,631,650,0,0,18.04,35,34,,West,2026-09-30
1008192,50008192,SME,SME Loan,2512803.9,691,673,0,15,9.54,109,88,,South,2026-09-30
1008193,50008193,Retail,Personal Loan,1680660.42,708,707,0,15,16.77,54,14,,Central,2026-09-30
1008194,50008194,Retail,Mortgage,4574901.81,619,615,0,0,8.73,161,115,4110183.06,South,2026-09-30
1008195,50008195,Retail,Auto Loan,738657.75,523,545,0,0,8.56,67,16,539527.22,South,2026-09-30
1008196,50008196,SME,SME Loan,10525194.25,636,609,0,0,17.57,45,24,,West,2026-09-30
1008197,50008197,Retail,Credit Card,340769.3,819,827,120,135,30.94,23,5,,West,2026-09-30
1008198,50008198,Retail,Personal Loan,208265.71,618,638,15,15,10.86,39,10,,North,2026-09-30
1008199,50008199,Retail,Auto Loan,2090288.26,795,767,0,0,13.36,65,18,1664299.21,North,2026-09-30
1008200,50008200,Retail,Mortgage,9165573.81,522,523,15,45,8.5,129,10,11132029.51,West,2026-09-30
1008201,50008201,Retail,Mortgage,2376770.03,753,777,0,0,8.12,192,33,2620125.82,South,2026-09-30
1008202,50008202,Retail,Auto Loan,2792171.68,634,619,0,0,11.64,29,10,2476337.75,East,2026-09-30
1008203,50008203,Retail,Credit Card,302222.52,646,627,0,15,39.74,50,15,,North,2026-09-30
1008204,50008204,Retail,Personal Loan,175374.06,644,631,0,15,15.62,46,13,,North,2026-09-30
1008205,50008205,Retail,Credit Card,263624.62,718,691,0,0,37.22,23,6,,South,2026-09-30
1008206,50008206,Retail,Personal Loan,1498598.06,774,727,60,30,18.01,48,22,,South,2026-09-30
1008207,50008207,Retail,Personal Loan,1795359.07,595,626,0,30,16.75,21,3,,East,2026-09-30
1008208,50008208,Retail,Personal Loan,494467.43,587,576,15,0,15.02,45,15,,Central,2026-09-30
1008209,50008209,Corporate,Corporate Loan,63079356.66,654,672,0,0,11.23,170,58,,West,2026-09-30
1008210,50008210,Retail,Personal Loan,1641915.87,689,715,0,0,12.66,48,12,,West,2026-09-30
1008211,50008211,Retail,Mortgage,1305534.92,751,748,0,0,8.77,121,36,1217950.78,West,2026-09-30
1008212,50008212,Corporate,Corporate Loan,48436559.56,639,646,0,0,9.62,61,32,,East,2026-09-30
1008213,50008213,Retail,Mortgage,11368734.55,819,785,0,0,9.56,208,116,14240251.47,Central,2026-09-30
1008214,50008214,Corporate,Mortgage,9285569.18,598,605,15,15,9.58,360,343,14215461.56,West,2026-09-30
1008215,50008215,SME,Auto Loan,388728.47,,708,0,0,8.83,72,39,393503.42,East,2026-09-30
1008216,50008216,Retail,Personal Loan,443738.87,635,641,0,0,16.93,15,5,,West,2026-09-30
1008217,50008217,Retail,Personal Loan,771812.27,733,719,0,0,14.78,65,21,,West,2026-09-30
1008218,50008218,Retail,Personal Loan,168721.32,721,727,0,15,13.03,30,24,,Central,2026-09-30
1008219,50008219,Retail,Personal Loan,1954154.88,687,659,75,75,10.89,38,1,,South,2026-09-30
1008220,50008220,Retail,Credit Card,102387.42,667,712,0,15,40.32,33,7,,North,2026-09-30
1008221,50008221,Retail,Personal Loan,82747.78,624,617,0,0,10.65,14,10,,Central,2026-09-30
1008222,50008222,Retail,Personal Loan,1683543.61,650,683,0,0,17.52,79,63,,West,2026-09-30
1008223,50008223,Retail,Personal Loan,275973.47,744,773,0,15,12.85,57,51,,Central,2026-09-30
1008224,50008224,Retail,Mortgage,9670295.98,721,705,0,0,8.95,158,87,8751983.41,West,2026-09-30
1008225,50008225,Retail,Mortgage,8128742.41,665,682,0,0,8.71,245,222,10378807.81,South,2026-09-30
1008226,50008226,Retail,Personal Loan,321923.43,,679,0,0,12.07,33,2,,North,2026-09-30
1008227,50008227,Retail,Mortgage,2521893.02,717,698,90,90,7.23,198,73,2682786.44,West,2026-09-30
1008228,50008228,Retail,Credit Card,79300.03,662,659,180,180,33.6,60,20,,East,2026-09-30
1008229,50008229,SME,SME Loan,658599.86,677,655,0,0,15.61,85,37,,South,2026-09-30
1008230,50008230,SME,SME Loan,11116516.57,700,733,0,0,10.04,101,79,,East,2026-09-30
1008231,50008231,SME,SME Loan,12322223.45,771,762,0,15,13.67,19,3,,West,2026-09-30
1008232,50008232,Retail,Personal Loan,170558.12,695,701,0,0,12.27,36,28,,Central,2026-09-30
1008233,50008233,Retail,Personal Loan,653139.55,900,863,0,0,16.99,45,31,,North,2026-09-30
1008234,50008234,SME,SME Loan,940023.03,722,702,0,0,9.67,114,27,,West,2026-09-30
1008235,50008235,Retail,Auto Loan,2143623.71,657,709,0,0,11.53,64,44,1349436.35,North,2026-09-30
1008236,50008236,Retail,Credit Card,189296.38,738,731,0,0,37.96,31,21,,East,2026-09-30
1008237,50008237,Retail,Mortgage,6052517.12,746,732,0,15,8.48,189,75,8108743.73,East,2026-09-30
1008238,50008238,Retail,Personal Loan,597667.81,672,656,0,0,11.94,63,3,,West,2026-09-30
1008239,50008239,Retail,Mortgage,11718266.37,711,688,0,0,8.23,313,267,18116550.54,West,2026-09-30
1008240,50008240,Retail,Mortgage,3684709.56,788,778,0,15,9.59,145,49,5335127.21,West,2026-09-30
1008241,50008241,SME,SME Loan,2173163.7,767,742,0,30,11.59,27,20,,Central,2026-09-30
1008242,50008242,SME,SME Loan,5575393.09,786,779,0,0,14.17,83,79,,East,2026-09-30
1008243,50008243,SME,Auto Loan,2434717.31,615,595,30,15,12.11,63,38,1477102.33,West,2026-09-30
1008244,50008244,Retail,Mortgage,10411687.22,751,754,0,0,10.23,338,257,12239662.78,East,2026-09-30
1008245,50008245,Retail,Personal Loan,1084585.42,722,689,0,15,17.04,45,27,,Central,2026-09-30
1008246,50008246,Corporate,Corporate Loan,30224595.41,653,654,60,75,10.23,148,124,,West,2026-09-30
1008247,50008247,Retail,Credit Card,207090.77,713,709,0,0,31.41,20,18,,North,2026-09-30
1008248,50008248,Corporate,Corporate Loan,36154543.71,693,684,0,15,10.6,56,2,,West,2026-09-30
1008249,50008249,Retail,Mortgage,10716183.52,768,778,0,0,9.36,231,151,13601820.91,North,2026-09-30
1008250,50008250,Retail,Mortgage,1743951.31,728,717,0,0,9.44,286,141,2642099.49,North,2026-09-30
1008251,50008251,Retail,Mortgage,9898258.99,768,727,0,30,7.32,321,215,9307675.0,West,2026-09-30
1008252,50008252,Retail,Auto Loan,647548.05,725,723,0,0,11.98,57,12,691477.19,East,2026-09-30
1008253,50008253,Retail,Personal Loan,1989371.83,669,694,0,30,11.56,14,4,,East,2026-09-30
1008254,50008254,Retail,Credit Card,216823.67,728,721,0,0,35.07,30,4,,West,2026-09-30
1008255,50008255,Retail,Auto Loan,1770063.95,680,676,0,0,12.81,82,71,1789270.03,South,2026-09-30
1008256,50008256,SME,SME Loan,12764141.32,,587,0,15,17.92,25,9,,West,2026-09-30
1008257,50008257,Retail,Credit Card,63092.38,837,818,0,0,38.53,27,11,,West,2026-09-30
1008258,50008258,SME,SME Loan,4156553.27,764,781,0,0,12.58,82,24,,South,2026-09-30
1008259,50008259,Retail,Credit Card,437909.62,660,656,0,30,40.69,16,2,,North,2026-09-30
1008260,50008260,SME,SME Loan,3834861.14,811,773,0,0,11.23,24,23,,West,2026-09-30
1008261,50008261,Retail,Auto Loan,384365.41,747,716,0,0,8.69,72,39,288787.39,South,2026-09-30
1008262,50008262,Retail,Auto Loan,780000.73,723,718,0,0,11.4,69,6,748316.08,South,2026-09-30
1008263,50008263,Retail,Mortgage,5229694.02,666,668,0,0,9.06,154,88,7500855.51,West,2026-09-30
1008264,50008264,Retail,Mortgage,7174006.67,599,621,0,0,7.85,355,114,6580169.22,North,2026-09-30
1008265,50008265,Retail,Mortgage,4808015.5,609,583,0,0,9.41,273,58,7061472.75,East,2026-09-30
1008266,50008266,Retail,Auto Loan,488723.9,615,614,120,135,11.2,58,39,360424.09,West,2026-09-30
1008267,50008267,Retail,Personal Loan,341071.44,596,607,90,90,17.04,12,7,,South,2026-09-30
1008268,50008268,Retail,Credit Card,463272.25,613,636,0,15,26.53,45,15,,North,2026-09-30
1008269,50008269,SME,SME Loan,493911.93,532,533,0,0,12.04,12,7,,East,2026-09-30
1008270,50008270,Retail,Mortgage,8070557.76,650,659,0,0,7.96,222,4,11947518.94,North,2026-09-30
1008271,50008271,Retail,Auto Loan,1022565.66,587,601,0,0,12.76,49,15,858895.27,East,2026-09-30
1008272,50008272,SME,SME Loan,10565911.15,575,605,0,15,13.08,77,7,,East,2026-09-30
1008273,50008273,Retail,Personal Loan,254554.28,642,653,0,0,17.66,53,10,,North,2026-09-30
1008274,50008274,SME,SME Loan,8984287.22,786,761,0,15,13.43,97,38,,Central,2026-09-30
1008275,50008275,Retail,Credit Card,204755.75,628,608,45,60,39.79,53,29,,West,2026-09-30
1008276,50008276,Retail,Personal Loan,1700367.94,784,754,0,0,19.96,75,63,,South,2026-09-30
1008277,50008277,SME,SME Loan,3115320.51,707,695,0,0,11.92,36,5,,West,2026-09-30
1008278,50008278,Retail,Auto Loan,2314132.22,606,597,0,0,11.13,53,23,2726530.88,West,2026-09-30
1008279,50008279,SME,Mortgage,1755646.64,608,594,0,0,7.51,351,181,2687710.31,East,2026-09-30
1008280,50008280,Retail,Mortgage,2303706.27,576,558,0,0,8.94,266,170,3139038.77,West,2026-09-30
1008281,50008281,Retail,Credit Card,366825.42,816,794,0,0,26.02,54,43,,East,2026-09-30
1008282,50008282,SME,SME Loan,1795958.95,739,744,0,30,11.89,35,16,,East,2026-09-30
1008283,50008283,SME,Mortgage,4729286.09,660,645,0,0,9.13,147,127,5101628.22,Central,2026-09-30
1008284,50008284,SME,SME Loan,12264447.58,823,824,0,0,14.76,108,21,,Central,2026-09-30
1008285,50008285,Retail,Mortgage,2261780.72,715,706,0,15,7.19,293,125,2601111.04,West,2026-09-30
1008286,50008286,Retail,Mortgage,9922187.64,644,627,60,60,9.76,321,139,13337829.11,South,2026-09-30
1008287,50008287,SME,SME Loan,10363376.56,723,742,0,15,15.22,86,62,,East,2026-09-30
1008288,50008288,SME,Auto Loan,2136614.85,760,799,0,0,8.51,73,13,1310273.53,South,2026-09-30
1008289,50008289,Retail,Mortgage,3439613.91,608,624,75,45,10.32,262,205,3977177.74,North,2026-09-30
1008290,50008290,Retail,Personal Loan,817273.37,610,590,15,0,15.8,21,9,,East,2026-09-30
1008291,50008291,Retail,Credit Card,208532.5,706,727,0,0,30.79,15,3,,South,2026-09-30
1008292,50008292,Retail,Personal Loan,446900.33,497,512,15,15,13.47,30,24,,East,2026-09-30
1008293,50008293,Retail,Credit Card,150928.17,628,645,0,0,27.45,12,4,,South,2026-09-30
1008294,50008294,Retail,Auto Loan,1587561.49,663,680,0,0,10.59,65,59,1305548.64,West,2026-09-30
1008295,50008295,Retail,Personal Loan,1273583.34,583,590,0,0,14.05,13,9,,West,2026-09-30
1008296,50008296,Corporate,Mortgage,9443971.6,778,799,0,15,10.47,145,74,13325928.19,South,2026-09-30
1008297,50008297,Retail,Mortgage,6577406.03,826,777,0,0,9.93,322,68,8745861.69,West,2026-09-30
1008298,50008298,Retail,Auto Loan,2300616.67,699,715,0,0,8.88,59,31,2480193.96,South,2026-09-30
1008299,50008299,Retail,Auto Loan,1141261.82,667,635,30,30,11.52,65,20,1326815.39,East,2026-09-30
1008300,50008300,Retail,Credit Card,112228.66,595,579,0,30,37.06,31,4,,North,2026-09-30
1008301,50008301,Retail,Auto Loan,3323979.87,642,645,0,0,10.87,62,32,3798564.73,West,2026-09-30
1008302,50008302,Corporate,Corporate Loan,37099438.11,638,655,0,0,9.12,166,104,,West,2026-09-30
1008303,50008303,SME,SME Loan,8800140.27,675,643,15,15,9.41,21,11,,South,2026-09-30
1008304,50008304,SME,Mortgage,9468766.65,723,701,0,0,7.98,356,323,13830689.25,West,2026-09-30
1008305,50008305,SME,SME Loan,7347514.21,685,688,0,0,10.57,32,1,,North,2026-09-30
1008306,50008306,Retail,Mortgage,3606634.81,838,810,0,0,7.01,228,43,4870568.5,South,2026-09-30
1008307,50008307,Retail,Auto Loan,784091.16,691,691,0,0,13.99,51,7,697176.48,Central,2026-09-30
1008308,50008308,Retail,Auto Loan,2341954.31,709,742,0,0,11.86,48,21,2103751.83,North,2026-09-30
1008309,50008309,Retail,Personal Loan,1205485.21,683,684,0,30,12.72,48,7,,South,2026-09-30
1008310,50008310,Retail,Auto Loan,368444.34,663,695,0,30,10.39,31,15,439381.85,West,2026-09-30
1008311,50008311,Retail,Personal Loan,1842960.61,711,705,0,15,11.89,54,52,,North,2026-09-30
1008312,50008312,Retail,Auto Loan,345647.08,632,631,0,0,9.56,83,33,367478.82,West,2026-09-30
1008313,50008313,Retail,Credit Card,54349.51,699,677,0,0,26.26,15,14,,West,2026-09-30
1008314,50008314,Retail,Personal Loan,907410.17,722,742,0,0,12.22,58,5,,East,2026-09-30
1008315,50008315,Retail,Mortgage,684053.44,658,679,30,30,7.96,153,128,931002.15,West,2026-09-30
1008316,50008316,Retail,Credit Card,139590.19,689,677,0,30,30.02,30,13,,West,2026-09-30
1008317,50008317,SME,Auto Loan,3425262.74,677,674,45,15,9.88,42,29,3312414.01,Central,2026-09-30
1008318,50008318,Corporate,Mortgage,8621518.02,729,717,0,0,10.48,265,211,9070266.01,South,2026-09-30
1008319,50008319,Retail,Auto Loan,3234521.68,798,800,0,30,13.05,72,2,2328439.53,West,2026-09-30
1008320,50008320,Retail,Credit Card,32364.96,685,689,0,0,41.09,22,9,,West,2026-09-30
1008321,50008321,Retail,Personal Loan,1630602.04,570,553,0,15,13.31,47,24,,South,2026-09-30
1008322,50008322,Retail,Auto Loan,650268.14,800,777,0,0,8.81,58,14,604183.01,Central,2026-09-30
1008323,50008323,Retail,Mortgage,1248449.24,656,644,0,0,8.31,233,115,1504942.07,North,2026-09-30
1008324,50008324,Retail,Credit Card,286271.1,728,688,0,30,26.97,60,45,,West,2026-09-30
1008325,50008325,SME,Auto Loan,1275289.68,679,676,0,0,10.48,63,61,1333490.81,South,2026-09-30
1008326,50008326,Retail,Mortgage,7549068.39,735,742,0,0,8.2,320,208,9621407.1,South,2026-09-30
1008327,50008327,Retail,Mortgage,7419287.15,641,669,0,0,9.61,338,276,8848158.39,East,2026-09-30
1008328,50008328,Retail,Auto Loan,1922111.18,794,770,0,0,9.26,83,37,1383405.64,North,2026-09-30
1008329,50008329,Retail,Mortgage,2018667.94,672,653,120,120,8.94,196,185,2653612.55,South,2026-09-30
1008330,50008330,Retail,Auto Loan,499249.37,,703,0,15,10.29,29,9,386692.68,West,2026-09-30
1008331,50008331,Retail,Mortgage,9682487.51,657,643,30,30,7.32,229,71,9347017.55,South,2026-09-30
1008332,50008332,Retail,Auto Loan,809770.04,673,704,0,30,9.75,66,58,595821.68,West,2026-09-30
1008333,50008333,Retail,Personal Loan,268911.92,629,598,0,0,11.31,74,45,,South,2026-09-30
1008334,50008334,Retail,Auto Loan,1498639.46,606,616,0,15,11.5,36,31,1529647.62,South,2026-09-30
1008335,50008335,Retail,Mortgage,8634733.42,673,662,0,0,7.0,240,220,11947317.34,North,2026-09-30
1008336,50008336,Retail,Mortgage,1396924.38,728,744,0,0,7.07,296,147,2042036.27,East,2026-09-30
1008337,50008337,Retail,Auto Loan,1578371.08,721,749,0,30,8.26,55,23,1892276.12,North,2026-09-30
1008338,50008338,Retail,Auto Loan,1394531.09,750,745,0,0,11.86,79,6,996634.73,West,2026-09-30
1008339,50008339,Retail,Personal Loan,1235029.07,728,757,0,0,14.83,80,43,,West,2026-09-30
1008340,50008340,Retail,Credit Card,415402.85,625,617,0,0,32.72,44,27,,South,2026-09-30
1008341,50008341,Retail,Personal Loan,252684.51,653,674,0,0,17.4,26,11,,South,2026-09-30
1008342,50008342,Retail,Personal Loan,814729.52,728,736,0,0,18.58,37,31,,North,2026-09-30
1008343,50008343,SME,Mortgage,6650815.56,571,571,0,0,8.43,340,23,8887125.61,West,2026-09-30
1008344,50008344,SME,Auto Loan,3076368.94,765,766,0,0,9.74,67,62,2761455.95,North,2026-09-30
1008345,50008345,Retail,Mortgage,10684878.11,666,658,0,0,10.29,153,108,12263003.56,West,2026-09-30
1008346,50008346,Retail,Personal Loan,88383.26,582,597,120,120,12.9,29,14,,South,2026-09-30
1008347,50008347,SME,SME Loan,2150172.63,820,836,0,0,15.67,20,11,,West,2026-09-30
1008348,50008348,SME,Mortgage,5963715.06,769,777,0,15,9.71,133,12,6031743.3,South,2026-09-30
1008349,50008349,Retail,Mortgage,9581902.27,851,869,0,0,8.87,341,276,8286730.57,East,2026-09-30
1008350,50008350,Corporate,Corporate Loan,65552693.39,675,661,0,0,11.41,108,79,,West,2026-09-30
1008351,50008351,SME,SME Loan,11346773.66,721,726,0,0,14.55,91,7,,North,2026-09-30
1008352,50008352,Retail,Personal Loan,937898.0,882,883,0,0,19.24,24,18,,Central,2026-09-30
1008353,50008353,Retail,Personal Loan,891859.56,681,665,0,15,12.21,51,31,,Central,2026-09-30
1008354,50008354,Retail,Personal Loan,1595304.16,668,708,0,0,18.06,59,40,,West,2026-09-30
1008355,50008355,SME,SME Loan,7667576.59,731,744,0,0,12.7,115,65,,West,2026-09-30
1008356,50008356,Retail,Personal Loan,1158150.12,657,627,0,15,19.0,16,1,,Central,2026-09-30
1008357,50008357,Retail,Personal Loan,1466229.45,670,643,0,0,11.03,73,42,,Central,2026-09-30
1008358,50008358,SME,Mortgage,6357892.06,801,754,0,0,8.26,191,158,8111641.25,West,2026-09-30
1008359,50008359,Retail,Mortgage,10973189.54,813,787,0,15,7.73,186,42,12819586.8,North,2026-09-30
1008360,50008360,Retail,Personal Loan,497197.04,809,798,0,0,15.91,26,6,,West,2026-09-30
1008361,50008361,Retail,Mortgage,11746799.66,711,713,0,30,9.07,147,29,12765362.19,East,2026-09-30
1008362,50008362,Retail,Mortgage,9444394.6,757,755,0,0,8.57,136,121,13592655.34,North,2026-09-30
1008363,50008363,Retail,Credit Card,121424.46,701,716,0,0,35.97,26,25,,West,2026-09-30
1008364,50008364,Retail,Credit Card,126482.94,707,737,15,15,38.85,41,16,,North,2026-09-30
1008365,50008365,Retail,Personal Loan,1257760.49,819,814,0,0,18.79,54,15,,North,2026-09-30
1008366,50008366,Retail,Mortgage,11304015.86,728,758,0,0,9.58,166,112,15713877.32,South,2026-09-30
1008367,50008367,Retail,Mortgage,2117194.52,832,816,0,30,7.0,164,7,2542721.04,South,2026-09-30
1008368,50008368,Retail,Auto Loan,1477414.17,708,669,0,0,8.86,55,53,1018869.74,West,2026-09-30
1008369,50008369,Corporate,Corporate Loan,4351027.45,578,583,30,0,7.75,123,87,,East,2026-09-30
1008370,50008370,SME,SME Loan,14260915.23,705,713,0,15,13.45,95,76,,North,2026-09-30
1008371,50008371,Corporate,Corporate Loan,59334743.62,688,700,0,0,12.76,99,13,,West,2026-09-30
1008372,50008372,Retail,Mortgage,8683881.99,736,743,0,30,10.41,327,265,8877950.99,North,2026-09-30
1008373,50008373,SME,SME Loan,619911.85,765,755,0,0,14.05,27,17,,East,2026-09-30
1008374,50008374,Retail,Personal Loan,432855.93,650,619,,0,16.06,13,12,,East,2026-09-30
1008375,50008375,Retail,Credit Card,441015.03,815,833,0,0,35.88,19,12,,East,2026-09-30
1008376,50008376,Retail,Credit Card,446487.75,674,700,0,15,35.62,18,14,,West,2026-09-30
1008377,50008377,SME,SME Loan,4318869.61,685,704,0,15,12.02,50,9,,West,2026-09-30
1008378,50008378,Retail,Personal Loan,1700487.99,696,686,0,0,16.39,78,65,,North,2026-09-30
1008379,50008379,Retail,Credit Card,114107.26,862,888,0,30,39.9,44,9,,South,2026-09-30
1008380,50008380,Corporate,Corporate Loan,73235654.1,654,666,0,0,7.89,154,63,,West,2026-09-30
1008381,50008381,Corporate,Corporate Loan,38818040.56,660,672,0,30,8.92,167,129,,East,2026-09-30
1008382,50008382,Retail,Auto Loan,578996.42,802,815,0,0,9.17,47,47,599838.96,East,2026-09-30
1008383,50008383,SME,Auto Loan,1495525.92,626,637,0,0,9.06,80,28,1722784.68,West,2026-09-30
1008384,50008384,Retail,Auto Loan,1819480.17,673,695,0,0,9.86,62,39,2071259.23,East,2026-09-30
1008385,50008385,SME,Auto Loan,501651.88,685,682,0,0,9.07,49,34,464514.06,West,2026-09-30
1008386,50008386,Retail,Credit Card,357279.94,720,733,0,15,37.45,24,21,,East,2026-09-30
1008387,50008387,Retail,Auto Loan,960116.18,732,717,0,15,9.87,41,29,1016836.76,South,2026-09-30
1008388,50008388,Retail,Mortgage,3245912.66,632,643,15,0,7.7,212,45,2818563.54,South,2026-09-30
1008389,50008389,Retail,Auto Loan,2429021.11,674,673,0,0,9.5,60,47,2224967.42,North,2026-09-30
1008390,50008390,SME,SME Loan,8804893.88,816,789,0,0,17.68,120,64,,North,2026-09-30
1008391,50008391,Retail,Personal Loan,528812.28,612,618,0,15,10.2,50,38,,Central,2026-09-30
1008392,50008392,Retail,Credit Card,207245.71,648,681,0,15,39.83,60,17,,Central,2026-09-30
1008393,50008393,Retail,Credit Card,39148.76,620,639,0,30,32.38,51,50,,North,2026-09-30
1008394,50008394,SME,SME Loan,2000952.53,682,690,0,0,16.82,72,72,,South,2026-09-30
1008395,50008395,Retail,Auto Loan,1449954.55,662,656,0,0,8.6,63,26,1273941.04,South,2026-09-30
1008396,50008396,SME,Auto Loan,2670920.07,618,622,30,30,9.0,84,66,2026056.69,East,2026-09-30
1008397,50008397,Retail,Credit Card,14164.9,684,696,45,45,34.77,26,12,,Central,2026-09-30
1008398,50008398,SME,SME Loan,7612819.62,626,661,0,0,10.44,45,26,,South,2026-09-30
1008399,50008399,Retail,Mortgage,1275648.37,758,745,0,0,9.33,255,168,1883453.85,South,2026-09-30
1008400,50008400,Retail,Credit Card,243421.9,687,626,60,60,34.35,41,33,,Central,2026-09-30
1008401,50008401,Retail,Auto Loan,2661664.18,552,535,0,0,10.69,35,14,2125724.73,East,2026-09-30
1008402,50008402,Retail,Mortgage,10796245.79,781,753,0,0,7.37,303,108,9875012.49,West,2026-09-30
1008403,50008403,Retail,Credit Card,412140.89,792,797,0,0,28.84,14,9,,West,2026-09-30
1008404,50008404,Retail,Credit Card,8638.86,781,838,75,60,38.35,56,41,,South,2026-09-30
1008405,50008405,Retail,Credit Card,201667.44,675,666,0,0,25.96,23,6,,West,2026-09-30
1008406,50008406,Corporate,Corporate Loan,3394641.33,804,773,0,0,13.26,100,95,,East,2026-09-30
1008407,50008407,SME,SME Loan,14427734.99,765,753,0,0,10.64,62,4,,North,2026-09-30
1008408,50008408,Retail,Mortgage,3279448.22,636,658,0,0,7.7,210,46,2923172.82,North,2026-09-30
1008409,50008409,Retail,Credit Card,423681.72,786,773,0,0,41.9,16,11,,West,2026-09-30
1008410,50008410,Corporate,Corporate Loan,8718139.15,665,669,0,15,8.98,50,27,,West,2026-09-30
1008411,50008411,Retail,Mortgage,4329327.99,813,801,0,0,8.15,257,115,6458296.38,West,2026-09-30
1008412,50008412,Retail,Mortgage,4517008.11,672,643,120,105,9.38,331,30,4947576.18,Central,2026-09-30
1008413,50008413,Retail,Mortgage,9058636.97,668,669,0,0,7.67,208,54,9282100.49,West,2026-09-30
1008414,50008414,Retail,Auto Loan,812793.69,756,734,0,0,13.32,29,5,533285.0,West,2026-09-30
1008415,50008415,Retail,Auto Loan,3353089.01,723,684,0,0,11.94,43,34,3007153.43,West,2026-09-30
1008416,50008416,Retail,Auto Loan,3000540.21,822,787,0,30,11.21,50,50,2585360.88,West,2026-09-30
1008417,50008417,Retail,Mortgage,3862351.79,608,598,0,0,8.74,222,172,3506226.98,West,2026-09-30
1008418,50008418,Retail,Mortgage,7848530.72,753,773,0,0,9.71,307,65,8404737.57,East,2026-09-30
1008419,50008419,SME,SME Loan,523684.77,704,708,0,0,9.74,115,52,,North,2026-09-30
1008420,50008420,SME,Auto Loan,554126.26,734,709,0,15,13.31,56,35,560795.82,North,2026-09-30
1008421,50008421,Retail,Personal Loan,1181945.16,662,690,45,30,10.53,41,3,,North,2026-09-30
1008422,50008422,Retail,Mortgage,5337080.14,658,655,0,0,7.01,312,97,8198533.67,South,2026-09-30
1008423,50008423,Retail,Personal Loan,73395.08,750,752,0,0,17.08,36,21,,South,2026-09-30
1008424,50008424,SME,SME Loan,4875327.1,619,647,0,15,11.02,80,32,,East,2026-09-30
1008425,50008425,Retail,Personal Loan,1988787.07,714,733,180,180,17.51,64,29,,North,2026-09-30
1008426,50008426,Corporate,Corporate Loan,13367419.8,833,870,0,0,9.85,80,37,,Central,2026-09-30
1008427,50008427,Retail,Personal Loan,939993.28,778,799,0,15,19.29,40,4,,West,2026-09-30
1008428,50008428,Retail,Auto Loan,2967460.17,675,654,0,0,9.96,52,28,2578700.99,East,2026-09-30
1008429,50008429,SME,Auto Loan,377438.03,741,757,0,15,11.07,64,26,341518.25,Central,2026-09-30
1008430,50008430,Retail,Mortgage,5513866.96,729,728,0,15,8.59,174,114,5194282.59,West,2026-09-30
1008431,50008431,SME,SME Loan,7292890.4,766,765,0,30,15.66,53,10,,West,2026-09-30
1008432,50008432,Retail,Mortgage,6435816.79,693,708,0,0,9.29,125,123,9960158.36,North,2026-09-30
1008433,50008433,Retail,Personal Loan,516221.01,760,730,0,0,10.96,41,36,,South,2026-09-30
1008434,50008434,Retail,Mortgage,7793359.51,721,717,0,0,9.36,218,218,7279394.45,West,2026-09-30
1008435,50008435,Corporate,Corporate Loan,18328954.31,643,659,0,0,11.58,110,100,,West,2026-09-30
1008436,50008436,Retail,Personal Loan,1836903.51,645,646,0,0,12.47,76,11,,South,2026-09-30
1008437,50008437,Retail,Personal Loan,970818.07,639,654,0,0,11.95,64,36,,West,2026-09-30
1008438,50008438,Retail,Personal Loan,1257665.34,611,654,0,0,11.29,29,27,,Central,2026-09-30
1008439,50008439,Corporate,Corporate Loan,33156135.83,711,742,0,0,9.06,28,10,,Central,2026-09-30
1008440,50008440,Retail,Personal Loan,1605398.14,751,763,0,0,13.35,66,46,,North,2026-09-30
1008441,50008441,Retail,Auto Loan,1887193.19,571,567,45,75,13.1,78,63,1386626.79,West,2026-09-30
1008442,50008442,Retail,Mortgage,1503337.01,757,768,0,0,8.83,191,58,1754573.53,West,2026-09-30
1008443,50008443,Retail,Credit Card,228546.09,727,716,0,0,38.96,41,26,,Central,2026-09-30
1008444,50008444,Retail,Auto Loan,1430064.35,831,857,0,0,11.85,42,9,1639548.32,North,2026-09-30
1008445,50008445,Retail,Personal Loan,1313228.08,805,819,0,0,19.45,15,3,,North,2026-09-30
1008446,50008446,Retail,Credit Card,314955.03,783,751,0,0,30.77,45,27,,North,2026-09-30
1008447,50008447,SME,Mortgage,6675235.97,641,671,0,0,7.45,313,127,6598395.18,Central,2026-09-30
1008448,50008448,Retail,Personal Loan,1962757.07,818,793,0,0,16.67,58,36,,West,2026-09-30
1008449,50008449,Retail,Credit Card,471982.79,725,740,0,0,33.47,39,11,,West,2026-09-30
1008450,50008450,Retail,Credit Card,450462.38,670,678,0,0,33.97,47,5,,South,2026-09-30
1008451,50008451,Retail,Personal Loan,467837.29,749,766,0,0,13.89,35,4,,West,2026-09-30
1008452,50008452,SME,SME Loan,3060586.81,720,732,45,30,15.42,111,46,,South,2026-09-30
1008453,50008453,SME,SME Loan,9406041.71,622,659,60,60,13.26,36,1,,West,2026-09-30
1008454,50008454,Retail,Auto Loan,789393.85,649,655,60,90,11.73,46,29,879016.82,West,2026-09-30
1008455,50008455,Retail,Personal Loan,551731.84,704,690,0,0,12.47,55,47,,Central,2026-09-30
1008456,50008456,Retail,Mortgage,6144802.28,731,737,0,0,10.03,139,132,,South,2026-09-30
1008457,50008457,Retail,Auto Loan,618913.08,616,611,15,30,10.09,43,6,451090.8,West,2026-09-30
1008458,50008458,SME,SME Loan,14729162.52,745,747,0,0,9.85,12,11,,South,2026-09-30
1008459,50008459,Corporate,Corporate Loan,58609936.51,766,768,0,0,8.6,167,8,,Central,2026-09-30
1008460,50008460,SME,SME Loan,3192183.37,759,743,0,0,16.64,70,62,,North,2026-09-30
1008461,50008461,Retail,Personal Loan,1697122.42,722,725,0,0,15.58,24,9,,East,2026-09-30
1008462,50008462,Corporate,Corporate Loan,54207322.08,823,802,0,0,7.88,137,20,,North,2026-09-30
1008463,50008463,Retail,Auto Loan,919950.36,782,753,0,30,12.06,25,18,929641.69,West,2026-09-30
1008464,50008464,Retail,Credit Card,159312.38,617,571,0,15,36.44,31,15,,South,2026-09-30
1008465,50008465,Retail,Credit Card,487614.89,616,610,0,0,35.82,38,23,,West,2026-09-30
1008466,50008466,Retail,Personal Loan,1885236.14,752,742,0,0,12.21,60,31,,North,2026-09-30
1008467,50008467,Retail,Personal Loan,232095.4,729,691,0,0,12.55,50,20,,West,2026-09-30
1008468,50008468,Retail,Mortgage,11800041.82,715,716,0,0,8.09,247,92,17590232.6,West,2026-09-30
1008469,50008469,Corporate,Corporate Loan,30182568.78,723,692,0,0,10.58,122,9,,South,2026-09-30
1008470,50008470,Retail,Auto Loan,1154264.44,795,771,0,0,11.54,51,7,1241852.14,South,2026-09-30
1008471,50008471,Retail,Personal Loan,1799916.91,692,657,0,0,12.81,62,48,,West,2026-09-30
1008472,50008472,SME,SME Loan,10247215.6,727,739,0,0,10.94,56,16,,North,2026-09-30
1008473,50008473,Retail,Auto Loan,1348531.5,759,806,0,0,13.66,45,8,1226537.17,West,2026-09-30
1008474,50008474,Retail,Mortgage,4136588.06,770,748,0,30,7.66,349,206,5972540.33,South,2026-09-30
1008475,50008475,Retail,Personal Loan,183285.45,750,766,0,0,18.35,37,11,,West,2026-09-30
1008476,50008476,Retail,Auto Loan,2248261.14,738,689,0,0,9.57,82,38,1578924.63,North,2026-09-30
1008477,50008477,Retail,Mortgage,11558058.15,806,814,0,15,8.16,161,116,10980904.61,North,2026-09-30
1008478,50008478,SME,SME Loan,8628528.81,625,640,75,90,15.2,68,60,,North,2026-09-30
1008479,50008479,SME,Mortgage,5685229.78,516,532,0,15,8.62,163,81,5439930.87,South,2026-09-30
1008480,50008480,Retail,Auto Loan,1903279.98,789,797,0,30,10.71,70,1,1778435.61,West,2026-09-30
1008481,50008481,Retail,Credit Card,342316.53,670,666,45,45,37.35,12,11,,South,2026-09-30
1008482,50008482,Retail,Mortgage,8980204.81,733,721,0,0,8.05,241,208,8978985.04,South,2026-09-30
1008483,50008483,Retail,Mortgage,8047267.9,726,737,0,15,9.44,131,87,9962445.06,East,2026-09-30
1008484,50008484,Retail,Credit Card,329402.84,718,711,0,0,32.52,24,2,,North,2026-09-30
1008485,50008485,Retail,Auto Loan,2536919.2,666,672,0,0,9.64,40,38,2138628.31,West,2026-09-30
1008486,50008486,Retail,Auto Loan,2853986.87,628,597,0,0,13.68,36,8,3193501.17,West,2026-09-30
1008487,50008487,Retail,Personal Loan,387541.33,580,644,0,0,17.73,22,18,,South,2026-09-30
1008488,50008488,Retail,Credit Card,490288.88,683,732,0,0,35.79,16,14,,Central,2026-09-30
1008489,50008489,Retail,Auto Loan,1024416.86,839,808,0,15,9.71,33,19,940906.47,North,2026-09-30
1008490,50008490,SME,Auto Loan,3147750.11,670,725,0,0,12.22,54,23,3343965.02,North,2026-09-30
1008491,50008491,Corporate,Corporate Loan,35569877.56,788,766,0,0,12.7,60,44,,West,2026-09-30
1008492,50008492,Retail,Mortgage,1838848.66,665,709,0,0,7.97,301,155,2163025.21,West,2026-09-30
1008493,50008493,Retail,Personal Loan,1875028.47,708,721,0,0,18.32,81,2,,North,2026-09-30
1008494,50008494,Retail,Mortgage,8717914.57,655,655,0,0,8.52,164,44,11841080.86,East,2026-09-30
1008495,50008495,Retail,Auto Loan,512433.92,764,754,0,0,12.34,27,25,603561.73,West,2026-09-30
1008496,50008496,SME,Mortgage,7568360.61,610,633,0,15,9.67,151,113,6941677.93,East,2026-09-30
1008497,50008497,Retail,Mortgage,8513406.35,618,651,0,0,8.68,296,179,7517561.74,East,2026-09-30
1008498,50008498,SME,Auto Loan,422091.38,794,815,0,0,8.94,47,38,450957.44,North,2026-09-30
1008499,50008499,Retail,Personal Loan,1603708.52,,811,0,0,15.18,59,15,,West,2026-09-30
1008500,50008500,SME,Mortgage,1003068.48,702,706,0,0,7.02,162,31,1489216.45,North,2026-09-30
1008501,50008501,Retail,Personal Loan,105515.91,770,761,0,0,14.58,41,6,,East,2026-09-30
1008502,50008502,Retail,Credit Card,57035.26,659,657,0,30,40.74,24,10,,West,2026-09-30
1008503,50008503,Retail,Auto Loan,1681412.57,655,637,45,30,13.62,38,31,1917146.9,West,2026-09-30
1008504,50008504,Retail,Mortgage,10635934.0,648,642,0,0,9.09,206,69,11912756.08,East,2026-09-30
1008505,50008505,Corporate,Mortgage,11500322.9,715,673,0,0,8.49,343,215,17610443.83,East,2026-09-30
1008506,50008506,Retail,Mortgage,8295369.14,669,690,0,0,9.53,252,180,9578381.4,South,2026-09-30
1008507,50008507,Retail,Personal Loan,1648845.62,682,701,0,0,15.28,27,1,,Central,2026-09-30
1008508,50008508,Corporate,Corporate Loan,3689505.12,760,746,0,0,11.01,68,46,,North,2026-09-30
1008509,50008509,Retail,Mortgage,10783283.21,791,796,0,0,9.24,309,67,15207470.9,South,2026-09-30
1008510,50008510,Retail,Auto Loan,715421.26,690,693,0,15,8.29,63,12,440619.85,West,2026-09-30
1008511,50008511,Retail,Auto Loan,1323716.0,864,838,0,0,8.94,64,55,1350273.77,South,2026-09-30
1008512,50008512,Retail,Mortgage,8766376.84,602,625,0,0,8.63,267,188,9797902.51,Central,2026-09-30
1008513,50008513,Retail,Credit Card,128821.42,791,749,0,0,29.68,20,17,,Central,2026-09-30
1008514,50008514,Retail,Auto Loan,389632.95,679,685,0,0,8.28,29,29,406083.27,West,2026-09-30
1008515,50008515,SME,SME Loan,4071148.51,568,556,0,15,12.66,16,11,,East,2026-09-30
1008516,50008516,SME,Auto Loan,3362729.64,672,681,0,0,9.22,36,18,2704409.64,West,2026-09-30
1008517,50008517,Retail,Auto Loan,1781919.58,769,779,0,0,8.12,31,13,1549255.67,West,2026-09-30
1008518,50008518,Retail,Auto Loan,2666789.03,770,776,0,30,10.42,68,36,2289821.09,East,2026-09-30
1008519,50008519,SME,SME Loan,12816781.78,666,693,0,0,11.48,84,73,,South,2026-09-30
1008520,50008520,SME,Mortgage,10307235.08,695,675,0,0,7.72,197,170,13632754.73,North,2026-09-30
1008521,50008521,Retail,Mortgage,5558002.67,683,720,0,15,8.79,167,71,7771885.14,North,2026-09-30
1008522,50008522,Retail,Mortgage,7265121.45,806,759,0,0,9.76,325,169,9305791.38,North,2026-09-30
1008523,50008523,Retail,Personal Loan,474102.46,639,661,30,30,11.7,43,18,,West,2026-09-30
1008524,50008524,Retail,Personal Loan,1329135.13,675,698,0,0,17.43,77,13,,North,2026-09-30
1008525,50008525,Retail,Credit Card,295530.23,680,621,0,0,35.32,12,8,,East,2026-09-30
1008526,50008526,Retail,Auto Loan,2509828.78,729,756,0,0,12.16,25,23,2453386.42,West,2026-09-30
1008527,50008527,Retail,Mortgage,1946536.44,737,707,0,15,8.26,304,268,1930935.61,West,2026-09-30
1008528,50008528,Retail,Auto Loan,463665.68,670,694,0,0,11.22,77,59,336496.26,East,2026-09-30
1008529,50008529,Retail,Mortgage,6069351.73,699,686,0,0,8.38,277,130,8929182.98,Central,2026-09-30
1008530,50008530,SME,SME Loan,9615176.46,719,703,0,15,11.9,82,15,,Central,2026-09-30
1008531,50008531,Corporate,Corporate Loan,2877664.83,600,609,0,0,9.16,143,142,,North,2026-09-30
1008532,50008532,Retail,Personal Loan,1755367.61,759,766,0,0,17.0,82,5,,South,2026-09-30
1008533,50008533,Retail,Mortgage,4924819.32,650,620,0,0,10.25,308,275,7210769.05,West,2026-09-30
1008534,50008534,Retail,Auto Loan,242462.54,800,767,0,15,12.2,49,29,149973.19,North,2026-09-30
1008535,50008535,Retail,Personal Loan,480370.4,726,693,0,0,15.75,40,25,,South,2026-09-30
1008536,50008536,Retail,Credit Card,257241.18,655,689,15,30,31.82,22,21,,West,2026-09-30
1008537,50008537,Retail,Personal Loan,1319429.8,737,693,0,0,18.52,26,1,,South,2026-09-30
1008538,50008538,Retail,Credit Card,147508.88,655,679,0,0,28.17,59,46,,West,2026-09-30
1008539,50008539,Retail,Auto Loan,3475064.04,799,847,0,0,10.72,64,53,3842669.13,West,2026-09-30
1008540,50008540,Retail,Personal Loan,541439.23,744,751,0,0,13.73,36,7,,North,2026-09-30
1008541,50008541,Retail,Mortgage,2170127.62,739,723,120,120,9.64,295,208,,East,2026-09-30
1008542,50008542,Retail,Auto Loan,3123150.28,713,736,0,0,13.08,27,24,2978624.45,South,2026-09-30
1008543,50008543,Retail,Mortgage,6098143.93,646,647,0,0,9.36,240,111,6485009.75,West,2026-09-30
1008544,50008544,Retail,Personal Loan,1424553.62,563,595,0,0,14.67,43,6,,Central,2026-09-30
1008545,50008545,Retail,Personal Loan,1947716.52,716,678,0,0,17.32,28,11,,South,2026-09-30
1008546,50008546,Retail,Mortgage,5124210.96,631,663,60,30,10.27,269,207,5786003.75,North,2026-09-30
1008547,50008547,SME,Auto Loan,2323526.02,555,609,0,15,13.71,69,12,1753714.79,South,2026-09-30
1008548,50008548,Retail,Auto Loan,1910767.24,706,712,0,15,11.24,29,25,1678263.49,West,2026-09-30
1008549,50008549,SME,SME Loan,3018888.68,728,730,0,0,15.09,84,68,,South,2026-09-30
1008550,50008550,Retail,Personal Loan,1756281.83,827,825,0,30,13.53,20,12,,South,2026-09-30
1008551,50008551,SME,SME Loan,13688775.78,771,745,0,15,15.45,117,42,,South,2026-09-30
1008552,50008552,SME,SME Loan,4687607.72,706,727,0,15,13.92,91,88,,West,2026-09-30
1008553,50008553,Retail,Credit Card,397661.88,775,761,0,0,38.75,59,44,,South,2026-09-30
1008554,50008554,Retail,Credit Card,140673.44,729,701,0,0,25.7,18,17,,West,2026-09-30
1008555,50008555,SME,SME Loan,4394880.5,720,713,180,180,9.3,61,29,,Central,2026-09-30
1008556,50008556,Retail,Auto Loan,3405982.52,684,696,0,30,11.0,79,61,2676092.09,South,2026-09-30
1008557,50008557,Retail,Auto Loan,3120253.89,780,764,0,0,9.83,49,45,2320040.69,East,2026-09-30
1008558,50008558,Retail,Auto Loan,2443325.56,528,573,180,150,11.16,54,24,2515770.19,South,2026-09-30
1008559,50008559,Retail,Auto Loan,1873229.42,704,660,0,0,11.95,77,43,1559600.22,East,2026-09-30
1008560,50008560,Retail,Auto Loan,1047369.23,810,788,0,15,9.24,50,3,999481.67,North,2026-09-30
1008561,50008561,Retail,Mortgage,9529848.69,684,701,0,15,9.94,203,120,11431789.09,North,2026-09-30
1008562,50008562,Retail,Personal Loan,671889.99,770,744,0,0,19.37,61,59,,West,2026-09-30
1008563,50008563,Retail,Mortgage,8410623.13,770,769,0,0,7.35,351,339,7350639.63,South,2026-09-30
1008564,50008564,SME,SME Loan,667742.57,856,870,0,15,13.9,57,20,,South,2026-09-30
1008565,50008565,Retail,Mortgage,8705910.48,679,665,0,0,8.71,146,58,9810096.67,North,2026-09-30
1008566,50008566,Retail,Mortgage,2835053.44,665,684,0,0,8.3,339,63,3768461.09,Central,2026-09-30
1008567,50008567,Retail,Credit Card,271580.61,723,739,0,0,33.22,41,22,,West,2026-09-30
1008568,50008568,Retail,Auto Loan,2666539.3,715,723,0,15,12.78,49,2,2895813.2,West,2026-09-30
1008569,50008569,Retail,Personal Loan,1710176.07,749,759,0,0,18.42,21,2,,East,2026-09-30
1008570,50008570,Retail,Credit Card,226066.89,613,645,60,45,41.28,26,24,,West,2026-09-30
1008571,50008571,Retail,Personal Loan,611187.59,652,666,30,30,17.47,64,53,,South,2026-09-30
1008572,50008572,Retail,Personal Loan,1055503.92,701,686,0,0,17.26,78,37,,North,2026-09-30
1008573,50008573,Retail,Auto Loan,2226430.42,809,792,0,0,13.36,67,31,2257025.48,West,2026-09-30
1008574,50008574,Corporate,Corporate Loan,45024666.87,678,660,180,180,10.66,132,78,,East,2026-09-30
1008575,50008575,Retail,Personal Loan,976966.84,851,799,0,0,13.43,65,61,,East,2026-09-30
1008576,50008576,Retail,Auto Loan,1234522.21,643,666,0,15,13.53,63,50,1166703.48,South,2026-09-30
1008577,50008577,Retail,Auto Loan,1488210.25,715,710,0,0,12.25,65,11,1672679.23,West,2026-09-30
1008578,50008578,Retail,Mortgage,7892224.87,755,741,0,0,8.64,350,19,9763009.77,West,2026-09-30
1008579,50008579,Retail,Personal Loan,1349173.91,682,713,0,15,13.52,40,37,,West,2026-09-30
1008580,50008580,Retail,Credit Card,94379.36,726,728,0,15,34.98,51,29,,South,2026-09-30
1008581,50008581,SME,SME Loan,12362284.65,662,685,45,75,16.57,77,67,,South,2026-09-30
1008582,50008582,Retail,Mortgage,7387748.02,639,649,0,0,9.61,317,68,10370957.0,South,2026-09-30
1008583,50008583,Retail,Mortgage,11525585.47,615,610,0,0,8.76,329,170,13196554.7,West,2026-09-30
1008584,50008584,Retail,Credit Card,138052.63,716,721,0,0,39.53,16,11,,Central,2026-09-30
1008585,50008585,SME,Mortgage,6058095.46,662,691,0,0,8.77,310,276,5854440.36,East,2026-09-30
1008586,50008586,Retail,Personal Loan,828791.57,736,730,0,0,13.16,70,30,,South,2026-09-30
1008587,50008587,Retail,Personal Loan,1510419.02,697,725,0,0,13.78,55,22,,West,2026-09-30
1008588,50008588,Retail,Mortgage,1737141.15,750,732,0,15,9.33,232,22,1888896.32,South,2026-09-30
1008589,50008589,Retail,Personal Loan,1469740.81,652,651,0,0,17.04,54,31,,West,2026-09-30
1008590,50008590,Retail,Credit Card,5939.24,802,825,0,0,41.08,31,25,,Central,2026-09-30
1008591,50008591,Retail,Credit Card,76091.48,762,780,0,0,31.88,29,6,,South,2026-09-30
1008592,50008592,Retail,Personal Loan,757715.61,,644,0,15,13.37,26,9,,West,2026-09-30
1008593,50008593,Retail,Mortgage,7396214.58,622,650,0,30,9.81,291,74,7747779.24,West,2026-09-30
1008594,50008594,Retail,Credit Card,364646.92,782,766,0,0,24.3,31,21,,West,2026-09-30
1008595,50008595,Retail,Credit Card,25712.78,739,727,0,30,27.86,38,22,,North,2026-09-30
1008596,50008596,SME,SME Loan,9408886.27,695,715,0,0,11.76,64,12,,South,2026-09-30
1008597,50008597,Retail,Personal Loan,1333592.42,752,723,0,0,14.89,33,18,,East,2026-09-30
1008598,50008598,Retail,Mortgage,8402304.88,788,769,0,0,7.45,120,3,10793198.55,East,2026-09-30
1008599,50008599,Retail,Personal Loan,196801.97,767,752,0,0,17.24,15,13,,North,2026-09-30
1008600,50008600,SME,SME Loan,13030426.63,540,574,0,0,16.8,75,33,,North,2026-09-30
1008601,50008601,Retail,Auto Loan,1814710.83,668,668,0,0,8.67,52,39,2010094.87,Central,2026-09-30
1008602,50008602,SME,SME Loan,6090745.62,683,697,0,0,14.2,79,17,,South,2026-09-30
1008603,50008603,Retail,Mortgage,891395.88,564,592,30,30,9.67,242,204,1067258.0,West,2026-09-30
1008604,50008604,Retail,Personal Loan,597104.32,618,613,120,105,11.86,42,21,,Central,2026-09-30
1008605,50008605,Retail,Personal Loan,565647.63,697,712,60,75,13.61,84,67,,West,2026-09-30
1008606,50008606,Retail,Auto Loan,3266696.07,715,746,15,0,8.03,57,43,2890140.51,West,2026-09-30
1008607,50008607,Retail,Mortgage,11559983.65,834,824,0,0,8.39,219,53,9964933.47,Central,2026-09-30
1008608,50008608,Retail,Personal Loan,1285531.23,780,793,0,0,13.8,20,5,,West,2026-09-30
1008609,50008609,Retail,Mortgage,7228845.36,801,781,0,0,9.32,235,9,8542223.74,South,2026-09-30
1008610,50008610,SME,Mortgage,5432838.55,641,680,0,0,9.12,229,74,7404292.01,West,2026-09-30
1008611,50008611,Retail,Auto Loan,2443389.13,636,673,15,0,11.22,84,58,1531809.85,Central,2026-09-30
1008612,50008612,SME,SME Loan,6421347.02,714,745,0,0,13.64,18,16,,South,2026-09-30
1008613,50008613,Retail,Personal Loan,864006.84,683,664,0,0,13.57,30,5,,South,2026-09-30
1008614,50008614,Retail,Credit Card,56221.11,639,618,60,75,35.28,37,32,,East,2026-09-30
1008615,50008615,Retail,Personal Loan,297406.96,755,770,0,0,10.24,69,6,,West,2026-09-30
1008616,50008616,Retail,Auto Loan,2600124.26,786,802,0,30,10.82,80,28,3067880.96,Central,2026-09-30
1008617,50008617,Retail,Credit Card,14644.3,813,830,0,0,35.48,59,11,,West,2026-09-30
1008618,50008618,Retail,Personal Loan,936797.91,716,694,0,0,17.05,49,17,,South,2026-09-30
1008619,50008619,Retail,Personal Loan,1896367.1,583,602,0,0,19.4,47,45,,West,2026-09-30
1008620,50008620,Retail,Mortgage,3066715.17,703,707,0,15,8.97,209,30,3224946.53,North,2026-09-30
1008621,50008621,Retail,Credit Card,83359.4,724,732,0,0,40.04,34,15,,West,2026-09-30
1008622,50008622,Retail,Personal Loan,1577921.55,758,759,0,0,14.42,34,22,,West,2026-09-30
1008623,50008623,Retail,Mortgage,9751976.98,641,665,0,30,10.47,220,99,14434042.52,North,2026-09-30
1008624,50008624,Retail,Personal Loan,1521718.78,724,735,0,0,18.15,79,3,,South,2026-09-30
1008625,50008625,Retail,Auto Loan,483971.76,642,620,45,30,9.67,35,17,531821.73,Central,2026-09-30
1008626,50008626,Retail,Auto Loan,3455749.91,791,770,0,0,10.25,72,44,2089976.42,North,2026-09-30
1008627,50008627,Retail,Mortgage,7154370.48,698,720,0,0,7.65,330,153,9384093.73,West,2026-09-30
1008628,50008628,Corporate,Corporate Loan,53912587.58,720,711,0,30,8.87,121,34,,North,2026-09-30
1008629,50008629,Retail,Personal Loan,1479766.19,806,765,0,15,15.89,21,21,,South,2026-09-30
1008630,50008630,SME,Auto Loan,1419919.21,715,686,0,0,12.17,29,19,885511.81,North,2026-09-30
1008631,50008631,Retail,Personal Loan,1334556.23,873,819,0,15,11.69,36,6,,Central,2026-09-30
1008632,50008632,SME,Auto Loan,1235707.76,,741,0,0,13.56,48,42,1170550.25,Central,2026-09-30
1008633,50008633,Retail,Personal Loan,107986.13,641,631,0,0,11.87,70,27,,West,2026-09-30
1008634,50008634,SME,Auto Loan,209065.13,687,700,15,30,11.68,58,18,156324.87,West,2026-09-30
1008635,50008635,SME,SME Loan,3630464.73,737,710,0,0,12.03,111,34,,West,2026-09-30
1008636,50008636,Retail,Personal Loan,805632.37,706,711,0,0,18.4,35,28,,South,2026-09-30
1008637,50008637,Retail,Mortgage,922948.64,593,596,0,0,8.96,163,11,1152826.8,South,2026-09-30
1008638,50008638,Retail,Credit Card,231303.01,583,585,0,0,26.33,35,26,,West,2026-09-30
1008639,50008639,Corporate,Corporate Loan,37177725.03,666,663,0,0,13.39,56,28,,Central,2026-09-30
1008640,50008640,Corporate,Corporate Loan,5764403.32,629,653,0,0,11.05,57,3,,South,2026-09-30
1008641,50008641,SME,SME Loan,6885170.87,699,707,0,0,10.36,26,14,,East,2026-09-30
1008642,50008642,Retail,Mortgage,6690551.78,667,676,0,30,7.03,307,131,7250336.51,East,2026-09-30
1008643,50008643,Retail,Personal Loan,1623828.02,730,734,0,0,18.1,41,18,,South,2026-09-30
1008644,50008644,Retail,Auto Loan,460377.57,772,775,0,0,8.84,40,17,285381.91,South,2026-09-30
1008645,50008645,Retail,Auto Loan,279542.7,585,601,0,0,8.89,31,25,292074.5,West,2026-09-30
1008646,50008646,SME,SME Loan,5112860.02,782,771,0,0,11.95,109,2,,West,2026-09-30
1008647,50008647,Retail,Auto Loan,3450475.12,708,731,0,15,12.57,71,57,3851060.7,West,2026-09-30
1008648,50008648,Retail,Auto Loan,2458717.45,710,717,0,0,9.35,59,50,1544943.34,South,2026-09-30
1008649,50008649,Retail,Personal Loan,1978286.8,581,570,0,0,16.7,78,44,,West,2026-09-30
1008650,50008650,Retail,Credit Card,36199.99,697,717,0,15,31.54,15,9,,East,2026-09-30
1008651,50008651,Retail,Mortgage,9002569.6,665,658,0,15,10.21,261,158,9313584.45,West,2026-09-30
1008652,50008652,Retail,Credit Card,282862.77,669,712,0,0,25.73,51,43,,East,2026-09-30
1008653,50008653,SME,SME Loan,4516615.68,827,802,15,0,10.1,94,47,,North,2026-09-30
1008654,50008654,Retail,Auto Loan,771593.0,675,709,0,0,9.76,53,6,850007.35,West,2026-09-30
1008655,50008655,Retail,Auto Loan,3416800.14,734,700,0,30,9.21,64,41,4013788.25,East,2026-09-30
1008656,50008656,Retail,Personal Loan,1399895.46,707,715,0,0,12.12,16,16,,East,2026-09-30
1008657,50008657,SME,SME Loan,13513535.65,655,659,0,0,12.05,22,3,,West,2026-09-30
1008658,50008658,Retail,Personal Loan,144286.39,786,753,0,0,14.55,65,50,,West,2026-09-30
1008659,50008659,Retail,Credit Card,381790.02,689,662,0,0,37.58,29,24,,East,2026-09-30
1008660,50008660,Retail,Personal Loan,268548.11,765,716,0,15,18.18,65,55,,Central,2026-09-30
1008661,50008661,Retail,Auto Loan,1684193.87,662,667,0,15,12.59,46,35,1236941.46,South,2026-09-30
1008662,50008662,Retail,Mortgage,1804375.97,592,577,15,45,8.5,170,147,2238072.87,West,2026-09-30
1008663,50008663,Retail,Credit Card,456711.16,543,537,120,150,37.14,54,41,,North,2026-09-30
1008664,50008664,Retail,Auto Loan,273621.28,769,777,0,0,11.12,46,46,287077.52,East,2026-09-30
1008665,50008665,SME,SME Loan,3443304.86,634,667,0,30,9.18,103,87,,West,2026-09-30
1008666,50008666,Retail,Auto Loan,2502823.91,630,635,0,0,9.26,70,55,2421439.49,East,2026-09-30
1008667,50008667,Retail,Personal Loan,1169958.01,617,600,0,0,12.99,83,1,,North,2026-09-30
1008668,50008668,Retail,Auto Loan,656359.58,817,806,0,0,11.49,33,31,520453.07,East,2026-09-30
1008669,50008669,SME,SME Loan,12179825.9,754,740,0,0,16.81,14,14,,East,2026-09-30
1008670,50008670,Retail,Personal Loan,231793.76,796,793,0,0,13.96,17,7,,North,2026-09-30
1008671,50008671,SME,SME Loan,931851.57,759,722,0,30,10.2,14,13,,West,2026-09-30
1008672,50008672,Retail,Mortgage,9877103.75,638,616,0,0,8.39,248,187,11403933.9,West,2026-09-30
1008673,50008673,Retail,Auto Loan,1033682.33,759,778,0,0,12.24,65,38,693389.44,North,2026-09-30
1008674,50008674,Retail,Mortgage,1318411.25,738,697,,0,7.0,301,18,1149984.63,Central,2026-09-30
1008675,50008675,Retail,Auto Loan,2704534.28,721,712,0,0,12.98,48,29,1810987.33,West,2026-09-30
1008676,50008676,Retail,Mortgage,8858052.33,706,656,0,0,7.95,225,143,9440562.14,Central,2026-09-30
1008677,50008677,Retail,Personal Loan,1057320.07,772,759,0,15,14.88,29,6,,South,2026-09-30
1008678,50008678,Retail,Credit Card,452273.08,788,755,0,0,41.52,51,1,,South,2026-09-30
1008679,50008679,Retail,Auto Loan,619412.53,781,778,0,0,13.51,43,15,410290.44,South,2026-09-30
1008680,50008680,Retail,Mortgage,7883223.86,742,772,0,0,7.66,185,139,8552760.49,West,2026-09-30
1008681,50008681,Retail,Personal Loan,1853171.08,702,697,0,0,16.23,70,6,,West,2026-09-30
1008682,50008682,Retail,Auto Loan,662515.28,754,742,0,15,10.05,44,36,482748.96,West,2026-09-30
1008683,50008683,SME,SME Loan,1533491.76,610,624,0,0,13.94,61,57,,East,2026-09-30
1008684,50008684,Retail,Mortgage,8693305.81,690,666,0,30,9.92,312,26,12726477.54,East,2026-09-30
1008685,50008685,Retail,Credit Card,470129.43,654,680,0,0,27.62,49,3,,East,2026-09-30
1008686,50008686,Retail,Mortgage,7939363.57,693,694,,0,9.22,123,28,10257816.09,East,2026-09-30
1008687,50008687,Retail,Auto Loan,974759.13,633,634,45,45,12.78,57,16,616587.93,East,2026-09-30
1008688,50008688,Retail,Credit Card,214429.94,719,707,0,0,40.13,42,36,,West,2026-09-30
1008689,50008689,Retail,Mortgage,4093535.87,796,778,0,0,9.11,122,91,6316474.33,Central,2026-09-30
1008690,50008690,Corporate,Corporate Loan,24859732.28,703,696,0,0,13.77,160,127,,West,2026-09-30
1008691,50008691,SME,Auto Loan,3091839.83,853,779,0,0,12.85,61,21,3085776.52,West,2026-09-30
1008692,50008692,Retail,Mortgage,9898718.7,666,666,60,60,7.64,225,21,13711564.95,South,2026-09-30
1008693,50008693,Retail,Auto Loan,1522569.57,688,690,45,60,13.02,31,25,1024251.08,Central,2026-09-30
1008694,50008694,Retail,Auto Loan,2265732.19,,814,0,15,10.8,25,14,2177889.88,East,2026-09-30
1008695,50008695,Retail,Mortgage,3243918.74,603,622,15,15,8.06,302,246,4262205.59,East,2026-09-30
1008696,50008696,Retail,Mortgage,2412518.09,815,803,0,15,10.03,220,193,3407472.37,East,2026-09-30
1008697,50008697,Retail,Personal Loan,1739471.88,829,823,0,0,12.64,31,15,,West,2026-09-30
1008698,50008698,Retail,Personal Loan,968349.64,707,736,0,0,11.82,48,43,,East,2026-09-30
1008699,50008699,SME,Auto Loan,2479067.44,628,597,30,0,12.97,46,17,2710703.49,West,2026-09-30
1008700,50008700,Retail,Auto Loan,392732.02,796,768,0,15,12.01,39,6,315665.94,East,2026-09-30
1008701,50008701,Retail,Personal Loan,156920.75,666,661,0,15,19.88,51,45,,West,2026-09-30
1008702,50008702,SME,SME Loan,6670508.96,669,684,0,0,17.11,34,25,,North,2026-09-30
1008703,50008703,Retail,Personal Loan,659665.19,699,716,0,0,10.29,38,18,,East,2026-09-30
1008704,50008704,Retail,Mortgage,3247870.08,725,722,0,15,8.92,175,113,3924128.24,West,2026-09-30
1008705,50008705,Retail,Mortgage,3157466.56,796,823,0,15,9.26,123,14,3961347.6,East,2026-09-30
1008706,50008706,SME,SME Loan,10703488.52,602,592,15,0,11.21,56,29,,West,2026-09-30
1008707,50008707,Retail,Auto Loan,2278956.93,697,701,0,0,9.68,78,58,1445933.82,South,2026-09-30
1008708,50008708,Retail,Personal Loan,1661481.06,799,789,0,0,18.14,37,34,,South,2026-09-30
1008709,50008709,Retail,Mortgage,8448384.03,755,747,0,30,8.9,328,157,12059290.49,West,2026-09-30
1008710,50008710,Retail,Personal Loan,638321.85,774,777,,0,19.09,23,14,,North,2026-09-30
1008711,50008711,Retail,Auto Loan,2448966.06,805,776,0,0,9.34,45,6,2561587.22,West,2026-09-30
1008712,50008712,Retail,Mortgage,8587648.73,735,735,0,15,9.78,228,24,12331732.82,South,2026-09-30
1008713,50008713,Retail,Auto Loan,980737.36,636,678,0,0,9.77,27,16,922148.87,South,2026-09-30
1008714,50008714,Retail,Mortgage,1819350.15,699,678,0,0,8.84,220,187,2662543.22,East,2026-09-30
1008715,50008715,SME,SME Loan,2148387.87,597,647,0,15,14.45,95,6,,West,2026-09-30
1008716,50008716,Retail,Personal Loan,1355105.01,670,668,0,0,17.38,20,4,,South,2026-09-30
1008717,50008717,Retail,Personal Loan,118812.82,760,772,0,0,19.62,20,6,,West,2026-09-30
1008718,50008718,Retail,Mortgage,2448713.2,667,689,0,0,8.02,130,106,2125567.1,West,2026-09-30
1008719,50008719,Retail,Personal Loan,845917.71,789,804,0,0,19.86,67,53,,North,2026-09-30
1008720,50008720,Retail,Auto Loan,3261899.23,679,674,0,0,9.46,63,63,2449948.32,West,2026-09-30
1008721,50008721,SME,Mortgage,11898772.98,591,587,0,0,8.55,345,122,11903515.38,Central,2026-09-30
1008722,50008722,Retail,Personal Loan,1874775.5,890,868,0,0,12.0,77,52,,South,2026-09-30
1008723,50008723,SME,Mortgage,6773381.55,900,900,0,0,8.24,340,313,8415545.27,East,2026-09-30
1008724,50008724,Retail,Mortgage,863700.04,688,682,0,0,7.86,224,105,1073661.21,South,2026-09-30
1008725,50008725,Corporate,Corporate Loan,55877295.19,716,681,0,0,12.88,47,24,,West,2026-09-30
1008726,50008726,Retail,Mortgage,4920898.85,628,652,15,30,9.18,160,34,4768298.98,West,2026-09-30
1008727,50008727,Retail,Auto Loan,2615377.2,701,731,0,15,9.37,32,1,1725026.05,South,2026-09-30
1008728,50008728,Retail,Credit Card,491289.38,703,704,0,30,24.42,16,8,,West,2026-09-30
1008729,50008729,Retail,Auto Loan,2725040.24,766,725,0,0,13.46,53,49,2330416.48,West,2026-09-30
1008730,50008730,Retail,Mortgage,7741057.53,697,745,0,0,9.49,285,244,7988344.14,South,2026-09-30
1008731,50008731,Retail,Personal Loan,389110.71,858,825,0,15,14.59,63,28,,East,2026-09-30
1008732,50008732,Retail,Mortgage,6387385.46,793,796,0,0,9.68,231,228,7648731.97,North,2026-09-30
1008733,50008733,SME,SME Loan,13383649.2,629,652,0,15,9.13,41,37,,East,2026-09-30
1008734,50008734,SME,SME Loan,10971047.44,656,682,75,105,15.14,71,17,,North,2026-09-30
1008735,50008735,Retail,Credit Card,78512.8,498,504,0,0,28.82,35,30,,South,2026-09-30
1008736,50008736,Retail,Credit Card,41251.42,533,550,0,0,31.16,13,9,,West,2026-09-30
1008737,50008737,Retail,Auto Loan,339399.49,780,808,180,195,10.06,77,47,280761.3,East,2026-09-30
1008738,50008738,Retail,Mortgage,3050207.54,748,716,0,0,9.93,337,46,2604358.31,West,2026-09-30
1008739,50008739,Retail,Personal Loan,789065.4,773,749,0,15,12.67,30,12,,West,2026-09-30
1008740,50008740,Retail,Mortgage,8185102.47,507,519,0,0,8.51,182,139,12160592.87,North,2026-09-30
1008741,50008741,Retail,Credit Card,310131.83,756,737,0,0,25.97,21,11,,West,2026-09-30
1008742,50008742,SME,SME Loan,2756949.58,626,657,0,30,9.18,27,25,,South,2026-09-30
1008743,50008743,SME,SME Loan,6290746.37,584,564,0,0,15.13,17,10,,South,2026-09-30
1008744,50008744,Retail,Credit Card,134821.41,599,641,30,45,32.02,40,19,,West,2026-09-30
1008745,50008745,Retail,Auto Loan,2746941.05,756,753,0,0,13.12,65,2,2639779.07,East,2026-09-30
1008746,50008746,Retail,Credit Card,51748.23,628,641,0,0,30.13,20,16,,South,2026-09-30
1008747,50008747,Retail,Personal Loan,558658.43,781,781,0,0,19.15,12,10,,West,2026-09-30
1008748,50008748,Retail,Credit Card,104618.83,658,642,15,15,37.67,35,28,,East,2026-09-30
1008749,50008749,Retail,Auto Loan,1504949.24,761,751,0,0,8.11,30,15,1122672.29,West,2026-09-30
1008750,50008750,Retail,Personal Loan,1787037.07,705,724,0,0,17.68,48,20,,West,2026-09-30
1008751,50008751,Retail,Auto Loan,2111877.88,699,674,0,0,9.67,63,43,1582331.55,South,2026-09-30
1008752,50008752,Retail,Mortgage,11815572.85,695,651,0,0,10.44,303,29,11786052.14,South,2026-09-30
1008753,50008753,SME,SME Loan,3902743.78,844,817,0,0,15.92,81,52,,West,2026-09-30
1008754,50008754,Retail,Auto Loan,3063452.63,666,671,0,0,12.69,78,62,2360681.77,East,2026-09-30
1008755,50008755,Retail,Personal Loan,541061.74,661,685,0,0,17.02,65,23,,South,2026-09-30
1008756,50008756,Retail,Mortgage,8949491.78,673,665,0,15,9.15,264,110,10315702.72,West,2026-09-30
1008757,50008757,Retail,Mortgage,9253536.19,734,736,0,0,9.19,307,165,10636362.61,South,2026-09-30
1008758,50008758,Retail,Personal Loan,938205.91,594,631,0,0,12.52,65,2,,North,2026-09-30
1008759,50008759,SME,SME Loan,2766410.29,685,672,0,0,15.49,13,5,,North,2026-09-30
1008760,50008760,Retail,Mortgage,10635686.76,674,707,0,0,9.44,279,228,9057292.51,East,2026-09-30
1008761,50008761,Retail,Credit Card,281120.28,653,643,0,0,41.79,35,29,,West,2026-09-30
1008762,50008762,Retail,Credit Card,362213.74,822,771,0,15,41.04,45,8,,West,2026-09-30
1008763,50008763,SME,SME Loan,12450159.28,667,671,0,0,12.88,57,35,,East,2026-09-30
1008764,50008764,Retail,Auto Loan,1861999.09,796,753,0,0,13.71,56,49,2224238.93,West,2026-09-30
1008765,50008765,SME,SME Loan,8100804.51,730,658,0,0,17.2,115,92,,North,2026-09-30
1008766,50008766,SME,Auto Loan,488268.49,599,581,0,30,10.43,73,52,385840.9,West,2026-09-30
1008767,50008767,Retail,Mortgage,3145684.95,722,748,0,0,9.35,268,207,4351578.83,West,2026-09-30
1008768,50008768,Retail,Auto Loan,255818.68,796,810,0,0,12.9,29,5,220666.01,North,2026-09-30
1008769,50008769,SME,SME Loan,12959641.91,676,681,0,0,13.95,55,9,,East,2026-09-30
1008770,50008770,Retail,Auto Loan,1434588.44,617,631,0,0,11.3,42,31,1445317.99,West,2026-09-30
1008771,50008771,Retail,Personal Loan,1922321.32,646,655,0,0,14.56,53,6,,South,2026-09-30
1008772,50008772,Retail,Mortgage,9860878.74,605,588,0,0,8.37,299,297,14274313.39,South,2026-09-30
1008773,50008773,Retail,Mortgage,1179817.61,815,806,0,30,9.37,200,93,1262492.35,West,2026-09-30
1008774,50008774,Retail,Personal Loan,841103.13,761,752,0,30,12.34,72,70,,North,2026-09-30
1008775,50008775,Retail,Mortgage,6690921.93,674,687,0,0,8.92,272,209,8737900.32,West,2026-09-30
1008776,50008776,Retail,Personal Loan,1285480.11,698,683,0,0,14.98,52,8,,West,2026-09-30
1008777,50008777,SME,SME Loan,4271734.28,684,690,0,15,13.37,120,86,,West,2026-09-30
1008778,50008778,Retail,Mortgage,5180298.27,623,620,0,0,9.88,156,51,6784650.77,West,2026-09-30
1008779,50008779,Retail,Mortgage,9442764.95,750,740,0,0,8.02,210,173,11647477.3,East,2026-09-30
1008780,50008780,Retail,Credit Card,353828.85,567,601,0,15,35.41,42,33,,South,2026-09-30
1008781,50008781,SME,SME Loan,12917220.52,671,668,0,15,17.66,117,73,,East,2026-09-30
1008782,50008782,Retail,Personal Loan,478301.02,855,848,0,15,18.33,79,48,,East,2026-09-30
1008783,50008783,Retail,Credit Card,53107.41,726,683,0,0,35.79,15,6,,Central,2026-09-30
1008784,50008784,Retail,Personal Loan,724763.17,721,773,0,30,10.22,50,1,,East,2026-09-30
1008785,50008785,Retail,Mortgage,11633905.9,711,695,0,15,9.48,256,233,14607831.2,East,2026-09-30
1008786,50008786,SME,Auto Loan,2616707.82,846,825,0,0,11.46,84,18,2679445.26,West,2026-09-30
1008787,50008787,SME,SME Loan,14890985.46,634,604,45,15,14.9,115,106,,South,2026-09-30
1008788,50008788,Corporate,Mortgage,9037393.97,677,685,90,105,8.24,305,275,10483575.79,South,2026-09-30
1008789,50008789,Retail,Auto Loan,207508.12,661,656,0,0,11.3,46,9,178197.05,Central,2026-09-30
1008790,50008790,Retail,Credit Card,100485.0,614,627,0,15,29.31,12,11,,North,2026-09-30
1008791,50008791,Retail,Auto Loan,2125217.2,737,731,0,0,13.09,68,12,2214984.99,North,2026-09-30
1008792,50008792,Retail,Personal Loan,1913563.05,627,632,0,15,14.83,68,11,,West,2026-09-30
1008793,50008793,Retail,Auto Loan,2386739.85,609,642,0,0,9.7,51,9,1740294.49,West,2026-09-30
1008794,50008794,SME,SME Loan,9086772.1,782,756,0,0,10.84,85,15,,West,2026-09-30
1008795,50008795,Retail,Credit Card,333112.95,708,749,0,0,29.28,43,7,,South,2026-09-30
1008796,50008796,Retail,Personal Loan,574034.21,736,759,0,0,19.63,30,9,,South,2026-09-30
1008797,50008797,SME,SME Loan,6246160.05,761,758,0,15,9.96,66,25,,North,2026-09-30
1008798,50008798,Retail,Mortgage,4757484.0,706,753,0,0,9.58,338,73,4998167.99,East,2026-09-30
1008799,50008799,SME,Auto Loan,621226.06,795,772,0,30,13.98,44,8,556114.23,West,2026-09-30
1008800,50008800,Retail,Auto Loan,2410693.05,622,608,0,0,11.95,81,31,2244969.48,South,2026-09-30
1008801,50008801,Retail,Credit Card,165455.02,680,677,0,0,27.08,38,34,,South,2026-09-30
1008802,50008802,Retail,Auto Loan,233480.63,723,745,0,0,13.97,54,4,260332.57,South,2026-09-30
1008803,50008803,Retail,Personal Loan,1517529.14,663,674,0,0,12.44,60,42,,North,2026-09-30
1008804,50008804,SME,SME Loan,2411283.69,704,682,0,0,11.95,22,17,,South,2026-09-30
1008805,50008805,Retail,Personal Loan,1454995.65,780,731,0,15,12.87,48,14,,East,2026-09-30
1008806,50008806,Retail,Personal Loan,193302.2,605,614,15,15,19.7,84,52,,South,2026-09-30
1008807,50008807,Retail,Personal Loan,138514.35,814,801,0,15,15.76,21,6,,North,2026-09-30
1008808,50008808,Retail,Auto Loan,1772151.65,785,756,180,210,9.64,47,17,1831438.14,South,2026-09-30
1008809,50008809,Corporate,Corporate Loan,5363181.58,784,757,0,0,9.01,135,103,,East,2026-09-30
1008810,50008810,Retail,Personal Loan,115067.48,788,792,0,0,16.28,74,42,,North,2026-09-30
1008811,50008811,Retail,Personal Loan,1080216.23,660,678,0,0,19.84,72,59,,West,2026-09-30
1008812,50008812,Retail,Personal Loan,193597.66,614,613,15,15,11.69,35,31,,South,2026-09-30
1008813,50008813,Retail,Mortgage,5961853.71,776,805,0,15,7.66,310,37,5190766.0,South,2026-09-30
1008814,50008814,Retail,Mortgage,10625975.78,624,613,0,0,7.18,203,64,9541086.71,Central,2026-09-30
1008815,50008815,Retail,Personal Loan,297458.0,582,602,15,30,11.51,63,52,,South,2026-09-30
1008816,50008816,Retail,Mortgage,8305711.49,785,791,0,0,8.55,351,34,12021736.89,North,2026-09-30
1008817,50008817,SME,SME Loan,9131644.27,741,725,0,0,13.85,24,21,,East,2026-09-30
1008818,50008818,Retail,Mortgage,3877073.6,774,759,0,0,10.2,312,154,5518595.11,South,2026-09-30
1008819,50008819,Retail,Personal Loan,387461.19,610,645,0,30,11.66,73,19,,South,2026-09-30
1008820,50008820,Retail,Auto Loan,2717799.9,667,696,0,0,12.75,67,2,1962386.26,East,2026-09-30
1008821,50008821,Corporate,Corporate Loan,30804523.3,653,670,0,15,11.85,146,27,,East,2026-09-30
1008822,50008822,Retail,Mortgage,11484288.44,679,715,0,15,10.47,188,187,15258659.14,North,2026-09-30
1008823,50008823,Retail,Credit Card,216720.88,772,782,0,0,27.0,59,46,,North,2026-09-30
1008824,50008824,Retail,Auto Loan,2176745.28,651,674,0,0,12.81,72,55,1508323.66,South,2026-09-30
1008825,50008825,Retail,Credit Card,299148.3,841,804,0,30,37.21,44,4,,Central,2026-09-30
1008826,50008826,Retail,Mortgage,8387262.01,709,679,0,0,8.77,239,157,12734705.11,West,2026-09-30
1008827,50008827,Retail,Mortgage,10659470.52,685,676,0,0,7.84,201,186,13072507.99,West,2026-09-30
1008828,50008828,Retail,Personal Loan,397773.76,714,715,0,0,13.52,34,3,,West,2026-09-30
1008829,50008829,Retail,Mortgage,7676639.18,743,747,0,0,7.79,151,11,8838263.82,Central,2026-09-30
1008830,50008830,Retail,Credit Card,22458.21,591,563,0,15,36.82,31,14,,North,2026-09-30
1008831,50008831,Retail,Auto Loan,1606551.25,683,679,0,0,12.52,52,3,1278244.99,West,2026-09-30
1008832,50008832,Retail,Mortgage,7284834.86,658,633,0,30,8.36,268,259,10583258.17,West,2026-09-30
1008833,50008833,Retail,Auto Loan,3412591.45,790,796,0,15,13.98,39,19,3379330.35,West,2026-09-30
1008834,50008834,Retail,Auto Loan,1901326.84,646,616,0,0,12.0,55,31,1278179.1,Central,2026-09-30
1008835,50008835,SME,Auto Loan,2719916.62,716,715,0,30,12.92,28,19,2045087.12,West,2026-09-30
1008836,50008836,Retail,Auto Loan,233322.68,672,697,0,0,10.59,52,47,279368.35,East,2026-09-30
1008837,50008837,Retail,Personal Loan,1449200.04,652,644,45,45,16.94,35,16,,East,2026-09-30
1008838,50008838,Retail,Auto Loan,1881042.08,761,751,0,0,13.37,36,4,1286318.73,East,2026-09-30
1008839,50008839,SME,SME Loan,2043950.14,735,745,0,0,15.13,59,9,,East,2026-09-30
1008840,50008840,Retail,Credit Card,428199.1,,751,0,0,28.13,14,9,,West,2026-09-30
1008841,50008841,Retail,Credit Card,332692.66,751,761,0,15,37.42,21,1,,North,2026-09-30
1008842,50008842,Retail,Mortgage,1183897.69,765,766,0,0,9.46,221,38,,West,2026-09-30
1008843,50008843,Corporate,Corporate Loan,67830110.89,664,662,30,30,7.69,17,15,,Central,2026-09-30
1008844,50008844,Retail,Personal Loan,1636307.47,576,591,45,45,17.04,60,17,,South,2026-09-30
1008845,50008845,Retail,Mortgage,7258787.18,625,638,0,0,7.65,335,4,7366700.82,South,2026-09-30
1008846,50008846,Retail,Mortgage,3783547.53,787,782,120,120,9.95,130,117,4334228.49,West,2026-09-30
1008847,50008847,Retail,Auto Loan,1309037.75,697,714,0,0,12.69,59,6,1525984.39,West,2026-09-30
1008848,50008848,Corporate,Corporate Loan,58761277.96,584,614,0,0,10.62,142,50,,West,2026-09-30
1008849,50008849,Retail,Credit Card,456035.19,688,678,0,0,37.48,42,25,,South,2026-09-30
1008850,50008850,Retail,Credit Card,129921.3,746,759,0,0,35.2,32,28,,Central,2026-09-30
1008851,50008851,Retail,Credit Card,14243.75,743,762,0,0,35.62,51,20,,South,2026-09-30
1008852,50008852,Retail,Mortgage,4053784.13,695,686,0,30,8.58,302,219,5711661.35,South,2026-09-30
1008853,50008853,Retail,Auto Loan,2545122.93,715,722,0,15,11.67,46,8,1723902.74,West,2026-09-30
1008854,50008854,Retail,Credit Card,230526.67,715,706,0,30,33.45,52,37,,West,2026-09-30
1008855,50008855,Retail,Personal Loan,1415792.46,755,749,0,0,17.75,42,25,,South,2026-09-30
1008856,50008856,Retail,Auto Loan,2480332.1,763,759,0,0,11.57,72,30,2657160.17,South,2026-09-30
1008857,50008857,Retail,Personal Loan,1879449.17,732,759,30,30,18.31,78,57,,North,2026-09-30
1008858,50008858,Retail,Credit Card,479395.34,723,714,0,0,33.16,47,28,,West,2026-09-30
1008859,50008859,Retail,Personal Loan,96211.95,661,650,0,0,14.68,18,18,,East,2026-09-30
1008860,50008860,Retail,Credit Card,43195.21,862,900,0,30,35.55,38,9,,East,2026-09-30
1008861,50008861,Retail,Auto Loan,2990857.86,787,754,0,0,12.23,58,38,2970449.99,West,2026-09-30
1008862,50008862,Retail,Auto Loan,2602276.77,681,717,0,0,12.25,60,43,2759613.15,West,2026-09-30
1008863,50008863,SME,SME Loan,5084035.58,659,669,0,0,9.49,69,34,,North,2026-09-30
1008864,50008864,Retail,Mortgage,2351206.96,699,714,0,0,9.29,330,160,2151357.18,West,2026-09-30
1008865,50008865,Retail,Auto Loan,997779.11,747,743,0,15,10.92,58,14,1124715.88,West,2026-09-30
1008866,50008866,Retail,Credit Card,113828.72,726,699,0,30,36.59,31,1,,South,2026-09-30
1008867,50008867,Retail,Auto Loan,301647.27,741,760,0,0,12.17,64,9,265975.85,West,2026-09-30
1008868,50008868,Retail,Mortgage,9317092.65,837,791,0,0,10.06,126,96,12304591.01,East,2026-09-30
1008869,50008869,Retail,Mortgage,7610299.29,735,731,0,0,8.77,269,265,7684734.83,West,2026-09-30
1008870,50008870,Retail,Mortgage,6829468.59,694,685,0,0,8.77,341,102,6774469.78,North,2026-09-30
1008871,50008871,Retail,Auto Loan,1756388.36,677,655,0,0,10.41,56,34,1774469.58,South,2026-09-30
1008872,50008872,SME,SME Loan,10419502.94,635,648,0,0,15.31,49,1,,West,2026-09-30
1008873,50008873,Retail,Personal Loan,600446.86,687,694,0,0,13.96,54,30,,South,2026-09-30
1008874,50008874,Retail,Mortgage,9276597.13,716,680,0,0,7.12,259,125,12317542.71,East,2026-09-30
1008875,50008875,SME,SME Loan,341582.22,636,663,0,30,17.66,102,77,,South,2026-09-30
1008876,50008876,Retail,Mortgage,5351773.71,768,811,0,0,7.18,237,34,7348652.64,West,2026-09-30
1008877,50008877,Retail,Credit Card,227450.99,815,816,0,0,32.91,31,24,,West,2026-09-30
1008878,50008878,Retail,Credit Card,446136.19,608,653,60,60,26.36,52,49,,South,2026-09-30
1008879,50008879,Retail,Personal Loan,843959.2,598,590,15,45,12.9,25,18,,East,2026-09-30
1008880,50008880,Retail,Mortgage,8739479.56,718,683,120,120,8.22,279,135,13464492.64,South,2026-09-30
1008881,50008881,Retail,Mortgage,10217102.26,710,741,0,0,8.15,321,88,15297121.48,West,2026-09-30
1008882,50008882,Retail,Personal Loan,146811.16,669,689,0,15,11.26,39,2,,South,2026-09-30
1008883,50008883,Retail,Mortgage,5609361.72,775,798,0,15,8.96,194,2,6989494.61,West,2026-09-30
1008884,50008884,Retail,Auto Loan,461718.54,689,667,30,45,11.39,78,18,439508.99,South,2026-09-30
1008885,50008885,Retail,Mortgage,9406922.98,739,746,0,0,7.43,155,8,12575676.99,South,2026-09-30
1008886,50008886,Retail,Personal Loan,1525847.59,723,707,0,0,16.42,17,1,,West,2026-09-30
1008887,50008887,Retail,Personal Loan,882289.23,611,647,0,0,11.7,13,4,,West,2026-09-30
1008888,50008888,Retail,Mortgage,7929466.96,704,712,0,0,9.39,221,92,11341159.12,South,2026-09-30
1008889,50008889,Retail,Credit Card,280849.39,666,676,0,0,34.73,16,6,,South,2026-09-30
1008890,50008890,Retail,Personal Loan,1005989.9,705,738,0,0,12.44,24,13,,North,2026-09-30
1008891,50008891,Retail,Credit Card,87597.48,747,737,0,15,34.48,25,23,,East,2026-09-30
1008892,50008892,Retail,Auto Loan,2759320.96,649,659,0,0,8.81,54,11,3199597.87,South,2026-09-30
1008893,50008893,Retail,Mortgage,4537351.52,741,722,0,0,7.41,314,3,5923658.49,North,2026-09-30
1008894,50008894,Retail,Personal Loan,1925474.91,711,724,0,15,15.73,24,20,,North,2026-09-30
1008895,50008895,SME,SME Loan,13830032.94,750,772,0,0,17.91,115,36,,West,2026-09-30
1008896,50008896,Retail,Auto Loan,1816928.4,834,802,0,15,10.56,49,27,1680714.63,Central,2026-09-30
1008897,50008897,Retail,Auto Loan,1610907.44,637,625,0,0,13.93,64,39,1364292.79,West,2026-09-30
1008898,50008898,SME,SME Loan,7034001.22,799,788,0,0,17.81,67,42,,North,2026-09-30
1008899,50008899,Retail,Mortgage,5640186.09,669,707,0,0,7.25,140,4,5460554.0,South,2026-09-30
1008900,50008900,Retail,Personal Loan,981123.24,756,726,0,30,17.95,46,22,,West,2026-09-30
1008901,50008901,Retail,Personal Loan,113543.63,769,806,0,0,16.57,80,21,,South,2026-09-30
1008902,50008902,Retail,Credit Card,487441.61,883,866,0,0,31.29,35,17,,Central,2026-09-30
1008903,50008903,Retail,Personal Loan,1998880.17,829,805,0,0,16.83,56,30,,West,2026-09-30
1008904,50008904,Retail,Auto Loan,3445562.76,725,709,0,0,11.41,55,48,2672240.24,West,2026-09-30
1008905,50008905,SME,SME Loan,462034.73,558,576,0,0,9.09,52,23,,West,2026-09-30
1008906,50008906,Retail,Auto Loan,1111229.32,821,788,0,0,10.37,79,6,765073.34,West,2026-09-30
1008907,50008907,Retail,Auto Loan,432906.93,740,751,0,15,9.56,34,13,288123.81,South,2026-09-30
1008908,50008908,Retail,Credit Card,391432.86,650,661,0,0,40.7,13,5,,West,2026-09-30
1008909,50008909,Retail,Auto Loan,1137525.44,849,866,0,0,12.45,71,26,1297860.13,South,2026-09-30
1008910,50008910,Retail,Auto Loan,1893138.15,831,832,0,0,11.44,39,26,2182971.2,West,2026-09-30
1008911,50008911,Retail,Credit Card,359227.06,806,804,0,15,28.58,26,18,,East,2026-09-30
1008912,50008912,Retail,Personal Loan,212951.37,776,827,0,0,14.37,52,6,,Central,2026-09-30
1008913,50008913,Retail,Mortgage,4687288.52,729,724,0,0,8.61,250,27,4823762.71,East,2026-09-30
1008914,50008914,Retail,Credit Card,486255.23,667,638,60,45,28.63,18,12,,West,2026-09-30
1008915,50008915,SME,SME Loan,13055455.51,563,600,0,0,16.58,103,26,,West,2026-09-30
1008916,50008916,Retail,Mortgage,6086237.18,680,670,0,0,7.45,212,45,9139620.93,South,2026-09-30
1008917,50008917,Retail,Personal Loan,1928957.99,774,774,0,0,14.55,33,28,,North,2026-09-30
1008918,50008918,Retail,Auto Loan,1010211.53,748,735,0,0,12.11,57,37,1062137.48,South,2026-09-30
1008919,50008919,Retail,Auto Loan,1169169.24,760,786,0,0,8.24,71,37,1257236.73,Central,2026-09-30
1008920,50008920,Retail,Mortgage,1141165.33,615,604,45,30,9.32,156,35,1640633.13,North,2026-09-30
1008921,50008921,Retail,Personal Loan,1065357.04,661,648,0,30,11.87,38,37,,East,2026-09-30
1008922,50008922,SME,SME Loan,14215718.32,604,584,75,75,17.33,23,6,,East,2026-09-30
1008923,50008923,SME,SME Loan,10619209.98,796,799,0,0,15.42,78,27,,South,2026-09-30
1008924,50008924,SME,Mortgage,1228612.23,630,618,45,30,8.57,295,291,,North,2026-09-30
1008925,50008925,Retail,Mortgage,9153255.21,611,572,60,30,8.29,198,37,13423680.03,South,2026-09-30
1008926,50008926,Retail,Personal Loan,153365.89,812,796,0,0,16.1,31,6,,South,2026-09-30
1008927,50008927,Corporate,Mortgage,8616431.8,687,662,0,15,7.68,201,68,11629237.22,West,2026-09-30
1008928,50008928,Retail,Mortgage,3378741.29,713,699,0,0,8.38,153,43,4220359.95,Central,2026-09-30
1008929,50008929,Retail,Personal Loan,695113.45,779,768,0,0,17.18,83,9,,South,2026-09-30
1008930,50008930,SME,SME Loan,8150583.9,772,743,0,0,13.68,89,2,,West,2026-09-30
1008931,50008931,Retail,Auto Loan,3475006.58,744,743,0,0,10.52,37,31,3285387.31,West,2026-09-30
1008932,50008932,Corporate,Corporate Loan,20673045.37,641,635,0,0,10.95,37,25,,North,2026-09-30
1008933,50008933,Retail,Credit Card,418310.33,646,660,180,165,31.1,34,23,,West,2026-09-30
1008934,50008934,Retail,Mortgage,5015002.84,692,645,0,30,7.68,293,237,5439826.62,West,2026-09-30
1008935,50008935,Retail,Auto Loan,3111935.61,667,649,0,0,8.34,43,16,3459885.5,North,2026-09-30
1008936,50008936,Retail,Credit Card,203502.13,612,661,0,30,34.35,30,21,,North,2026-09-30
1008937,50008937,Retail,Auto Loan,1145814.39,616,633,0,0,9.69,74,31,1056754.91,West,2026-09-30
1008938,50008938,Retail,Mortgage,3749382.2,828,801,0,0,9.82,308,89,3654554.62,West,2026-09-30
1008939,50008939,Retail,Credit Card,343069.87,577,580,0,0,29.57,58,48,,South,2026-09-30
1008940,50008940,SME,SME Loan,4111785.1,739,727,0,30,16.01,35,32,,South,2026-09-30
1008941,50008941,Retail,Personal Loan,1366122.85,696,697,0,0,17.62,53,46,,Central,2026-09-30
1008942,50008942,Retail,Auto Loan,1523037.12,687,694,0,0,10.04,26,1,1113272.81,East,2026-09-30
1008943,50008943,Retail,Personal Loan,965764.16,556,558,0,0,12.35,68,62,,South,2026-09-30
1008944,50008944,SME,SME Loan,11504188.18,582,593,0,0,9.25,41,27,,West,2026-09-30
1008945,50008945,Retail,Mortgage,10884227.57,706,700,0,30,7.68,157,36,10895697.71,Central,2026-09-30
1008946,50008946,Retail,Mortgage,4925689.21,649,664,0,0,8.43,353,238,4334125.62,West,2026-09-30
1008947,50008947,SME,Auto Loan,1113447.64,733,725,0,0,8.98,82,65,1238914.25,West,2026-09-30
1008948,50008948,Corporate,Corporate Loan,40276991.14,552,540,15,15,8.53,24,5,,North,2026-09-30
1008949,50008949,Retail,Credit Card,497911.49,689,717,0,15,34.48,48,38,,South,2026-09-30
1008950,50008950,Retail,Mortgage,8392450.84,731,758,0,0,10.08,241,221,12060219.81,South,2026-09-30
1008951,50008951,Retail,Mortgage,5791786.66,676,652,0,0,7.08,316,147,5889314.99,West,2026-09-30
1008952,50008952,Retail,Mortgage,6121006.66,740,699,0,0,8.55,330,72,8581859.23,North,2026-09-30
1008953,50008953,SME,SME Loan,2946635.15,774,789,0,0,14.71,120,34,,West,2026-09-30
1008954,50008954,Retail,Mortgage,8065096.4,745,725,0,15,8.87,228,80,7374971.86,South,2026-09-30
1008955,50008955,Retail,Mortgage,7320516.12,656,627,0,0,9.52,240,185,7378849.66,West,2026-09-30
1008956,50008956,Retail,Credit Card,257342.35,703,726,0,15,31.45,49,44,,West,2026-09-30
1008957,50008957,Retail,Mortgage,7091295.88,716,723,0,0,7.01,172,143,6984682.85,West,2026-09-30
1008958,50008958,Retail,Mortgage,7989860.96,688,679,0,0,7.32,154,130,12294826.91,West,2026-09-30
1008959,50008959,Retail,Auto Loan,2644131.83,784,772,0,0,9.01,50,28,1600832.17,East,2026-09-30
1008960,50008960,SME,Auto Loan,1313012.85,752,730,0,15,8.42,82,43,1405015.9,North,2026-09-30
1008961,50008961,Retail,Mortgage,5262914.65,565,577,0,0,9.72,352,322,7475597.31,North,2026-09-30
1008962,50008962,Retail,Mortgage,1665916.92,756,764,0,0,8.19,231,187,2568892.89,North,2026-09-30
1008963,50008963,SME,SME Loan,332862.21,655,640,0,0,11.76,61,24,,West,2026-09-30
1008964,50008964,Retail,Personal Loan,930226.92,596,601,0,0,13.23,77,2,,North,2026-09-30
1008965,50008965,Retail,Mortgage,1347483.12,792,789,0,0,10.26,152,137,1427179.96,South,2026-09-30
1008966,50008966,Retail,Mortgage,6201501.69,740,721,0,15,7.31,326,129,7051694.28,South,2026-09-30
1008967,50008967,Retail,Credit Card,233039.54,764,738,0,0,29.15,29,4,,West,2026-09-30
1008968,50008968,Retail,Mortgage,844158.87,719,724,0,0,10.14,296,32,845192.53,East,2026-09-30
1008969,50008969,SME,SME Loan,4397225.14,736,720,0,0,16.61,87,44,,East,2026-09-30
1008970,50008970,Retail,Personal Loan,949032.9,761,767,0,0,15.74,31,13,,West,2026-09-30
1008971,50008971,Corporate,Mortgage,1510347.53,650,651,0,15,9.15,149,11,2096585.25,West,2026-09-30
1008972,50008972,Retail,Auto Loan,2484180.2,765,747,0,0,10.02,83,32,2948050.33,West,2026-09-30
1008973,50008973,Retail,Auto Loan,993518.91,685,686,0,0,9.62,32,16,1049771.08,Central,2026-09-30
1008974,50008974,Retail,Mortgage,4705068.86,657,646,45,45,9.87,341,43,7127976.67,East,2026-09-30
1008975,50008975,Retail,Credit Card,184805.93,701,751,0,15,30.97,27,16,,South,2026-09-30
1008976,50008976,Retail,Personal Loan,813312.15,688,651,180,180,10.79,35,11,,Central,2026-09-30
1008977,50008977,Retail,Personal Loan,773454.29,763,784,0,0,18.57,63,10,,Central,2026-09-30
1008978,50008978,Retail,Personal Loan,1977577.54,763,783,0,0,16.33,55,12,,Central,2026-09-30
1008979,50008979,Retail,Mortgage,10382308.22,661,678,0,0,9.32,120,110,13362414.32,North,2026-09-30
1008980,50008980,Retail,Credit Card,341862.62,832,794,0,30,30.57,22,19,,West,2026-09-30
1008981,50008981,Retail,Auto Loan,901007.63,857,831,0,0,11.87,61,26,752482.78,South,2026-09-30
1008982,50008982,Retail,Personal Loan,855838.61,739,685,0,0,13.9,58,26,,North,2026-09-30
1008983,50008983,SME,SME Loan,2212133.5,666,674,0,15,16.33,12,1,,Central,2026-09-30
1008984,50008984,Corporate,Corporate Loan,21352588.05,681,671,0,30,12.08,95,85,,South,2026-09-30
1008985,50008985,Retail,Credit Card,67598.38,791,766,0,15,41.07,19,9,,West,2026-09-30
1008986,50008986,Retail,Personal Loan,620838.14,829,813,0,0,12.79,44,10,,North,2026-09-30
1008987,50008987,Retail,Credit Card,399185.15,690,652,0,0,31.93,19,8,,West,2026-09-30
1008988,50008988,SME,Auto Loan,3234132.28,635,638,0,0,13.56,39,8,3453363.23,Central,2026-09-30
1008989,50008989,Retail,Personal Loan,593241.66,614,642,90,120,12.15,40,33,,West,2026-09-30
1008990,50008990,SME,SME Loan,5439647.97,600,654,15,15,11.18,82,82,,West,2026-09-30
1008991,50008991,Retail,Auto Loan,3189079.81,,703,0,0,13.55,24,1,3629771.78,East,2026-09-30
1008992,50008992,Retail,Credit Card,124412.3,621,655,0,15,31.87,36,31,,South,2026-09-30
1008993,50008993,SME,SME Loan,11846440.36,570,602,0,0,13.14,78,54,,West,2026-09-30
1008994,50008994,Retail,Credit Card,431003.95,703,701,0,0,37.94,39,23,,West,2026-09-30
1008995,50008995,Retail,Personal Loan,1052397.47,622,628,0,0,11.0,73,24,,West,2026-09-30
1008996,50008996,Retail,Mortgage,10320658.68,765,760,0,0,9.01,120,30,15098163.08,West,2026-09-30
1008997,50008997,Retail,Auto Loan,3041009.42,720,741,0,15,8.09,73,53,2334007.26,South,2026-09-30
1008998,50008998,SME,SME Loan,7764036.54,835,839,0,0,10.11,56,1,,Central,2026-09-30
1008999,50008999,Retail,Mortgage,10506429.55,811,781,0,30,7.89,281,123,14190026.18,East,2026-09-30
1009000,50009000,Retail,Auto Loan,423030.9,663,701,0,30,10.59,63,52,301455.11,West,2026-09-30
1009001,50009001,Retail,Mortgage,3125062.67,632,661,0,0,10.18,354,26,2856170.07,Central,2026-09-30
1009002,50009002,Retail,Personal Loan,395975.9,615,617,0,0,15.51,49,29,,East,2026-09-30
1009003,50009003,SME,Mortgage,6066079.23,720,741,0,0,7.09,324,6,5407118.23,South,2026-09-30
1009004,50009004,Retail,Personal Loan,1553136.04,636,633,15,0,10.04,40,19,,North,2026-09-30
1009005,50009005,Retail,Auto Loan,2325365.34,767,770,75,75,10.24,79,16,1953493.91,South,2026-09-30
1009006,50009006,SME,Auto Loan,2482126.52,679,707,0,15,8.71,60,54,1678953.3,West,2026-09-30
1009007,50009007,Corporate,Corporate Loan,50483289.98,809,815,0,0,9.26,114,49,,West,2026-09-30
1009008,50009008,Retail,Mortgage,5495492.39,713,711,0,15,8.17,256,137,4920514.88,West,2026-09-30
1009009,50009009,Retail,Personal Loan,233404.77,694,664,0,0,19.78,27,9,,North,2026-09-30
1009010,50009010,Retail,Personal Loan,574146.99,615,582,0,0,14.72,70,29,,West,2026-09-30
1009011,50009011,SME,SME Loan,5143056.44,722,710,45,75,11.32,34,4,,Central,2026-09-30
1009012,50009012,Corporate,Corporate Loan,12707481.07,784,772,0,0,8.56,89,55,,East,2026-09-30
1009013,50009013,Retail,Credit Card,293498.24,667,668,0,0,33.53,53,16,,East,2026-09-30
1009014,50009014,SME,SME Loan,13674879.85,680,666,0,0,12.01,58,15,,South,2026-09-30
1009015,50009015,Retail,Personal Loan,828587.48,682,684,0,30,16.21,52,24,,Central,2026-09-30
1009016,50009016,Retail,Mortgage,8155920.17,619,617,75,60,9.16,347,222,8260460.84,South,2026-09-30
1009017,50009017,Retail,Personal Loan,908934.57,635,654,45,30,15.09,21,19,,North,2026-09-30
1009018,50009018,SME,Auto Loan,2131513.06,644,646,0,0,10.41,31,22,2342232.72,West,2026-09-30
1009019,50009019,Retail,Personal Loan,257271.87,725,726,0,0,11.21,34,23,,North,2026-09-30
1009020,50009020,SME,Mortgage,6510265.95,783,766,0,15,9.41,298,158,5773069.1,East,2026-09-30
1009021,50009021,SME,Auto Loan,2395562.2,699,687,0,0,11.36,78,2,2356760.8,East,2026-09-30
1009022,50009022,Retail,Auto Loan,2170854.72,617,626,0,0,13.02,77,31,2076668.71,West,2026-09-30
1009023,50009023,Retail,Personal Loan,1292316.88,721,706,0,30,19.66,21,19,,West,2026-09-30
1009024,50009024,Retail,Auto Loan,828951.89,771,736,0,0,11.43,61,24,973399.14,East,2026-09-30
1009025,50009025,Retail,Auto Loan,1646515.16,675,643,15,0,8.74,40,3,1054475.95,South,2026-09-30
1009026,50009026,Retail,Auto Loan,1709339.41,812,774,0,0,11.97,53,39,1073303.2,West,2026-09-30
1009027,50009027,Retail,Credit Card,336296.63,586,606,60,45,34.56,52,9,,North,2026-09-30
1009028,50009028,SME,SME Loan,6402696.35,709,724,0,15,11.58,71,14,,South,2026-09-30
1009029,50009029,Retail,Auto Loan,1476020.18,684,656,0,15,10.44,25,10,1364326.74,West,2026-09-30
1009030,50009030,Retail,Auto Loan,1132265.49,737,717,0,0,13.67,42,1,972401.98,North,2026-09-30
1009031,50009031,Corporate,Corporate Loan,47091345.65,687,677,0,15,7.69,22,1,,North,2026-09-30
1009032,50009032,Retail,Mortgage,9636883.61,636,685,0,0,8.35,325,91,13904797.12,South,2026-09-30
1009033,50009033,Retail,Credit Card,415672.16,760,753,0,0,28.38,43,25,,West,2026-09-30
1009034,50009034,Retail,Personal Loan,940045.98,637,645,0,0,18.8,74,1,,Central,2026-09-30
1009035,50009035,Retail,Personal Loan,779879.03,660,663,0,0,15.23,64,60,,West,2026-09-30
1009036,50009036,Retail,Personal Loan,239100.28,720,729,120,105,11.11,18,15,,South,2026-09-30
1009037,50009037,Retail,Personal Loan,1294578.35,794,735,0,0,11.5,45,36,,Central,2026-09-30
1009038,50009038,Retail,Auto Loan,2827467.63,654,697,0,0,8.9,57,21,2332987.83,South,2026-09-30
1009039,50009039,SME,Auto Loan,2514526.85,667,680,0,0,8.66,28,20,2689786.27,East,2026-09-30
1009040,50009040,Retail,Mortgage,5429300.32,677,675,0,0,7.47,276,12,8108874.92,East,2026-09-30
1009041,50009041,Retail,Credit Card,103306.74,742,723,0,0,31.61,42,16,,North,2026-09-30
1009042,50009042,SME,SME Loan,609638.61,733,704,0,0,15.08,83,48,,South,2026-09-30
1009043,50009043,Retail,Mortgage,10120712.63,542,530,30,15,10.21,202,12,11994779.73,East,2026-09-30
1009044,50009044,Retail,Personal Loan,1513202.78,738,707,0,0,15.52,33,30,,Central,2026-09-30
1009045,50009045,Retail,Personal Loan,244058.42,656,655,0,0,19.32,78,33,,West,2026-09-30
1009046,50009046,SME,SME Loan,4187000.64,837,833,0,0,10.77,79,23,,South,2026-09-30
1009047,50009047,Retail,Personal Loan,891590.52,735,732,0,0,10.57,64,8,,West,2026-09-30
1009048,50009048,Retail,Auto Loan,2816749.29,690,680,0,15,13.98,80,21,2076933.95,West,2026-09-30
1009049,50009049,Retail,Personal Loan,1433963.21,691,709,0,0,11.46,59,16,,West,2026-09-30
1009050,50009050,SME,Mortgage,4607423.33,626,598,0,30,7.93,278,18,3987354.7,North,2026-09-30
1009051,50009051,Retail,Credit Card,146725.2,701,701,0,0,34.11,48,17,,North,2026-09-30
1009052,50009052,SME,Auto Loan,2167522.34,640,675,0,0,13.74,27,22,1980498.99,West,2026-09-30
1009053,50009053,SME,SME Loan,2689033.92,645,614,0,15,9.84,113,109,,South,2026-09-30
1009054,50009054,SME,SME Loan,10767839.35,721,715,0,0,13.24,44,41,,West,2026-09-30
1009055,50009055,Retail,Mortgage,2251879.57,783,777,0,0,10.43,276,215,2566623.89,Central,2026-09-30
1009056,50009056,Retail,Mortgage,5657799.03,712,714,0,0,8.4,187,116,6186908.61,West,2026-09-30
1009057,50009057,Retail,Personal Loan,931807.76,716,688,0,0,13.14,52,3,,West,2026-09-30
1009058,50009058,Retail,Auto Loan,3231121.72,662,667,0,0,9.87,60,39,3139572.5,West,2026-09-30
1009059,50009059,Retail,Personal Loan,151452.5,643,667,0,0,11.12,49,11,,West,2026-09-30
1009060,50009060,Retail,Mortgage,1437753.63,790,770,0,0,7.3,309,82,1457430.05,West,2026-09-30
1009061,50009061,Retail,Mortgage,4716767.24,833,819,0,0,9.85,338,71,6492453.74,West,2026-09-30
1009062,50009062,Retail,Mortgage,6859267.78,566,602,0,15,8.11,332,313,10406240.94,North,2026-09-30
1009063,50009063,Retail,Auto Loan,2658392.67,769,794,0,15,13.53,67,1,1824584.45,Central,2026-09-30
1009064,50009064,Retail,Mortgage,8741630.05,544,562,0,15,9.26,279,103,10038024.66,South,2026-09-30
1009065,50009065,Retail,Mortgage,785011.87,736,723,0,0,9.84,150,31,680796.66,South,2026-09-30
1009066,50009066,Retail,Mortgage,2366363.79,609,634,0,15,7.72,253,54,2681785.91,East,2026-09-30
1009067,50009067,SME,SME Loan,5773467.14,809,763,0,0,15.1,90,70,,West,2026-09-30
1009068,50009068,SME,Auto Loan,3465009.44,693,664,0,0,10.02,55,30,3936375.15,East,2026-09-30
1009069,50009069,Retail,Credit Card,139247.08,598,620,0,0,25.72,59,7,,South,2026-09-30
1009070,50009070,Retail,Auto Loan,1715921.83,652,658,30,15,8.99,79,29,1359917.34,South,2026-09-30
1009071,50009071,Retail,Mortgage,7537419.75,632,673,0,0,7.26,257,81,8017141.25,West,2026-09-30
1009072,50009072,SME,SME Loan,4947271.04,775,766,0,0,9.03,23,5,,North,2026-09-30
1009073,50009073,Retail,Mortgage,1147145.53,704,708,0,0,10.15,142,15,1270536.16,West,2026-09-30
1009074,50009074,Retail,Personal Loan,442068.42,711,686,0,30,14.01,50,29,,North,2026-09-30
1009075,50009075,Retail,Mortgage,9750720.9,768,733,0,0,7.7,324,4,11806406.97,East,2026-09-30
1009076,50009076,Retail,Credit Card,14344.63,704,692,0,15,38.97,22,16,,North,2026-09-30
1009077,50009077,Retail,Credit Card,476733.62,696,684,,0,41.15,33,9,,East,2026-09-30
1009078,50009078,Corporate,Mortgage,3062091.13,800,764,0,15,8.06,217,168,3016102.44,Central,2026-09-30
1009079,50009079,Retail,Auto Loan,460138.38,696,700,0,0,11.21,60,54,310125.76,South,2026-09-30
1009080,50009080,Retail,Personal Loan,1067577.5,744,764,0,15,15.9,33,9,,South,2026-09-30
1009081,50009081,Retail,Personal Loan,947887.76,708,708,0,15,12.68,78,6,,North,2026-09-30
1009082,50009082,Retail,Mortgage,2175523.23,757,776,0,0,9.56,199,120,3103393.54,Central,2026-09-30
1009083,50009083,Retail,Mortgage,2056008.46,600,616,0,0,9.84,239,151,2299116.33,East,2026-09-30
1009084,50009084,Retail,Mortgage,10650704.18,636,655,0,15,7.97,153,27,13640595.02,South,2026-09-30
1009085,50009085,Retail,Auto Loan,2215868.36,628,658,45,45,12.52,28,23,1832910.48,South,2026-09-30
1009086,50009086,Retail,Credit Card,55251.55,653,666,0,15,36.36,52,39,,Central,2026-09-30
1009087,50009087,Retail,Auto Loan,2503711.5,686,693,0,0,9.59,53,19,1606368.2,South,2026-09-30
1009088,50009088,Retail,Credit Card,285769.48,661,639,15,15,25.95,60,34,,West,2026-09-30
1009089,50009089,Retail,Credit Card,230302.08,535,540,0,0,28.43,32,23,,North,2026-09-30
1009090,50009090,Retail,Mortgage,9398384.34,799,797,0,0,8.85,254,251,11897753.89,Central,2026-09-30
1009091,50009091,Retail,Personal Loan,1623423.59,715,725,0,0,14.58,39,25,,East,2026-09-30
1009092,50009092,SME,SME Loan,14821863.93,724,699,30,15,16.61,99,16,,Central,2026-09-30
1009093,50009093,Retail,Mortgage,5689083.65,683,654,0,0,8.08,229,186,6014128.55,East,2026-09-30
1009094,50009094,Retail,Auto Loan,2771162.95,688,706,0,0,13.83,28,25,2131880.18,East,2026-09-30
1009095,50009095,SME,SME Loan,2773316.06,605,641,0,15,17.89,98,94,,South,2026-09-30
1009096,50009096,SME,SME Loan,10391106.15,623,628,0,15,9.27,32,20,,West,2026-09-30
1009097,50009097,Retail,Credit Card,113155.83,770,790,0,0,35.2,55,45,,East,2026-09-30
1009098,50009098,Retail,Auto Loan,1220916.72,741,711,60,60,9.33,54,40,1441299.9,East,2026-09-30
1009099,50009099,Retail,Mortgage,11026841.08,755,752,0,0,8.5,332,145,15877648.91,West,2026-09-30
1009100,50009100,Retail,Mortgage,7491134.72,732,742,0,15,7.79,354,182,7072145.88,West,2026-09-30
1009101,50009101,Retail,Mortgage,4126984.18,627,625,0,0,7.15,177,108,4731422.22,North,2026-09-30
1009102,50009102,Retail,Auto Loan,494862.08,695,686,0,30,12.57,30,20,526952.25,East,2026-09-30
1009103,50009103,Retail,Personal Loan,698754.12,604,599,15,30,12.0,47,9,,East,2026-09-30
1009104,50009104,SME,SME Loan,5730783.88,684,643,0,15,13.83,88,19,,Central,2026-09-30
1009105,50009105,Retail,Credit Card,411815.75,842,842,0,15,33.08,43,32,,East,2026-09-30
1009106,50009106,Retail,Personal Loan,1655064.01,695,688,0,15,12.31,54,20,,South,2026-09-30
1009107,50009107,Retail,Credit Card,370586.28,781,781,45,30,28.59,43,43,,South,2026-09-30
1009108,50009108,Corporate,Corporate Loan,24264201.69,753,741,0,0,12.13,102,62,,West,2026-09-30
1009109,50009109,Retail,Mortgage,2061219.64,771,717,0,0,10.04,142,109,1966165.5,South,2026-09-30
1009110,50009110,Retail,Credit Card,101315.13,587,568,0,0,39.47,19,3,,Central,2026-09-30
1009111,50009111,Retail,Personal Loan,195156.44,684,660,0,0,11.78,70,3,,South,2026-09-30
1009112,50009112,Retail,Personal Loan,1837930.23,633,613,0,0,12.17,42,16,,South,2026-09-30
1009113,50009113,Retail,Personal Loan,1360101.71,888,869,0,15,12.05,16,4,,West,2026-09-30
1009114,50009114,SME,Auto Loan,361481.95,660,710,45,15,9.64,56,50,296691.26,South,2026-09-30
1009115,50009115,Retail,Personal Loan,1874914.81,660,678,45,45,12.86,53,22,,North,2026-09-30
1009116,50009116,Retail,Mortgage,6764612.45,797,790,0,0,10.3,128,53,8753720.86,South,2026-09-30
1009117,50009117,SME,Auto Loan,1557744.67,,725,0,15,13.64,75,67,1294423.39,East,2026-09-30
1009118,50009118,Retail,Mortgage,3046862.87,684,702,0,0,8.44,279,99,2991317.71,West,2026-09-30
1009119,50009119,SME,Mortgage,7050582.37,629,617,0,0,9.35,142,20,10247689.27,North,2026-09-30
1009120,50009120,SME,SME Loan,1458988.37,807,834,0,15,9.25,86,10,,North,2026-09-30
1009121,50009121,Retail,Auto Loan,1420738.7,685,735,0,0,12.46,39,35,1077877.44,West,2026-09-30
1009122,50009122,Retail,Auto Loan,2600015.39,544,574,0,30,9.7,84,7,2930904.56,North,2026-09-30
1009123,50009123,SME,SME Loan,10790089.03,767,749,0,0,15.96,83,53,,West,2026-09-30
1009124,50009124,Retail,Mortgage,1734557.85,699,647,0,0,9.63,349,197,2321863.44,North,2026-09-30
1009125,50009125,SME,Auto Loan,3197206.35,612,604,0,15,10.04,34,34,3366674.48,South,2026-09-30
1009126,50009126,Retail,Auto Loan,696068.12,784,760,0,15,10.12,55,52,507025.4,East,2026-09-30
1009127,50009127,SME,Auto Loan,861284.92,618,641,0,15,12.79,58,50,902729.21,North,2026-09-30
1009128,50009128,Retail,Auto Loan,1863016.96,616,647,0,0,8.98,55,13,1390359.65,West,2026-09-30
1009129,50009129,Retail,Mortgage,10668120.17,755,723,0,15,7.77,335,135,14195248.81,West,2026-09-30
1009130,50009130,Retail,Personal Loan,1971567.79,723,774,0,15,10.69,53,50,,West,2026-09-30
1009131,50009131,SME,SME Loan,12821965.33,744,750,0,0,17.16,76,36,,South,2026-09-30
1009132,50009132,SME,SME Loan,11732737.83,732,708,0,0,17.03,112,96,,South,2026-09-30
1009133,50009133,Retail,Auto Loan,1752944.47,677,666,0,30,9.61,84,40,2017411.29,North,2026-09-30
1009134,50009134,Retail,Credit Card,109918.59,623,623,0,0,26.33,20,8,,East,2026-09-30
1009135,50009135,Retail,Personal Loan,263950.25,689,675,0,15,18.98,62,58,,North,2026-09-30
1009136,50009136,SME,SME Loan,7850879.89,613,584,0,15,9.49,101,70,,West,2026-09-30
1009137,50009137,SME,Mortgage,3245333.57,749,737,75,75,10.21,232,136,3419752.73,South,2026-09-30
1009138,50009138,Retail,Auto Loan,3397959.38,697,670,0,0,12.52,33,18,2916763.75,North,2026-09-30
1009139,50009139,Corporate,Corporate Loan,23960247.16,809,817,0,30,12.79,127,112,,North,2026-09-30
1009140,50009140,Retail,Mortgage,9504451.86,636,631,0,0,10.39,271,161,12208703.79,East,2026-09-30
1009141,50009141,SME,SME Loan,7726202.18,755,765,0,0,10.83,48,20,,Central,2026-09-30
1009142,50009142,Retail,Mortgage,5709816.23,754,770,0,0,8.23,290,70,5594952.02,West,2026-09-30
1009143,50009143,Corporate,Mortgage,5901143.5,768,752,0,0,8.44,289,84,7060540.44,North,2026-09-30
1009144,50009144,Retail,Credit Card,440034.67,756,800,0,0,39.92,21,11,,East,2026-09-30
1009145,50009145,Retail,Personal Loan,372841.92,600,640,0,15,14.19,17,13,,West,2026-09-30
1009146,50009146,Retail,Personal Loan,1820309.55,700,699,0,0,16.95,13,13,,East,2026-09-30
1009147,50009147,Retail,Credit Card,29693.73,704,726,0,0,26.5,41,25,,West,2026-09-30
1009148,50009148,SME,SME Loan,2817292.29,670,656,0,0,12.19,54,37,,North,2026-09-30
1009149,50009149,Retail,Personal Loan,626333.08,691,660,15,15,14.79,25,10,,South,2026-09-30
1009150,50009150,Retail,Credit Card,108693.24,660,668,15,30,34.04,60,13,,North,2026-09-30
1009151,50009151,Retail,Mortgage,6612449.53,831,786,0,0,8.07,269,148,8843482.52,Central,2026-09-30
1009152,50009152,SME,SME Loan,10557138.54,793,814,0,0,12.15,65,56,,North,2026-09-30
1009153,50009153,Corporate,Mortgage,11327100.74,790,783,0,0,10.2,145,103,17175776.81,North,2026-09-30
1009154,50009154,Retail,Mortgage,2803877.29,598,612,0,30,9.75,245,11,2806519.52,West,2026-09-30
1009155,50009155,Retail,Auto Loan,951129.27,813,839,0,30,8.49,36,22,575330.62,West,2026-09-30
1009156,50009156,Retail,Mortgage,7385853.21,689,701,0,0,10.01,320,116,10330520.71,South,2026-09-30
1009157,50009157,SME,SME Loan,7211678.16,760,779,0,0,10.02,64,64,,East,2026-09-30
1009158,50009158,Retail,Credit Card,255316.25,683,716,0,0,30.84,24,23,,West,2026-09-30
1009159,50009159,Retail,Mortgage,1296369.17,596,629,0,30,7.7,272,225,1592362.72,Central,2026-09-30
1009160,50009160,Retail,Mortgage,11935825.28,616,606,0,0,9.91,224,94,13223696.42,West,2026-09-30
1009161,50009161,Retail,Mortgage,1650925.53,680,658,0,0,10.3,309,25,2032968.98,West,2026-09-30
1009162,50009162,SME,SME Loan,3875851.15,677,721,30,0,11.41,90,33,,West,2026-09-30
1009163,50009163,Retail,Auto Loan,1996273.57,636,644,60,45,8.54,64,15,2202845.24,West,2026-09-30
1009164,50009164,Retail,Personal Loan,875947.97,688,702,0,0,18.01,71,63,,South,2026-09-30
1009165,50009165,Retail,Credit Card,48238.37,703,707,0,0,33.18,18,7,,East,2026-09-30
1009166,50009166,SME,SME Loan,6307745.39,543,562,45,45,11.58,40,4,,South,2026-09-30
1009167,50009167,Retail,Mortgage,2850781.51,802,789,0,30,8.06,258,69,3360150.67,West,2026-09-30
1009168,50009168,Retail,Auto Loan,410874.4,805,798,0,30,9.7,71,65,290680.98,South,2026-09-30
1009169,50009169,SME,Mortgage,10486999.13,656,644,0,15,7.75,134,52,10905375.55,West,2026-09-30
1009170,50009170,Retail,Personal Loan,971216.47,763,760,0,0,13.66,48,32,,North,2026-09-30
1009171,50009171,Retail,Credit Card,256557.47,679,722,0,15,31.06,14,11,,East,2026-09-30
1009172,50009172,SME,SME Loan,5060965.02,673,673,0,0,15.05,68,30,,North,2026-09-30
1009173,50009173,SME,Mortgage,11066849.93,663,678,0,15,10.32,140,82,13710765.78,Central,2026-09-30
1009174,50009174,Retail,Auto Loan,1073405.45,738,724,0,0,10.02,44,15,845696.8,North,2026-09-30
1009175,50009175,SME,Auto Loan,2629742.64,650,653,180,150,9.3,79,50,3099512.79,Central,2026-09-30
1009176,50009176,Retail,Mortgage,2841642.56,710,691,0,0,10.44,206,2,4329599.25,South,2026-09-30
1009177,50009177,Retail,Auto Loan,3176110.21,651,716,0,0,11.44,61,47,2625437.4,West,2026-09-30
1009178,50009178,Retail,Credit Card,103522.44,699,697,0,0,33.0,30,29,,East,2026-09-30
1009179,50009179,Retail,Personal Loan,286694.75,626,663,0,30,14.47,58,28,,South,2026-09-30
1009180,50009180,Retail,Personal Loan,271698.29,684,698,0,15,12.08,40,36,,South,2026-09-30
1009181,50009181,Retail,Credit Card,248528.32,718,765,60,75,24.11,23,1,,Central,2026-09-30
1009182,50009182,SME,SME Loan,9017588.23,567,566,0,0,11.5,86,28,,North,2026-09-30
1009183,50009183,Retail,Auto Loan,1272370.48,759,750,15,0,10.9,47,47,979285.12,Central,2026-09-30
1009184,50009184,Retail,Mortgage,8900422.7,649,660,0,0,9.81,131,29,10897983.57,West,2026-09-30
1009185,50009185,Retail,Auto Loan,2341961.02,615,614,0,0,13.15,30,15,2100407.49,South,2026-09-30
1009186,50009186,SME,SME Loan,11439290.62,658,656,0,15,11.7,86,83,,Central,2026-09-30
1009187,50009187,Retail,Mortgage,8590601.27,712,693,0,0,8.46,155,115,8264443.21,North,2026-09-30
1009188,50009188,Retail,Mortgage,11630114.33,603,632,0,0,7.59,360,332,10618853.37,South,2026-09-30
1009189,50009189,SME,Auto Loan,2595119.98,725,723,0,0,11.19,38,36,2312328.88,West,2026-09-30
1009190,50009190,Retail,Auto Loan,507412.36,718,749,30,30,8.56,80,60,328366.98,Central,2026-09-30
1009191,50009191,Retail,Personal Loan,1464992.08,738,728,0,30,13.37,75,25,,North,2026-09-30
1009192,50009192,Retail,Credit Card,216015.12,821,835,0,0,35.86,55,9,,West,2026-09-30
1009193,50009193,Retail,Auto Loan,829782.94,674,686,0,15,12.04,49,15,974118.6,West,2026-09-30
1009194,50009194,Retail,Credit Card,343452.66,641,681,0,0,28.05,20,14,,West,2026-09-30
1009195,50009195,Retail,Mortgage,5690845.93,841,835,0,0,8.29,316,41,6103177.59,South,2026-09-30
1009196,50009196,Retail,Mortgage,7055243.49,692,675,0,0,7.05,157,129,8000609.07,East,2026-09-30
1009197,50009197,Retail,Auto Loan,2640371.66,684,709,0,0,8.18,46,41,1778356.16,East,2026-09-30
1009198,50009198,Retail,Personal Loan,628849.56,769,768,0,0,10.11,45,22,,West,2026-09-30
1009199,50009199,SME,Auto Loan,3136115.58,642,652,60,60,12.41,49,46,2498410.58,South,2026-09-30
1009200,50009200,Corporate,Corporate Loan,26017411.76,690,664,0,0,11.23,154,46,,North,2026-09-30
1009201,50009201,Retail,Personal Loan,234504.05,718,701,0,0,17.02,19,2,,East,2026-09-30
1009202,50009202,Retail,Auto Loan,2192470.51,638,665,0,0,12.25,76,21,1976000.93,West,2026-09-30
1009203,50009203,Retail,Mortgage,3082983.32,695,711,0,0,9.9,247,30,2995551.65,East,2026-09-30
1009204,50009204,Retail,Mortgage,4527327.85,636,654,0,30,9.76,231,82,5224617.11,West,2026-09-30
1009205,50009205,SME,SME Loan,9356460.22,624,580,0,0,15.76,87,63,,Central,2026-09-30
1009206,50009206,SME,SME Loan,7650945.77,503,534,60,60,9.93,104,82,,North,2026-09-30
1009207,50009207,Retail,Auto Loan,3454690.17,651,644,0,15,10.13,67,40,3475406.53,West,2026-09-30
1009208,50009208,SME,SME Loan,2133682.74,799,798,0,0,14.42,95,80,,Central,2026-09-30
1009209,50009209,Retail,Personal Loan,1206712.13,737,718,0,0,11.84,15,6,,Central,2026-09-30
1009210,50009210,Retail,Personal Loan,381958.04,732,726,0,30,11.0,33,20,,East,2026-09-30
1009211,50009211,Retail,Mortgage,11697238.9,693,658,0,0,7.44,145,117,10453315.93,North,2026-09-30
1009212,50009212,Retail,Personal Loan,1108960.59,769,766,0,15,17.21,47,20,,North,2026-09-30
1009213,50009213,SME,SME Loan,5707364.81,788,800,0,0,9.99,37,5,,South,2026-09-30
1009214,50009214,Retail,Personal Loan,1794794.28,722,715,0,15,10.92,23,20,,North,2026-09-30
1009215,50009215,Retail,Credit Card,71850.19,616,660,0,30,39.65,56,22,,South,2026-09-30
1009216,50009216,Retail,Mortgage,7435289.8,777,795,0,0,10.13,292,292,11038484.73,West,2026-09-30
1009217,50009217,Retail,Mortgage,4549240.49,772,788,0,0,9.87,136,24,6704336.66,East,2026-09-30
1009218,50009218,Retail,Credit Card,343213.42,665,676,0,30,28.35,50,19,,South,2026-09-30
1009219,50009219,Retail,Auto Loan,2195472.32,672,699,0,30,10.41,78,1,2404978.78,South,2026-09-30
1009220,50009220,Retail,Auto Loan,1542869.81,723,714,0,30,13.62,55,13,1080033.49,East,2026-09-30
1009221,50009221,Retail,Credit Card,255183.52,789,742,0,30,29.64,13,8,,West,2026-09-30
1009222,50009222,Retail,Mortgage,8127238.53,588,604,0,0,9.79,318,102,8000228.67,Central,2026-09-30
1009223,50009223,Retail,Personal Loan,785289.05,735,770,45,45,16.68,37,1,,South,2026-09-30
1009224,50009224,Retail,Mortgage,8059112.81,611,601,0,0,7.19,292,18,11022381.99,West,2026-09-30
1009225,50009225,Retail,Credit Card,339108.79,747,762,0,0,41.37,39,15,,West,2026-09-30
1009226,50009226,Retail,Auto Loan,299643.18,666,663,0,0,12.23,41,37,324998.07,East,2026-09-30
1009227,50009227,Retail,Mortgage,8143246.15,835,824,0,0,7.67,354,215,11308573.34,West,2026-09-30
1009228,50009228,Retail,Personal Loan,1023017.9,693,690,0,0,11.11,14,7,,East,2026-09-30
1009229,50009229,Retail,Personal Loan,1203303.19,671,671,0,15,10.59,28,12,,Central,2026-09-30
1009230,50009230,Retail,Credit Card,274535.89,704,715,0,30,28.68,36,32,,West,2026-09-30
1009231,50009231,Retail,Mortgage,10684497.55,678,695,0,0,8.23,191,97,11489859.4,North,2026-09-30
1009232,50009232,Retail,Mortgage,3982793.41,596,654,0,0,7.11,212,160,3624215.54,North,2026-09-30
1009233,50009233,Retail,Mortgage,10691265.36,645,636,0,0,10.04,183,173,16238892.16,West,2026-09-30
1009234,50009234,Retail,Credit Card,89090.65,792,812,0,15,29.52,36,1,,East,2026-09-30
1009235,50009235,Retail,Personal Loan,1464863.96,900,900,0,15,19.43,12,2,,South,2026-09-30
1009236,50009236,Retail,Mortgage,1741394.65,561,543,45,75,9.92,157,119,1593576.38,Central,2026-09-30
1009237,50009237,Retail,Auto Loan,3188699.1,610,615,0,0,13.62,82,44,2263444.12,Central,2026-09-30
1009238,50009238,Retail,Credit Card,322805.76,734,731,0,0,34.66,60,16,,East,2026-09-30
1009239,50009239,Retail,Credit Card,123998.35,645,643,120,120,39.79,58,56,,South,2026-09-30
1009240,50009240,Retail,Auto Loan,1688497.39,601,632,0,30,9.29,68,9,1718293.12,South,2026-09-30
1009241,50009241,Retail,Personal Loan,1788367.77,549,532,0,0,18.36,29,27,,West,2026-09-30
1009242,50009242,Retail,Personal Loan,138433.58,640,626,120,120,13.56,79,68,,North,2026-09-30
1009243,50009243,Retail,Credit Card,36363.47,746,741,0,0,30.41,18,15,,North,2026-09-30
1009244,50009244,Retail,Auto Loan,2818520.79,795,819,0,0,13.3,60,46,2210183.04,North,2026-09-30
1009245,50009245,Retail,Mortgage,8738524.45,890,883,0,30,7.66,146,90,8608025.03,West,2026-09-30
1009246,50009246,Retail,Credit Card,397436.62,817,798,0,0,37.8,15,8,,East,2026-09-30
1009247,50009247,Retail,Mortgage,7659550.97,651,654,45,75,8.02,173,161,6572225.36,West,2026-09-30
1009248,50009248,Retail,Personal Loan,1411145.28,644,644,75,75,16.82,74,5,,West,2026-09-30
1009249,50009249,SME,SME Loan,5843784.63,588,576,0,0,11.1,101,14,,Central,2026-09-30
1009250,50009250,Retail,Personal Loan,1091262.22,642,614,0,0,15.0,42,24,,South,2026-09-30
1009251,50009251,Retail,Credit Card,51501.53,576,612,30,30,32.66,51,26,,West,2026-09-30
1009252,50009252,Retail,Mortgage,10690336.34,637,636,15,0,9.07,137,53,14612466.82,South,2026-09-30
1009253,50009253,SME,SME Loan,7398589.0,572,565,0,0,16.7,47,24,,South,2026-09-30
1009254,50009254,Retail,Auto Loan,1744518.92,841,815,0,15,11.61,69,65,1642563.56,West,2026-09-30
1009255,50009255,SME,SME Loan,1022466.65,694,692,0,30,10.46,15,10,,West,2026-09-30
1009256,50009256,SME,SME Loan,5441570.35,638,686,15,15,11.87,110,5,,North,2026-09-30
1009257,50009257,Retail,Auto Loan,3491842.9,519,537,0,0,10.66,72,49,3400243.17,North,2026-09-30
1009258,50009258,SME,SME Loan,14979805.9,679,656,0,0,16.97,47,37,,South,2026-09-30
1009259,50009259,Retail,Mortgage,3921136.18,683,686,0,0,8.09,318,199,5338872.19,East,2026-09-30
1009260,50009260,Corporate,Corporate Loan,18374402.43,681,665,0,0,12.25,180,67,,West,2026-09-30
1009261,50009261,Retail,Auto Loan,994330.33,726,707,0,0,12.43,75,70,683798.25,West,2026-09-30
1009262,50009262,SME,Mortgage,10058428.42,649,635,0,0,9.71,265,111,14276477.11,East,2026-09-30
1009263,50009263,Retail,Auto Loan,2565143.69,678,658,0,0,10.6,65,46,2743193.27,South,2026-09-30
1009264,50009264,SME,SME Loan,3952913.18,669,618,0,15,15.45,65,35,,South,2026-09-30
1009265,50009265,Retail,Personal Loan,841686.67,711,709,0,30,18.24,51,9,,East,2026-09-30
1009266,50009266,Corporate,Corporate Loan,30448922.18,730,737,0,15,8.83,134,29,,North,2026-09-30
1009267,50009267,Retail,Personal Loan,1154531.05,755,739,0,30,17.9,69,50,,North,2026-09-30
1009268,50009268,Retail,Personal Loan,1191057.71,815,817,0,0,14.74,81,61,,West,2026-09-30
1009269,50009269,SME,SME Loan,3699160.55,707,735,0,30,14.04,76,12,,East,2026-09-30
1009270,50009270,Retail,Auto Loan,1446335.55,759,768,0,0,12.72,27,24,1477929.25,Central,2026-09-30
1009271,50009271,Retail,Mortgage,11637428.15,582,586,0,30,8.42,346,60,13860696.86,South,2026-09-30
1009272,50009272,Retail,Mortgage,5043936.63,688,693,0,15,8.79,269,190,5082003.74,East,2026-09-30
1009273,50009273,Retail,Auto Loan,438936.2,650,657,0,0,11.56,48,29,459032.47,North,2026-09-30
1009274,50009274,Retail,Auto Loan,3103221.07,686,708,0,0,9.43,41,36,2651126.2,South,2026-09-30
1009275,50009275,Retail,Mortgage,5385832.76,672,699,30,30,8.63,324,231,6278360.43,South,2026-09-30
1009276,50009276,Retail,Credit Card,316741.54,697,686,30,60,31.56,54,33,,North,2026-09-30
1009277,50009277,Retail,Auto Loan,3364396.02,843,832,0,0,12.87,83,62,2546125.87,South,2026-09-30
1009278,50009278,Retail,Credit Card,71334.42,658,647,45,60,34.76,46,9,,South,2026-09-30
1009279,50009279,Retail,Mortgage,5462246.47,655,651,45,15,7.54,287,268,8066647.93,East,2026-09-30
1009280,50009280,Retail,Auto Loan,1560320.12,640,646,0,30,11.09,37,16,1337824.52,North,2026-09-30
1009281,50009281,Retail,Mortgage,6433156.0,660,689,0,0,7.88,182,69,8137790.77,South,2026-09-30
1009282,50009282,Retail,Mortgage,7046916.34,795,757,0,0,8.79,121,25,10357129.82,South,2026-09-30
1009283,50009283,Retail,Auto Loan,1986212.66,730,750,0,0,12.62,60,3,1536549.36,East,2026-09-30
1009284,50009284,Retail,Mortgage,9369124.06,620,629,30,15,9.36,354,278,9377105.33,Central,2026-09-30
1009285,50009285,Retail,Mortgage,5124160.7,590,588,0,0,7.06,151,86,4800372.71,West,2026-09-30
1009286,50009286,Retail,Personal Loan,919014.74,682,674,0,0,11.09,12,2,,East,2026-09-30
1009287,50009287,Retail,Credit Card,67654.42,684,684,0,0,41.86,26,15,,South,2026-09-30
1009288,50009288,Retail,Mortgage,11148885.8,718,733,0,0,8.57,191,69,12412195.11,North,2026-09-30
1009289,50009289,Retail,Personal Loan,1387105.21,671,651,0,30,16.82,17,2,,South,2026-09-30
1009290,50009290,Retail,Mortgage,8689981.84,734,718,0,30,7.64,296,287,8008446.61,West,2026-09-30
1009291,50009291,Retail,Personal Loan,1887012.51,739,713,0,0,12.69,14,11,,West,2026-09-30
1009292,50009292,Retail,Auto Loan,398228.5,631,637,180,210,13.07,55,26,460062.19,East,2026-09-30
1009293,50009293,Retail,Auto Loan,3092920.46,709,720,0,0,12.66,69,29,3065102.24,North,2026-09-30
1009294,50009294,Retail,Credit Card,125464.6,699,667,0,30,31.84,32,10,,West,2026-09-30
1009295,50009295,Retail,Mortgage,6119854.83,770,784,0,0,10.29,285,171,6050313.07,South,2026-09-30
1009296,50009296,Retail,Mortgage,10475261.66,691,713,0,0,9.56,316,208,14806757.14,East,2026-09-30
1009297,50009297,Retail,Personal Loan,791151.93,534,545,15,45,19.01,46,44,,West,2026-09-30
1009298,50009298,Retail,Mortgage,2265096.52,717,694,0,0,7.5,161,14,3413762.23,North,2026-09-30
1009299,50009299,Corporate,Corporate Loan,32424819.11,762,764,0,0,8.16,133,57,,South,2026-09-30
1009300,50009300,Retail,Credit Card,367678.36,641,631,0,0,33.82,14,13,,South,2026-09-30
1009301,50009301,Retail,Credit Card,206847.53,678,672,0,0,29.34,57,53,,North,2026-09-30
1009302,50009302,Retail,Credit Card,466330.33,675,686,0,0,32.34,31,24,,South,2026-09-30
1009303,50009303,Retail,Credit Card,436756.16,759,737,0,0,36.56,53,13,,South,2026-09-30
1009304,50009304,Corporate,Corporate Loan,45331798.24,672,675,60,60,11.16,119,71,,North,2026-09-30
1009305,50009305,Corporate,Mortgage,2267738.5,816,824,0,0,8.46,215,189,2238798.15,Central,2026-09-30
1009306,50009306,Retail,Auto Loan,679087.06,622,637,0,0,11.62,72,68,677529.61,West,2026-09-30
1009307,50009307,Retail,Auto Loan,1555244.07,613,596,0,0,13.35,66,11,1154876.87,South,2026-09-30
1009308,50009308,SME,Auto Loan,3051539.29,730,721,0,0,12.02,25,17,3226936.58,West,2026-09-30
1009309,50009309,SME,SME Loan,3293934.68,671,696,0,15,9.69,97,38,,South,2026-09-30
1009310,50009310,Retail,Auto Loan,242043.81,742,696,,0,8.62,29,6,284917.1,South,2026-09-30
1009311,50009311,Retail,Credit Card,222696.17,835,812,0,30,26.91,47,19,,South,2026-09-30
1009312,50009312,Retail,Mortgage,5891881.53,677,702,0,0,9.31,133,120,5949249.87,West,2026-09-30
1009313,50009313,Retail,Auto Loan,1620860.36,660,686,75,45,12.51,60,25,1477526.9,South,2026-09-30
1009314,50009314,Retail,Auto Loan,1632759.12,626,623,0,0,12.51,81,38,1853752.63,West,2026-09-30
1009315,50009315,Retail,Auto Loan,569196.66,723,756,0,15,9.92,61,31,398318.92,South,2026-09-30
1009316,50009316,Retail,Mortgage,2526328.88,697,693,0,0,8.57,316,63,2812525.62,South,2026-09-30
1009317,50009317,SME,Auto Loan,2271946.48,754,741,0,0,9.69,66,32,1735380.77,East,2026-09-30
1009318,50009318,Retail,Mortgage,3640851.6,726,734,0,0,9.48,130,71,4490859.24,South,2026-09-30
1009319,50009319,Retail,Mortgage,3907452.91,867,854,0,0,9.93,336,103,3836261.7,West,2026-09-30
1009320,50009320,Retail,Mortgage,9396848.7,758,786,0,0,7.88,339,310,13224713.97,West,2026-09-30
1009321,50009321,Retail,Credit Card,197163.0,661,634,0,0,39.08,56,53,,South,2026-09-30
1009322,50009322,Retail,Auto Loan,2271388.47,609,613,75,75,12.76,28,5,1512752.83,Central,2026-09-30
1009323,50009323,Retail,Mortgage,6075630.85,793,786,0,0,9.89,191,44,6735860.49,North,2026-09-30
1009324,50009324,SME,SME Loan,8542916.41,733,736,0,0,16.03,73,6,,South,2026-09-30
1009325,50009325,Retail,Credit Card,279508.42,755,740,0,0,41.27,45,20,,West,2026-09-30
1009326,50009326,Retail,Credit Card,247629.26,722,746,0,15,31.12,41,29,,Central,2026-09-30
1009327,50009327,Retail,Auto Loan,2252936.23,654,655,0,15,11.32,70,5,1891833.61,West,2026-09-30
1009328,50009328,SME,SME Loan,11967997.06,576,586,180,180,12.57,52,10,,North,2026-09-30
1009329,50009329,Retail,Auto Loan,1943425.37,610,593,0,0,12.84,46,14,1794164.54,South,2026-09-30
1009330,50009330,Retail,Personal Loan,1748076.07,681,696,0,0,10.87,81,21,,North,2026-09-30
1009331,50009331,Corporate,Corporate Loan,18697629.8,842,835,0,15,9.55,112,4,,West,2026-09-30
1009332,50009332,SME,SME Loan,13824828.6,561,559,15,15,14.75,69,18,,South,2026-09-30
1009333,50009333,Retail,Personal Loan,1392599.49,571,600,0,0,12.75,78,57,,South,2026-09-30
1009334,50009334,SME,SME Loan,6408237.99,833,846,0,0,12.92,37,32,,North,2026-09-30
1009335,50009335,Retail,Mortgage,9066165.39,747,734,0,15,8.32,337,29,12445444.09,South,2026-09-30
1009336,50009336,Retail,Credit Card,147098.89,791,764,0,15,41.66,20,15,,North,2026-09-30
1009337,50009337,Retail,Credit Card,254932.09,639,643,0,15,26.85,59,53,,North,2026-09-30
1009338,50009338,Retail,Mortgage,1949656.3,664,651,0,15,9.91,275,245,2922631.74,West,2026-09-30
1009339,50009339,SME,SME Loan,997131.04,704,718,0,0,13.74,109,68,,North,2026-09-30
1009340,50009340,SME,SME Loan,8796313.09,641,655,0,30,14.43,85,2,,West,2026-09-30
1009341,50009341,SME,Mortgage,7659362.11,666,685,0,0,7.21,185,24,6548554.23,South,2026-09-30
1009342,50009342,Retail,Auto Loan,1036284.71,657,659,30,15,9.67,40,39,1022766.48,North,2026-09-30
1009343,50009343,Retail,Auto Loan,1373223.18,716,695,0,0,12.77,26,4,1236137.53,East,2026-09-30
1009344,50009344,Retail,Personal Loan,1214739.46,737,719,0,0,14.58,26,19,,South,2026-09-30
1009345,50009345,Retail,Personal Loan,1763929.92,881,894,0,0,13.05,70,29,,South,2026-09-30
1009346,50009346,SME,Mortgage,1620711.45,900,889,0,0,9.14,317,311,2183615.78,Central,2026-09-30
1009347,50009347,Retail,Mortgage,8890559.33,728,718,0,0,10.15,244,75,9237755.01,East,2026-09-30
1009348,50009348,Retail,Personal Loan,1809043.66,733,709,0,0,19.66,78,66,,South,2026-09-30
1009349,50009349,Retail,Personal Loan,151656.68,605,614,0,0,15.38,35,13,,Central,2026-09-30
1009350,50009350,Retail,Mortgage,11939112.94,838,831,0,0,7.73,197,185,13609814.07,South,2026-09-30
1009351,50009351,Retail,Personal Loan,1296582.4,606,618,15,30,15.49,36,4,,West,2026-09-30
1009352,50009352,Retail,Personal Loan,613540.62,843,823,0,15,19.31,44,19,,North,2026-09-30
1009353,50009353,Retail,Personal Loan,83665.12,748,798,0,0,12.04,21,7,,North,2026-09-30
1009354,50009354,Retail,Credit Card,167177.93,764,752,30,30,25.2,54,46,,North,2026-09-30
1009355,50009355,Retail,Auto Loan,2351662.67,644,621,75,90,12.89,74,74,2110372.86,South,2026-09-30
1009356,50009356,Retail,Personal Loan,303992.84,689,721,0,30,16.31,77,2,,North,2026-09-30
1009357,50009357,Retail,Credit Card,464102.92,693,717,0,0,25.54,13,9,,South,2026-09-30
1009358,50009358,Retail,Credit Card,164891.55,678,652,0,0,29.44,27,18,,North,2026-09-30
1009359,50009359,Retail,Personal Loan,634161.55,800,745,0,0,19.17,17,15,,West,2026-09-30
1009360,50009360,Retail,Auto Loan,3229594.97,717,699,0,0,8.42,72,51,2683572.31,North,2026-09-30
1009361,50009361,Retail,Personal Loan,1487593.3,701,702,0,0,17.44,16,14,,South,2026-09-30
1009362,50009362,Retail,Mortgage,1446320.43,764,783,0,0,8.43,334,94,1903240.46,North,2026-09-30
1009363,50009363,Retail,Credit Card,294266.96,712,713,0,30,24.34,56,52,,South,2026-09-30
1009364,50009364,Retail,Auto Loan,2259846.31,641,653,0,0,10.1,42,22,2608082.52,East,2026-09-30
1009365,50009365,Retail,Mortgage,1771668.05,649,660,0,0,8.77,286,86,1761537.59,West,2026-09-30
1009366,50009366,Retail,Mortgage,2197101.41,663,684,0,0,9.97,360,332,2113201.96,West,2026-09-30
1009367,50009367,Retail,Mortgage,8091220.63,736,722,0,0,7.14,218,207,12389499.15,Central,2026-09-30
1009368,50009368,Retail,Mortgage,5302673.47,659,653,0,15,7.7,318,82,8216879.71,South,2026-09-30
1009369,50009369,Retail,Auto Loan,2693243.08,721,740,0,0,11.9,69,1,1826250.82,North,2026-09-30
1009370,50009370,Retail,Credit Card,396855.11,778,772,0,0,41.59,54,52,,East,2026-09-30
1009371,50009371,Retail,Credit Card,291851.59,718,731,0,15,27.53,58,49,,North,2026-09-30
1009372,50009372,Retail,Credit Card,18244.61,749,720,0,15,32.07,19,16,,East,2026-09-30
1009373,50009373,Retail,Personal Loan,666632.87,704,694,0,0,17.36,20,18,,West,2026-09-30
1009374,50009374,Retail,Personal Loan,1554129.9,785,804,0,15,18.3,24,14,,South,2026-09-30
1009375,50009375,Retail,Mortgage,4381798.75,654,657,0,0,9.79,226,73,6233159.68,West,2026-09-30
1009376,50009376,Retail,Auto Loan,1996420.88,586,587,45,60,11.91,27,26,2307032.86,South,2026-09-30
1009377,50009377,Retail,Personal Loan,946188.73,608,631,15,45,18.27,26,7,,West,2026-09-30
1009378,50009378,Retail,Personal Loan,169732.71,714,728,0,0,14.79,54,2,,West,2026-09-30
1009379,50009379,Retail,Personal Loan,1009866.72,604,580,0,0,10.52,41,31,,West,2026-09-30
1009380,50009380,Retail,Credit Card,132568.16,599,643,0,0,38.99,59,49,,Central,2026-09-30
1009381,50009381,Retail,Auto Loan,332367.4,666,676,90,90,13.27,45,13,304983.88,South,2026-09-30
1009382,50009382,Retail,Auto Loan,2360066.05,583,612,0,0,9.03,59,22,2025301.59,West,2026-09-30
1009383,50009383,SME,SME Loan,3314991.64,755,749,0,0,13.89,112,53,,West,2026-09-30
1009384,50009384,Retail,Mortgage,4770363.43,816,817,0,30,8.1,153,95,4476464.34,West,2026-09-30
1009385,50009385,Retail,Credit Card,37530.79,761,730,0,0,38.05,43,3,,West,2026-09-30
1009386,50009386,Retail,Credit Card,242721.28,,840,0,30,25.75,43,30,,North,2026-09-30
1009387,50009387,Retail,Auto Loan,2852193.37,816,820,0,0,12.71,71,42,2753414.44,West,2026-09-30
1009388,50009388,Corporate,Mortgage,3528882.94,799,754,0,0,7.54,145,43,,West,2026-09-30
1009389,50009389,SME,SME Loan,2210977.07,749,774,0,15,9.72,79,67,,North,2026-09-30
1009390,50009390,Retail,Personal Loan,341776.17,793,811,0,0,14.84,77,65,,South,2026-09-30
1009391,50009391,Retail,Personal Loan,1034796.17,743,744,0,30,16.81,55,7,,North,2026-09-30
1009392,50009392,Retail,Auto Loan,3211618.5,716,715,0,0,8.74,41,1,3251299.17,South,2026-09-30
1009393,50009393,Retail,Personal Loan,161189.64,760,728,0,0,16.8,46,21,,East,2026-09-30
1009394,50009394,Retail,Personal Loan,514768.75,702,744,0,0,13.19,65,58,,South,2026-09-30
1009395,50009395,Retail,Auto Loan,1090456.22,702,704,0,0,8.78,59,33,989800.47,North,2026-09-30
1009396,50009396,Retail,Auto Loan,1991406.34,748,756,0,0,12.97,29,4,2228321.43,West,2026-09-30
1009397,50009397,Retail,Mortgage,676876.77,,762,0,0,7.08,144,9,806925.28,Central,2026-09-30
1009398,50009398,Retail,Auto Loan,741529.98,608,608,0,0,13.76,38,6,487128.67,North,2026-09-30
1009399,50009399,Retail,Personal Loan,1717393.56,775,776,0,30,10.64,62,43,,South,2026-09-30
1009400,50009400,SME,Auto Loan,1309449.6,716,720,0,0,9.13,27,14,1049172.72,North,2026-09-30
1009401,50009401,Retail,Mortgage,8497818.15,666,673,60,30,7.12,284,21,10072575.94,West,2026-09-30
1009402,50009402,Retail,Credit Card,181333.14,693,689,0,0,36.47,55,31,,East,2026-09-30
1009403,50009403,Retail,Mortgage,5281860.48,728,735,0,0,8.26,294,78,6734105.62,Central,2026-09-30
1009404,50009404,SME,Auto Loan,387235.08,841,847,0,0,11.19,48,23,410546.97,North,2026-09-30
1009405,50009405,Corporate,Corporate Loan,4604018.91,711,690,0,15,11.91,48,38,,West,2026-09-30
1009406,50009406,SME,Auto Loan,2753412.69,684,691,0,0,10.94,47,22,1685830.0,East,2026-09-30
1009407,50009407,Corporate,Corporate Loan,5456851.72,686,666,0,0,11.2,167,125,,South,2026-09-30
1009408,50009408,Retail,Credit Card,133983.19,704,709,0,0,40.55,49,34,,North,2026-09-30
1009409,50009409,Retail,Personal Loan,845691.27,803,812,0,0,16.46,63,8,,South,2026-09-30
1009410,50009410,Retail,Credit Card,340380.6,741,724,0,0,26.7,56,36,,North,2026-09-30
1009411,50009411,Retail,Credit Card,129294.5,732,725,0,0,31.51,44,34,,Central,2026-09-30
1009412,50009412,Retail,Auto Loan,3150019.3,663,665,0,0,9.94,52,47,3559647.69,West,2026-09-30
1009413,50009413,Retail,Personal Loan,327360.56,770,771,0,0,14.94,75,66,,West,2026-09-30
1009414,50009414,Retail,Mortgage,5295830.58,741,731,0,0,10.22,133,127,7312224.35,East,2026-09-30
1009415,50009415,Retail,Personal Loan,280290.82,595,597,0,0,19.09,77,56,,Central,2026-09-30
1009416,50009416,Retail,Personal Loan,1552714.18,657,661,75,90,12.39,21,13,,West,2026-09-30
1009417,50009417,Corporate,Corporate Loan,50266836.06,780,791,0,0,9.76,47,31,,North,2026-09-30
1009418,50009418,Retail,Credit Card,486249.11,603,592,0,15,30.89,59,4,,East,2026-09-30
1009419,50009419,Retail,Personal Loan,764001.1,733,755,0,0,14.3,22,12,,West,2026-09-30
1009420,50009420,Retail,Mortgage,3828954.75,680,663,,30,7.97,166,8,4581915.33,West,2026-09-30
1009421,50009421,Retail,Credit Card,33193.14,727,732,0,15,31.81,13,4,,West,2026-09-30
1009422,50009422,Retail,Personal Loan,328795.41,787,769,0,30,13.02,43,39,,West,2026-09-30
1009423,50009423,Retail,Credit Card,340837.62,812,825,,15,34.68,46,40,,South,2026-09-30
1009424,50009424,Retail,Auto Loan,2350689.1,745,709,0,0,11.19,25,8,1910943.73,South,2026-09-30
1009425,50009425,Retail,Mortgage,8446807.94,627,629,0,0,7.14,162,83,13038417.11,South,2026-09-30
1009426,50009426,Retail,Personal Loan,511646.36,704,735,0,15,11.59,63,48,,South,2026-09-30
1009427,50009427,Retail,Auto Loan,3318817.92,688,688,0,0,8.34,36,14,3241615.7,East,2026-09-30
1009428,50009428,Retail,Credit Card,255482.05,701,707,0,15,25.69,27,19,,East,2026-09-30
1009429,50009429,Retail,Mortgage,10547198.75,791,820,0,15,9.95,155,36,13308486.26,East,2026-09-30
1009430,50009430,Retail,Auto Loan,2625590.17,645,681,0,0,9.56,30,14,2572714.31,North,2026-09-30
1009431,50009431,SME,Auto Loan,1891059.24,724,731,0,0,13.8,56,50,1951425.26,North,2026-09-30
1009432,50009432,Retail,Personal Loan,1763360.98,678,692,0,15,16.74,76,70,,South,2026-09-30
1009433,50009433,Retail,Mortgage,3426307.82,611,667,0,0,8.92,233,113,4976373.23,North,2026-09-30
1009434,50009434,Retail,Personal Loan,186043.42,541,560,0,0,11.87,70,56,,East,2026-09-30
1009435,50009435,Retail,Mortgage,5591774.06,763,748,0,15,7.57,227,168,6581682.09,South,2026-09-30
1009436,50009436,Retail,Mortgage,5983233.41,592,581,60,75,10.1,148,33,8547371.6,West,2026-09-30
1009437,50009437,Retail,Auto Loan,1032775.42,765,759,0,15,9.72,68,21,1173553.14,East,2026-09-30
1009438,50009438,Retail,Personal Loan,1287318.89,693,724,0,15,15.67,75,11,,West,2026-09-30
1009439,50009439,Retail,Personal Loan,1586706.98,693,715,0,0,10.13,68,65,,North,2026-09-30
1009440,50009440,SME,SME Loan,13428998.24,687,711,0,0,11.72,17,16,,South,2026-09-30
1009441,50009441,Retail,Personal Loan,1752746.43,666,681,0,0,18.91,42,7,,South,2026-09-30
1009442,50009442,Corporate,Corporate Loan,25712886.33,732,737,0,0,13.43,165,128,,North,2026-09-30
1009443,50009443,Retail,Personal Loan,417635.28,640,661,45,45,16.38,60,18,,Central,2026-09-30
1009444,50009444,SME,SME Loan,13262345.92,700,734,0,0,14.66,94,76,,South,2026-09-30
1009445,50009445,Retail,Credit Card,453588.12,647,659,0,15,30.72,59,27,,North,2026-09-30
1009446,50009446,Retail,Personal Loan,1394955.65,719,716,0,0,13.67,46,32,,West,2026-09-30
1009447,50009447,Retail,Auto Loan,365980.97,874,834,0,0,13.4,55,4,341971.61,South,2026-09-30
1009448,50009448,Retail,Mortgage,1529412.58,,735,0,15,7.19,186,167,1662879.22,West,2026-09-30
1009449,50009449,Retail,Credit Card,355642.99,679,673,0,0,35.58,36,6,,East,2026-09-30
1009450,50009450,Retail,Auto Loan,2013499.97,641,666,0,30,12.88,30,13,1380233.43,West,2026-09-30
1009451,50009451,Retail,Auto Loan,2788476.98,817,835,0,30,8.35,53,5,1897810.77,West,2026-09-30
1009452,50009452,Retail,Auto Loan,1482655.07,847,841,0,0,10.2,80,5,1563303.2,West,2026-09-30
1009453,50009453,Retail,Credit Card,277744.82,588,592,90,120,32.8,58,20,,North,2026-09-30
1009454,50009454,Retail,Mortgage,6531455.67,723,710,0,15,8.91,200,116,7215283.93,West,2026-09-30
1009455,50009455,Retail,Auto Loan,655302.19,777,768,0,0,8.68,58,47,668590.67,North,2026-09-30
1009456,50009456,Retail,Personal Loan,887376.75,660,679,0,0,17.79,69,22,,North,2026-09-30
1009457,50009457,Retail,Auto Loan,1050436.45,841,852,0,0,8.02,45,15,888782.45,South,2026-09-30
1009458,50009458,Retail,Auto Loan,3398499.36,682,686,0,15,11.31,56,10,3088339.05,North,2026-09-30
1009459,50009459,SME,Auto Loan,3367602.7,780,786,0,15,13.5,46,20,2630360.21,North,2026-09-30
1009460,50009460,Retail,Auto Loan,2548051.77,668,677,0,0,12.26,63,45,2616549.56,West,2026-09-30
1009461,50009461,Retail,Credit Card,437460.8,758,766,0,15,34.9,16,10,,West,2026-09-30
1009462,50009462,Retail,Auto Loan,2537132.38,722,733,0,0,12.51,31,11,3012290.86,East,2026-09-30
1009463,50009463,Retail,Personal Loan,738900.06,642,658,0,0,15.43,36,34,,North,2026-09-30
1009464,50009464,Retail,Credit Card,136453.34,610,633,0,0,39.05,37,27,,North,2026-09-30
1009465,50009465,Retail,Mortgage,777783.48,677,684,0,0,9.87,171,130,1040256.47,South,2026-09-30
1009466,50009466,Retail,Credit Card,214398.75,716,734,0,0,38.4,19,14,,East,2026-09-30
1009467,50009467,Retail,Personal Loan,520372.46,616,611,0,15,11.62,44,33,,Central,2026-09-30
1009468,50009468,Retail,Auto Loan,3062716.88,804,791,0,15,12.43,46,19,3412925.11,West,2026-09-30
1009469,50009469,Retail,Personal Loan,1894046.02,739,748,0,15,10.18,53,35,,North,2026-09-30
1009470,50009470,SME,SME Loan,1446456.57,708,706,0,0,15.75,84,20,,South,2026-09-30
1009471,50009471,SME,SME Loan,4849915.04,755,731,0,15,13.99,12,8,,Central,2026-09-30
1009472,50009472,Retail,Personal Loan,574144.16,632,657,30,0,17.53,21,11,,North,2026-09-30
1009473,50009473,Retail,Auto Loan,1131698.63,687,683,0,0,9.01,28,7,894076.28,East,2026-09-30
1009474,50009474,Retail,Mortgage,551066.06,732,732,0,0,9.57,144,11,717627.48,South,2026-09-30
1009475,50009475,Retail,Mortgage,4255209.67,666,673,60,60,8.58,158,20,4182421.55,North,2026-09-30
1009476,50009476,Retail,Mortgage,2215139.97,813,807,0,15,8.76,302,69,2268659.58,West,2026-09-30
1009477,50009477,Retail,Mortgage,10780738.72,741,674,0,0,8.01,233,115,12928390.91,Central,2026-09-30
1009478,50009478,Retail,Auto Loan,941204.03,674,724,0,0,9.31,56,32,879706.86,South,2026-09-30
1009479,50009479,Retail,Auto Loan,2586695.78,745,761,0,0,13.48,52,6,2437951.41,East,2026-09-30
1009480,50009480,SME,SME Loan,9750492.15,616,628,60,60,9.89,38,27,,South,2026-09-30
1009481,50009481,Retail,Personal Loan,564151.08,618,619,0,15,17.92,67,45,,North,2026-09-30
1009482,50009482,SME,SME Loan,7539698.41,740,714,0,15,9.46,92,38,,East,2026-09-30
1009483,50009483,Retail,Mortgage,10000145.12,612,593,0,15,8.52,223,30,13311764.55,West,2026-09-30
1009484,50009484,Retail,Auto Loan,753434.73,776,762,0,0,13.78,54,38,754365.93,West,2026-09-30
1009485,50009485,Retail,Credit Card,104564.21,737,754,0,0,32.59,31,13,,West,2026-09-30
1009486,50009486,Retail,Mortgage,5122956.31,592,568,0,0,7.2,278,228,4911099.79,West,2026-09-30
1009487,50009487,Corporate,Corporate Loan,16158513.36,770,774,0,30,7.83,153,8,,West,2026-09-30
1009488,50009488,SME,SME Loan,12082410.84,776,769,0,15,17.56,87,40,,South,2026-09-30
1009489,50009489,Retail,Personal Loan,68473.57,758,738,0,0,10.35,34,17,,South,2026-09-30
1009490,50009490,Retail,Mortgage,2442757.0,632,662,0,0,9.82,193,154,3404661.98,West,2026-09-30
1009491,50009491,Retail,Mortgage,1717231.99,695,740,0,0,10.09,245,162,1782314.75,East,2026-09-30
1009492,50009492,SME,SME Loan,4016820.05,685,696,0,0,12.75,34,8,,East,2026-09-30
1009493,50009493,Retail,Mortgage,9694790.57,578,583,15,30,8.15,347,6,9336352.81,East,2026-09-30
1009494,50009494,Retail,Credit Card,31995.59,793,738,0,0,37.87,15,2,,North,2026-09-30
1009495,50009495,Retail,Credit Card,18592.68,627,620,15,45,31.52,29,21,,South,2026-09-30
1009496,50009496,SME,SME Loan,1167120.24,741,730,0,0,13.33,18,5,,South,2026-09-30
1009497,50009497,SME,Mortgage,5571243.09,707,704,0,0,9.17,139,70,5909531.38,North,2026-09-30
1009498,50009498,Retail,Auto Loan,2024045.34,676,700,90,105,9.55,44,10,2153035.04,East,2026-09-30
1009499,50009499,Corporate,Corporate Loan,34212957.53,808,784,0,0,9.71,16,1,,East,2026-09-30
1009500,50009500,Retail,Credit Card,322005.9,717,704,0,15,24.4,43,36,,South,2026-09-30
1009501,50009501,Retail,Personal Loan,712342.08,658,668,0,0,16.7,74,55,,South,2026-09-30
1009502,50009502,SME,Auto Loan,995471.3,621,652,0,0,9.23,57,56,998502.99,South,2026-09-30
1009503,50009503,Retail,Mortgage,5808439.53,619,651,0,0,10.07,343,317,5077691.08,West,2026-09-30
1009504,50009504,SME,SME Loan,4394971.98,643,629,0,0,14.17,15,5,,East,2026-09-30
1009505,50009505,Retail,Auto Loan,786362.26,669,643,0,30,11.25,29,22,648641.87,East,2026-09-30
1009506,50009506,Corporate,Corporate Loan,12138978.19,707,670,0,0,10.38,173,159,,East,2026-09-30
1009507,50009507,Retail,Personal Loan,1643303.57,789,788,0,0,19.29,45,19,,Central,2026-09-30
1009508,50009508,Retail,Auto Loan,3086915.43,685,685,0,15,10.03,48,47,2285776.64,West,2026-09-30
1009509,50009509,Retail,Personal Loan,1218293.59,784,781,0,0,12.08,14,5,,South,2026-09-30
1009510,50009510,Retail,Personal Loan,563554.48,555,544,0,0,18.43,30,21,,Central,2026-09-30
1009511,50009511,SME,SME Loan,1710029.64,635,628,90,75,9.72,53,9,,South,2026-09-30
1009512,50009512,SME,SME Loan,6074934.32,715,711,0,0,16.43,58,52,,Central,2026-09-30
1009513,50009513,Retail,Mortgage,3571636.7,721,717,0,0,10.07,336,276,5480304.33,North,2026-09-30
1009514,50009514,Retail,Auto Loan,2084733.35,730,710,0,15,11.24,33,14,2173283.93,East,2026-09-30
1009515,50009515,Retail,Auto Loan,3066403.1,647,635,15,30,13.36,76,44,3271201.17,West,2026-09-30
1009516,50009516,Retail,Mortgage,4286887.69,793,831,0,0,7.45,171,26,5813485.74,West,2026-09-30
1009517,50009517,SME,SME Loan,779267.5,772,757,0,0,9.85,56,42,,East,2026-09-30
1009518,50009518,Retail,Mortgage,3816519.94,637,619,0,0,7.46,312,8,4058223.67,Central,2026-09-30
1009519,50009519,Retail,Credit Card,164584.02,545,580,120,120,40.23,40,6,,South,2026-09-30
1009520,50009520,Retail,Auto Loan,271286.91,697,686,45,45,13.67,43,31,255958.65,East,2026-09-30
1009521,50009521,Retail,Auto Loan,1872741.21,649,636,0,15,8.5,45,6,2184512.97,North,2026-09-30
1009522,50009522,Retail,Auto Loan,1476377.11,670,641,0,30,10.62,38,18,1396705.73,North,2026-09-30
1009523,50009523,SME,SME Loan,7589917.79,701,706,0,15,9.86,21,4,,West,2026-09-30
1009524,50009524,Retail,Mortgage,5609250.61,626,643,0,0,7.12,262,193,7290677.59,North,2026-09-30
1009525,50009525,Retail,Mortgage,7878810.53,797,802,0,0,9.36,287,84,9499159.04,South,2026-09-30
1009526,50009526,Retail,Auto Loan,995491.66,620,663,0,0,10.55,28,12,602875.21,North,2026-09-30
1009527,50009527,Retail,Credit Card,498877.87,791,766,0,0,35.63,32,28,,Central,2026-09-30
1009528,50009528,SME,Auto Loan,2128732.93,719,738,0,30,9.65,29,29,2533488.52,West,2026-09-30
1009529,50009529,Retail,Mortgage,2172898.8,680,676,0,0,8.23,185,177,2820840.62,South,2026-09-30
1009530,50009530,SME,SME Loan,8650336.69,646,633,0,0,17.15,77,20,,East,2026-09-30
1009531,50009531,Retail,Credit Card,418274.21,710,720,60,60,36.85,17,9,,West,2026-09-30
1009532,50009532,Retail,Auto Loan,1789565.77,838,837,0,0,9.29,77,21,2046108.45,West,2026-09-30
1009533,50009533,Retail,Mortgage,7891490.84,652,642,0,0,7.2,162,3,11348712.64,Central,2026-09-30
1009534,50009534,Corporate,Mortgage,10288614.07,723,734,0,0,9.71,316,23,13409022.44,West,2026-09-30
1009535,50009535,Retail,Personal Loan,1109951.73,782,804,0,0,14.52,51,16,,East,2026-09-30
1009536,50009536,Retail,Personal Loan,1457027.89,836,794,0,15,13.81,78,78,,North,2026-09-30
1009537,50009537,Retail,Credit Card,7024.01,673,652,0,15,40.53,26,19,,Central,2026-09-30
1009538,50009538,Retail,Personal Loan,939297.09,779,746,0,0,14.86,67,11,,North,2026-09-30
1009539,50009539,Retail,Personal Loan,1496761.77,702,730,0,30,13.11,75,7,,East,2026-09-30
1009540,50009540,Retail,Personal Loan,1154958.14,547,590,30,30,12.66,33,30,,South,2026-09-30
1009541,50009541,Retail,Mortgage,996026.61,631,657,0,0,8.17,333,236,1249903.39,North,2026-09-30
1009542,50009542,Retail,Auto Loan,1269641.14,733,768,0,30,10.87,49,31,1455046.13,North,2026-09-30
1009543,50009543,Corporate,Corporate Loan,5312209.52,653,684,0,15,12.92,71,1,,West,2026-09-30
1009544,50009544,Retail,Auto Loan,1660858.02,754,779,0,15,8.85,29,2,1683506.25,East,2026-09-30
1009545,50009545,Retail,Mortgage,6924921.19,771,772,0,15,8.77,126,99,6590395.91,South,2026-09-30
1009546,50009546,Retail,Credit Card,285254.98,702,714,0,30,37.1,12,4,,West,2026-09-30
1009547,50009547,Retail,Mortgage,5519331.09,683,680,0,0,8.76,315,31,6049915.7,West,2026-09-30
1009548,50009548,Retail,Mortgage,10733238.2,858,829,0,0,8.33,250,107,12794651.1,West,2026-09-30
1009549,50009549,Retail,Auto Loan,2461284.27,697,702,0,30,10.32,35,12,1716110.12,North,2026-09-30
1009550,50009550,Retail,Personal Loan,310998.88,740,734,0,30,19.53,83,54,,West,2026-09-30
1009551,50009551,SME,SME Loan,7622409.0,612,626,0,15,11.82,44,6,,West,2026-09-30
1009552,50009552,Retail,Personal Loan,1848014.29,749,748,0,0,19.56,18,8,,East,2026-09-30
1009553,50009553,Retail,Mortgage,1083815.63,860,800,0,0,7.79,282,234,1550421.31,West,2026-09-30
1009554,50009554,Retail,Personal Loan,457305.8,697,692,0,0,19.22,18,11,,Central,2026-09-30
1009555,50009555,Retail,Personal Loan,643613.85,750,793,0,0,14.17,23,3,,South,2026-09-30
1009556,50009556,Corporate,Corporate Loan,28217009.08,638,600,0,0,10.96,136,32,,North,2026-09-30
1009557,50009557,Retail,Personal Loan,666474.68,716,701,0,15,14.95,72,70,,North,2026-09-30
1009558,50009558,Retail,Credit Card,370753.29,791,829,0,15,27.59,22,16,,South,2026-09-30
1009559,50009559,Retail,Auto Loan,1011631.51,740,711,0,0,13.63,67,48,1065996.3,West,2026-09-30
1009560,50009560,Retail,Personal Loan,1473082.57,728,716,0,0,17.97,63,33,,North,2026-09-30
1009561,50009561,Retail,Mortgage,6957726.27,669,669,0,15,7.13,301,34,6756165.65,South,2026-09-30
1009562,50009562,Retail,Mortgage,9952966.06,703,713,75,75,8.22,185,125,13994266.72,West,2026-09-30
1009563,50009563,Retail,Auto Loan,480301.21,594,642,30,0,11.37,55,6,335038.13,North,2026-09-30
1009564,50009564,SME,Auto Loan,348615.4,633,670,0,0,11.43,32,16,276040.82,West,2026-09-30
1009565,50009565,Retail,Personal Loan,800661.0,676,681,0,0,17.37,72,70,,North,2026-09-30
1009566,50009566,Corporate,Corporate Loan,50750660.65,777,767,0,0,8.93,16,9,,West,2026-09-30
1009567,50009567,Retail,Personal Loan,1301641.59,699,702,0,0,15.84,81,68,,West,2026-09-30
1009568,50009568,Corporate,Corporate Loan,56673850.76,722,725,0,15,9.23,168,47,,Central,2026-09-30
1009569,50009569,Retail,Auto Loan,2450557.88,622,621,15,15,13.38,24,11,2096890.94,North,2026-09-30
1009570,50009570,SME,SME Loan,4878660.29,741,736,0,0,15.5,78,53,,Central,2026-09-30
1009571,50009571,Retail,Auto Loan,1980862.6,700,697,0,15,11.86,47,23,2367048.34,East,2026-09-30
1009572,50009572,Retail,Personal Loan,1543085.3,694,701,0,15,19.02,45,14,,North,2026-09-30
1009573,50009573,Retail,Mortgage,8165628.89,707,691,0,0,9.91,175,21,10432966.0,West,2026-09-30
1009574,50009574,Retail,Personal Loan,575397.51,631,600,75,75,14.59,39,7,,North,2026-09-30
1009575,50009575,Retail,Personal Loan,1568527.85,608,579,,15,14.95,53,20,,West,2026-09-30
1009576,50009576,Retail,Auto Loan,554125.38,535,546,0,0,12.3,48,3,617506.29,East,2026-09-30
1009577,50009577,SME,SME Loan,5977781.43,590,633,30,30,14.09,57,23,,South,2026-09-30
1009578,50009578,Retail,Mortgage,6634390.91,744,733,0,0,7.36,167,14,8136876.73,South,2026-09-30
1009579,50009579,Retail,Auto Loan,975655.7,625,631,0,0,13.95,27,21,868014.08,North,2026-09-30
1009580,50009580,SME,SME Loan,11360048.6,626,625,0,0,14.98,90,5,,South,2026-09-30
1009581,50009581,Retail,Personal Loan,1447045.61,719,724,0,15,15.94,29,21,,North,2026-09-30
1009582,50009582,Retail,Personal Loan,286634.64,674,721,0,0,19.44,16,1,,North,2026-09-30
1009583,50009583,SME,SME Loan,8585497.33,812,791,0,15,16.08,102,54,,West,2026-09-30
1009584,50009584,Retail,Mortgage,7068903.63,736,740,0,15,9.93,270,196,6477799.88,Central,2026-09-30
1009585,50009585,Retail,Auto Loan,2521160.93,679,653,0,0,11.97,59,53,1918963.94,West,2026-09-30
1009586,50009586,Retail,Personal Loan,1625119.78,793,779,0,0,19.15,78,28,,South,2026-09-30
1009587,50009587,Retail,Credit Card,223914.36,750,777,0,30,30.57,20,14,,West,2026-09-30
1009588,50009588,Retail,Credit Card,198940.26,722,699,0,15,41.39,25,4,,West,2026-09-30
1009589,50009589,SME,Auto Loan,931958.23,701,705,0,0,12.3,64,28,734661.16,North,2026-09-30
1009590,50009590,Retail,Personal Loan,804008.25,617,649,0,0,19.95,23,19,,South,2026-09-30
1009591,50009591,Retail,Credit Card,46629.14,673,689,0,0,33.72,23,9,,West,2026-09-30
1009592,50009592,SME,SME Loan,9625402.97,593,609,0,30,17.24,115,14,,Central,2026-09-30
1009593,50009593,Retail,Personal Loan,432410.52,636,652,0,15,16.36,51,30,,South,2026-09-30
1009594,50009594,Corporate,Corporate Loan,67274854.12,832,862,0,0,13.86,156,54,,West,2026-09-30
1009595,50009595,Retail,Personal Loan,1280582.08,598,627,0,0,12.92,72,61,,East,2026-09-30
1009596,50009596,Retail,Mortgage,10309909.84,723,714,0,0,7.78,175,155,10392203.05,West,2026-09-30
1009597,50009597,Retail,Mortgage,3737508.0,775,755,0,0,9.91,200,17,5671288.3,West,2026-09-30
1009598,50009598,Retail,Credit Card,456441.79,690,682,0,30,28.26,34,23,,Central,2026-09-30
1009599,50009599,Retail,Auto Loan,1568498.13,650,632,0,30,11.69,72,68,1725238.49,South,2026-09-30
1009600,50009600,Retail,Mortgage,10131629.57,786,781,0,0,9.15,253,9,15182739.67,East,2026-09-30
1009601,50009601,Retail,Personal Loan,1675580.35,639,646,0,15,18.96,49,12,,North,2026-09-30
1009602,50009602,Retail,Auto Loan,2084296.86,761,755,0,0,8.66,45,41,1442127.22,North,2026-09-30
1009603,50009603,SME,SME Loan,9923675.04,761,774,0,30,15.04,84,53,,East,2026-09-30
1009604,50009604,Retail,Personal Loan,739058.26,596,622,0,15,13.42,52,22,,South,2026-09-30
1009605,50009605,SME,SME Loan,12835980.72,713,741,0,30,12.34,84,8,,West,2026-09-30
1009606,50009606,SME,SME Loan,10760263.79,625,610,60,75,10.03,51,9,,South,2026-09-30
1009607,50009607,Retail,Personal Loan,519362.25,676,693,45,45,17.59,28,27,,North,2026-09-30
1009608,50009608,SME,SME Loan,3793883.73,716,715,0,0,17.1,75,18,,West,2026-09-30
1009609,50009609,SME,SME Loan,2873617.36,713,687,0,0,17.62,101,13,,West,2026-09-30
1009610,50009610,Retail,Mortgage,4251662.42,699,713,0,30,10.2,360,281,5437200.89,South,2026-09-30
1009611,50009611,Retail,Mortgage,7865078.55,675,690,30,30,9.34,308,275,9642892.33,South,2026-09-30
1009612,50009612,Retail,Credit Card,220572.63,637,597,0,0,40.32,51,37,,East,2026-09-30
1009613,50009613,Retail,Mortgage,10714507.86,757,764,0,15,7.68,134,45,9310130.64,North,2026-09-30
1009614,50009614,SME,Auto Loan,404070.98,634,628,0,30,13.79,67,51,293856.47,South,2026-09-30
1009615,50009615,Retail,Auto Loan,1682951.24,597,627,0,0,8.21,50,23,1962664.28,West,2026-09-30
1009616,50009616,SME,Auto Loan,3330791.68,735,738,0,15,11.26,51,49,3081359.88,West,2026-09-30
1009617,50009617,Retail,Auto Loan,2298595.35,583,610,45,45,9.79,26,3,1886507.96,North,2026-09-30
1009618,50009618,Retail,Auto Loan,1224059.83,806,812,0,0,9.35,84,57,755373.22,North,2026-09-30
1009619,50009619,SME,Mortgage,7280748.1,727,702,0,0,8.11,227,3,9877296.34,North,2026-09-30
1009620,50009620,Retail,Mortgage,3995235.5,697,736,0,0,8.57,134,29,4008662.37,South,2026-09-30
1009621,50009621,Retail,Personal Loan,100652.62,716,715,0,0,13.87,72,42,,East,2026-09-30
1009622,50009622,Retail,Credit Card,112566.53,756,729,0,0,40.51,52,43,,West,2026-09-30
1009623,50009623,Retail,Mortgage,1494148.89,800,819,0,30,7.52,253,69,2034250.58,West,2026-09-30
1009624,50009624,Retail,Credit Card,236617.23,594,641,45,60,37.07,21,6,,South,2026-09-30
1009625,50009625,Retail,Personal Loan,383166.96,555,564,120,150,16.0,25,13,,South,2026-09-30
1009626,50009626,SME,SME Loan,4963845.47,730,701,0,0,11.82,23,22,,North,2026-09-30
1009627,50009627,Retail,Mortgage,10426670.48,640,585,0,15,9.85,245,62,11890613.82,North,2026-09-30
1009628,50009628,Retail,Personal Loan,773200.72,789,795,0,0,16.16,41,16,,West,2026-09-30
1009629,50009629,SME,Auto Loan,1653018.74,710,716,15,45,10.45,40,17,1048081.26,North,2026-09-30
1009630,50009630,Retail,Personal Loan,1049332.89,702,666,0,0,11.6,69,24,,West,2026-09-30
1009631,50009631,Retail,Credit Card,352042.85,620,618,0,0,27.05,28,18,,West,2026-09-30
1009632,50009632,Retail,Personal Loan,668322.41,557,577,0,0,12.4,18,8,,West,2026-09-30
1009633,50009633,Retail,Personal Loan,1780222.1,679,653,0,0,15.86,57,23,,South,2026-09-30
1009634,50009634,Retail,Auto Loan,1608161.63,656,673,0,0,11.75,49,2,1479625.94,West,2026-09-30
1009635,50009635,Retail,Personal Loan,494359.12,716,693,0,0,12.48,39,24,,West,2026-09-30
1009636,50009636,Retail,Credit Card,44600.63,762,716,0,30,34.87,18,1,,East,2026-09-30
1009637,50009637,Retail,Mortgage,7247871.09,637,651,0,30,8.31,182,113,9004906.96,West,2026-09-30
1009638,50009638,Retail,Personal Loan,1586049.42,697,686,75,75,15.32,42,2,,North,2026-09-30
1009639,50009639,Retail,Credit Card,395386.62,692,698,0,0,32.39,44,39,,East,2026-09-30
1009640,50009640,Retail,Personal Loan,355795.01,690,704,0,30,11.66,20,6,,South,2026-09-30
1009641,50009641,Retail,Auto Loan,3280625.6,731,718,0,0,9.11,46,33,3241194.6,North,2026-09-30
1009642,50009642,SME,SME Loan,4937362.28,654,666,0,15,15.9,16,4,,East,2026-09-30
1009643,50009643,Retail,Mortgage,5007931.53,760,729,,0,8.57,208,160,5742564.55,South,2026-09-30
1009644,50009644,Corporate,Corporate Loan,64867227.17,876,860,0,15,9.19,42,35,,North,2026-09-30
1009645,50009645,Retail,Credit Card,262146.49,706,707,0,0,35.46,21,1,,West,2026-09-30
1009646,50009646,Retail,Personal Loan,369106.82,745,741,0,0,16.41,53,44,,South,2026-09-30
1009647,50009647,Retail,Credit Card,313855.89,637,651,0,30,31.81,52,44,,North,2026-09-30
1009648,50009648,Retail,Auto Loan,1046670.32,668,689,0,0,8.81,25,8,926230.48,South,2026-09-30
1009649,50009649,SME,Auto Loan,876520.65,721,719,30,15,13.52,81,34,793814.34,North,2026-09-30
1009650,50009650,Retail,Personal Loan,625753.43,761,745,0,0,17.47,43,9,,West,2026-09-30
1009651,50009651,Retail,Credit Card,386327.12,694,687,0,0,28.62,39,27,,South,2026-09-30
1009652,50009652,Corporate,Corporate Loan,52274153.01,799,740,0,30,8.9,34,29,,East,2026-09-30
1009653,50009653,Retail,Auto Loan,3258680.88,728,723,0,0,8.86,32,1,3478354.09,Central,2026-09-30
1009654,50009654,Retail,Mortgage,5698057.21,726,689,0,0,10.15,194,6,8652030.4,East,2026-09-30
1009655,50009655,Corporate,Corporate Loan,50236893.82,682,693,0,0,10.99,26,24,,Central,2026-09-30
1009656,50009656,Retail,Mortgage,1233494.08,754,740,0,30,8.75,169,36,1579531.35,East,2026-09-30
1009657,50009657,Retail,Mortgage,9853580.51,659,664,0,0,9.01,294,247,12936263.9,North,2026-09-30
1009658,50009658,Corporate,Corporate Loan,68482049.28,637,656,0,15,10.72,67,42,,West,2026-09-30
1009659,50009659,Retail,Personal Loan,891549.32,727,718,0,0,18.32,33,20,,East,2026-09-30
1009660,50009660,Retail,Personal Loan,779843.3,702,715,0,0,10.93,55,44,,West,2026-09-30
1009661,50009661,Retail,Personal Loan,1638140.49,757,737,0,0,14.42,13,2,,East,2026-09-30
1009662,50009662,Retail,Credit Card,209894.61,817,796,0,15,38.57,19,12,,West,2026-09-30
1009663,50009663,Retail,Personal Loan,59350.74,669,695,0,0,15.51,32,31,,South,2026-09-30
1009664,50009664,Retail,Mortgage,11098572.92,552,584,90,75,7.07,330,192,15019881.39,North,2026-09-30
1009665,50009665,SME,Mortgage,1340152.63,775,782,0,0,8.78,353,264,1182745.8,West,2026-09-30
1009666,50009666,Retail,Auto Loan,2124223.1,666,680,0,0,13.18,84,63,1597014.02,West,2026-09-30
1009667,50009667,SME,Mortgage,2151249.58,784,752,0,0,9.76,220,69,2067421.93,West,2026-09-30
1009668,50009668,Retail,Mortgage,5478932.03,788,772,0,0,8.04,131,47,7734892.14,West,2026-09-30
1009669,50009669,SME,SME Loan,13260392.26,787,756,0,0,15.4,50,24,,South,2026-09-30
1009670,50009670,Retail,Auto Loan,1575269.41,767,758,0,0,10.1,77,52,1029030.88,Central,2026-09-30
1009671,50009671,Retail,Personal Loan,1658629.7,570,597,30,30,18.53,47,16,,Central,2026-09-30
1009672,50009672,Retail,Mortgage,7215058.51,675,657,0,0,7.58,288,269,9730506.68,South,2026-09-30
1009673,50009673,SME,SME Loan,1227396.02,631,660,0,15,14.08,16,6,,North,2026-09-30
1009674,50009674,Retail,Credit Card,398098.34,671,630,0,0,38.36,54,33,,South,2026-09-30
1009675,50009675,Retail,Mortgage,11003621.41,689,671,75,75,7.83,343,325,11624326.02,East,2026-09-30
1009676,50009676,Retail,Personal Loan,1416624.83,710,716,0,0,17.36,37,18,,West,2026-09-30
1009677,50009677,SME,SME Loan,1938191.84,536,568,45,45,9.24,91,73,,North,2026-09-30
1009678,50009678,Retail,Mortgage,11405611.3,699,684,0,0,10.49,261,94,,West,2026-09-30
1009679,50009679,Retail,Personal Loan,1173918.52,594,602,0,0,19.46,50,9,,North,2026-09-30
1009680,50009680,Retail,Credit Card,193948.17,676,690,0,0,33.45,40,28,,South,2026-09-30
1009681,50009681,Retail,Personal Loan,1425705.03,694,680,0,0,12.11,65,20,,North,2026-09-30
1009682,50009682,Retail,Auto Loan,635563.74,789,792,0,0,11.57,30,29,696279.15,Central,2026-09-30
1009683,50009683,Retail,Auto Loan,1296312.02,621,626,0,15,13.94,49,44,1064471.39,South,2026-09-30
1009684,50009684,Retail,Auto Loan,1216108.47,663,665,0,0,10.72,67,61,979134.51,South,2026-09-30
1009685,50009685,SME,Auto Loan,2781236.12,731,733,0,0,11.1,66,51,1869644.77,West,2026-09-30
1009686,50009686,Retail,Mortgage,3551150.65,741,732,0,15,10.23,306,270,3842710.02,East,2026-09-30
1009687,50009687,SME,Auto Loan,1400370.71,610,598,0,0,9.4,75,33,1548053.62,Central,2026-09-30
1009688,50009688,Retail,Mortgage,3189076.72,598,650,0,0,8.31,168,34,4277111.27,West,2026-09-30
1009689,50009689,Retail,Auto Loan,1022103.73,648,645,0,0,8.99,68,31,753722.57,West,2026-09-30
1009690,50009690,Retail,Auto Loan,2954990.24,694,690,,0,9.61,77,77,2873511.43,West,2026-09-30
1009691,50009691,Retail,Credit Card,365884.12,651,695,0,0,32.39,13,10,,West,2026-09-30
1009692,50009692,Retail,Personal Loan,1533514.88,567,594,0,0,14.21,24,6,,North,2026-09-30
1009693,50009693,Retail,Auto Loan,1283863.17,587,592,90,120,8.4,26,12,985754.0,North,2026-09-30
1009694,50009694,SME,SME Loan,1001973.51,619,643,0,30,12.07,17,3,,North,2026-09-30
1009695,50009695,Retail,Personal Loan,1646060.46,754,762,0,0,14.72,79,50,,East,2026-09-30
1009696,50009696,Retail,Personal Loan,1902493.16,673,674,0,0,15.46,39,7,,South,2026-09-30
1009697,50009697,Retail,Auto Loan,990454.94,724,714,0,15,9.75,39,39,779235.53,North,2026-09-30
1009698,50009698,Retail,Mortgage,674692.5,723,693,0,0,8.35,227,167,793379.16,West,2026-09-30
1009699,50009699,Retail,Mortgage,3045148.53,710,719,0,0,10.33,124,19,3558890.93,West,2026-09-30
1009700,50009700,Corporate,Corporate Loan,39020128.84,620,643,75,60,9.66,19,8,,West,2026-09-30
1009701,50009701,Retail,Personal Loan,507614.2,668,685,180,150,14.1,34,33,,East,2026-09-30
1009702,50009702,Retail,Mortgage,9224580.84,662,663,0,0,9.57,320,47,13076323.62,North,2026-09-30
1009703,50009703,Retail,Mortgage,11311842.57,773,776,0,0,7.09,123,5,16761859.94,North,2026-09-30
1009704,50009704,Retail,Mortgage,8458248.72,,604,60,75,8.46,162,135,9310748.15,East,2026-09-30
1009705,50009705,Corporate,Corporate Loan,65388066.7,603,603,0,0,12.31,127,44,,South,2026-09-30
1009706,50009706,Retail,Personal Loan,1908705.58,662,648,0,15,15.46,44,2,,West,2026-09-30
1009707,50009707,SME,SME Loan,9770035.03,673,671,0,0,16.67,13,5,,South,2026-09-30
1009708,50009708,Corporate,Corporate Loan,68921641.95,659,680,0,0,10.33,41,13,,West,2026-09-30
1009709,50009709,Retail,Auto Loan,237327.57,741,718,0,0,9.52,36,16,176619.64,East,2026-09-30
1009710,50009710,Retail,Credit Card,280625.49,654,657,0,0,37.37,17,4,,South,2026-09-30
1009711,50009711,Retail,Credit Card,256984.72,689,689,45,45,39.48,19,9,,East,2026-09-30
1009712,50009712,Retail,Mortgage,7080674.07,547,540,60,45,8.5,288,143,7448445.22,North,2026-09-30
1009713,50009713,SME,SME Loan,1989593.6,786,768,0,0,15.25,41,7,,North,2026-09-30
1009714,50009714,Retail,Credit Card,360256.6,685,697,0,0,41.07,13,13,,East,2026-09-30
1009715,50009715,SME,SME Loan,10840836.79,678,679,45,15,10.7,97,26,,West,2026-09-30
1009716,50009716,Retail,Personal Loan,960612.39,825,806,0,0,17.2,50,6,,South,2026-09-30
1009717,50009717,Retail,Auto Loan,2399211.36,773,773,0,0,8.57,28,26,1643153.74,South,2026-09-30
1009718,50009718,Retail,Mortgage,7703461.12,,643,15,30,8.77,267,174,9221056.8,North,2026-09-30
1009719,50009719,Retail,Personal Loan,205521.66,772,818,0,15,15.94,23,19,,East,2026-09-30
1009720,50009720,Retail,Mortgage,11559880.33,699,700,0,0,9.8,354,300,15900054.77,North,2026-09-30
1009721,50009721,Retail,Credit Card,362990.64,738,767,0,15,31.71,50,33,,South,2026-09-30
1009722,50009722,Retail,Personal Loan,1887608.02,669,693,0,0,18.68,53,46,,North,2026-09-30
1009723,50009723,Retail,Personal Loan,606439.77,803,798,0,0,12.58,39,3,,East,2026-09-30
1009724,50009724,SME,SME Loan,2590768.09,696,678,0,0,9.46,100,3,,Central,2026-09-30
1009725,50009725,Retail,Personal Loan,1900407.25,576,580,0,15,12.2,82,2,,North,2026-09-30
1009726,50009726,Retail,Credit Card,374228.1,783,787,0,0,37.28,43,28,,East,2026-09-30
1009727,50009727,Retail,Auto Loan,514158.41,716,730,0,0,12.65,34,17,438465.74,South,2026-09-30
1009728,50009728,Retail,Auto Loan,2554935.73,730,727,0,15,13.52,26,22,2774009.1,South,2026-09-30
1009729,50009729,Retail,Mortgage,3382579.79,687,690,0,30,7.33,290,262,4268094.89,North,2026-09-30
1009730,50009730,Retail,Credit Card,440273.41,774,773,0,0,29.64,55,12,,West,2026-09-30
1009731,50009731,Retail,Mortgage,7358212.54,716,720,0,30,10.43,146,126,7175495.33,East,2026-09-30
1009732,50009732,Retail,Auto Loan,987304.55,775,785,0,30,8.85,46,14,1041632.79,South,2026-09-30
1009733,50009733,Retail,Personal Loan,1160703.05,741,750,0,0,10.32,14,10,,Central,2026-09-30
1009734,50009734,Retail,Auto Loan,660892.53,707,706,0,0,11.45,66,36,580446.81,South,2026-09-30
1009735,50009735,Retail,Personal Loan,1363218.56,705,709,0,15,12.41,17,17,,East,2026-09-30
1009736,50009736,Retail,Mortgage,6917521.67,809,787,0,0,7.61,321,72,7305545.48,West,2026-09-30
1009737,50009737,Retail,Credit Card,406939.11,873,858,0,15,31.87,53,24,,West,2026-09-30
1009738,50009738,Retail,Personal Loan,990592.01,796,770,0,30,10.7,61,7,,South,2026-09-30
1009739,50009739,Retail,Mortgage,9159855.78,535,557,0,0,8.73,317,213,9851966.56,North,2026-09-30
1009740,50009740,SME,SME Loan,2338356.66,574,605,0,0,14.33,13,4,,North,2026-09-30
1009741,50009741,Retail,Credit Card,275665.15,681,687,0,15,39.61,13,8,,South,2026-09-30
1009742,50009742,SME,SME Loan,6791410.54,682,690,0,15,9.84,119,55,,West,2026-09-30
1009743,50009743,Retail,Credit Card,178249.11,594,588,0,15,27.61,49,42,,West,2026-09-30
1009744,50009744,Retail,Personal Loan,215923.25,375,402,0,0,18.28,31,16,,West,2026-09-30
1009745,50009745,Corporate,Corporate Loan,29532226.43,577,595,0,15,13.72,145,117,,Central,2026-09-30
1009746,50009746,Retail,Credit Card,324197.25,799,780,0,0,33.85,53,13,,South,2026-09-30
1009747,50009747,Corporate,Corporate Loan,41460225.45,836,828,45,60,11.96,29,26,,West,2026-09-30
1009748,50009748,Corporate,Corporate Loan,63078401.01,622,634,0,0,8.29,17,8,,East,2026-09-30
1009749,50009749,Retail,Mortgage,2687308.49,838,825,0,0,8.87,241,47,2833462.12,South,2026-09-30
1009750,50009750,Retail,Auto Loan,2311050.59,763,789,0,15,13.68,67,23,2062280.58,West,2026-09-30
1009751,50009751,Retail,Mortgage,1273743.46,688,673,0,0,9.95,349,182,1115718.23,West,2026-09-30
1009752,50009752,Retail,Mortgage,7552248.13,809,818,0,15,9.46,179,116,9901430.07,North,2026-09-30
1009753,50009753,SME,Mortgage,5104252.58,764,768,0,0,9.33,319,123,7851730.66,North,2026-09-30
1009754,50009754,Retail,Auto Loan,655375.2,632,636,120,105,13.69,42,21,687700.05,South,2026-09-30
1009755,50009755,Retail,Mortgage,6616170.12,580,620,60,60,10.39,227,29,6418777.12,South,2026-09-30
1009756,50009756,Retail,Auto Loan,766234.24,785,804,15,0,10.16,34,23,842759.57,West,2026-09-30
1009757,50009757,Retail,Credit Card,106913.16,747,749,0,0,40.47,24,14,,North,2026-09-30
1009758,50009758,Retail,Auto Loan,2213194.01,710,706,0,15,9.93,52,52,2284987.54,West,2026-09-30
1009759,50009759,Retail,Auto Loan,3056649.33,639,658,30,30,10.75,67,60,2175324.29,South,2026-09-30
1009760,50009760,Retail,Auto Loan,1230458.6,641,642,0,0,13.66,78,60,1237100.02,Central,2026-09-30
1009761,50009761,Retail,Mortgage,10201727.62,629,669,0,0,9.07,122,114,11137453.38,West,2026-09-30
1009762,50009762,Retail,Mortgage,2911607.63,661,692,15,15,8.74,282,249,4424171.54,North,2026-09-30
1009763,50009763,Retail,Personal Loan,381955.77,736,741,0,0,19.34,45,12,,North,2026-09-30
1009764,50009764,Retail,Auto Loan,1937866.22,774,783,0,30,11.71,76,28,1651467.6,West,2026-09-30
1009765,50009765,SME,SME Loan,3349037.05,695,670,0,0,11.93,14,3,,North,2026-09-30
1009766,50009766,Retail,Mortgage,6163029.12,597,598,0,0,7.59,146,66,5317527.89,West,2026-09-30
1009767,50009767,Retail,Credit Card,262037.8,712,711,0,0,24.64,16,16,,Central,2026-09-30
1009768,50009768,Corporate,Corporate Loan,23871918.96,793,745,0,0,10.79,75,72,,West,2026-09-30
1009769,50009769,Retail,Auto Loan,2026458.35,682,646,0,0,12.15,70,58,2045249.06,South,2026-09-30
1009770,50009770,Retail,Mortgage,4148229.98,708,697,0,0,8.88,358,137,6389838.53,West,2026-09-30
1009771,50009771,Retail,Auto Loan,2378660.08,657,666,0,0,11.72,73,63,2643008.59,South,2026-09-30
1009772,50009772,Retail,Auto Loan,1222055.03,826,826,0,0,11.04,80,39,786789.09,West,2026-09-30
1009773,50009773,Retail,Mortgage,10463974.55,802,804,0,0,7.73,319,150,14385072.3,North,2026-09-30
1009774,50009774,SME,SME Loan,7938180.03,733,761,0,0,12.65,108,46,,East,2026-09-30
1009775,50009775,Retail,Personal Loan,1294783.81,686,659,0,15,14.99,84,37,,West,2026-09-30
1009776,50009776,Retail,Credit Card,196418.99,558,569,30,30,27.55,21,17,,North,2026-09-30
1009777,50009777,Retail,Personal Loan,244993.06,667,662,0,0,18.0,65,32,,West,2026-09-30
1009778,50009778,Retail,Mortgage,9571213.22,645,661,0,0,8.78,147,141,12813830.73,South,2026-09-30
1009779,50009779,Retail,Credit Card,415771.73,683,694,0,15,26.09,36,34,,East,2026-09-30
1009780,50009780,Retail,Auto Loan,2158887.8,610,585,0,0,8.26,42,37,1334839.39,East,2026-09-30
1009781,50009781,Retail,Auto Loan,600278.09,694,717,0,0,13.99,33,7,687759.33,South,2026-09-30
1009782,50009782,Retail,Credit Card,163323.12,,810,0,0,40.56,37,17,,Central,2026-09-30
1009783,50009783,Corporate,Corporate Loan,62684529.49,635,606,15,0,8.33,178,152,,South,2026-09-30
1009784,50009784,Retail,Personal Loan,1696285.77,585,607,0,15,19.75,24,15,,North,2026-09-30
1009785,50009785,Retail,Credit Card,402658.66,546,586,0,15,26.9,21,4,,North,2026-09-30
1009786,50009786,Retail,Mortgage,2228474.06,595,594,0,0,9.59,145,45,3140704.74,Central,2026-09-30
1009787,50009787,Retail,Credit Card,249220.1,662,615,0,0,39.86,58,26,,South,2026-09-30
1009788,50009788,SME,Auto Loan,1544153.88,751,739,0,0,10.75,63,15,1441461.43,East,2026-09-30
1009789,50009789,SME,SME Loan,1404609.25,603,595,15,30,15.64,71,15,,South,2026-09-30
1009790,50009790,Retail,Personal Loan,1526830.46,673,678,45,45,17.96,61,38,,West,2026-09-30
1009791,50009791,Retail,Mortgage,9985202.97,893,879,0,0,8.13,296,48,9125621.38,South,2026-09-30
1009792,50009792,Retail,Personal Loan,311016.43,785,762,0,0,13.88,62,39,,West,2026-09-30
1009793,50009793,SME,Mortgage,10798063.78,666,652,180,180,9.79,151,55,11894790.54,Central,2026-09-30
1009794,50009794,Retail,Auto Loan,899729.5,873,854,0,0,11.75,48,11,701501.23,North,2026-09-30
1009795,50009795,Retail,Mortgage,10895370.31,771,780,0,30,7.8,131,80,13474802.8,South,2026-09-30
1009796,50009796,SME,Auto Loan,1835848.15,716,705,0,15,13.03,38,29,1927922.78,South,2026-09-30
1009797,50009797,Retail,Auto Loan,3038771.52,724,683,0,0,9.32,45,41,3465354.56,South,2026-09-30
1009798,50009798,Retail,Credit Card,358308.51,532,572,0,0,31.53,24,7,,West,2026-09-30
1009799,50009799,Retail,Credit Card,151828.69,630,606,30,30,28.9,47,18,,South,2026-09-30
1009800,50009800,Retail,Personal Loan,934224.75,722,762,0,15,13.71,45,11,,West,2026-09-30
1009801,50009801,Retail,Auto Loan,599080.15,700,661,0,0,11.95,70,32,466547.87,West,2026-09-30
1009802,50009802,Retail,Credit Card,337435.76,726,687,0,0,34.23,45,11,,South,2026-09-30
1009803,50009803,Retail,Mortgage,1317067.05,759,745,0,0,10.2,144,65,1985361.42,East,2026-09-30
1009804,50009804,Corporate,Corporate Loan,42991360.44,793,781,0,15,8.71,34,10,,South,2026-09-30
1009805,50009805,SME,SME Loan,12683117.25,821,792,0,0,14.76,46,18,,West,2026-09-30
1009806,50009806,Retail,Credit Card,375570.01,755,754,0,0,39.41,44,31,,North,2026-09-30
1009807,50009807,Retail,Auto Loan,3089937.32,709,720,0,0,8.65,50,5,3665855.27,South,2026-09-30
1009808,50009808,Retail,Credit Card,347119.04,614,642,15,15,40.57,47,30,,West,2026-09-30
1009809,50009809,Retail,Mortgage,8239511.76,668,661,0,15,9.28,199,199,12238006.13,South,2026-09-30
1009810,50009810,Retail,Personal Loan,1870192.85,739,753,0,30,18.64,46,29,,North,2026-09-30
1009811,50009811,Retail,Personal Loan,809588.17,661,634,180,180,16.86,40,39,,Central,2026-09-30
1009812,50009812,Retail,Personal Loan,1670218.09,641,641,60,60,12.83,44,37,,West,2026-09-30
1009813,50009813,SME,Auto Loan,244710.47,728,718,0,0,8.33,84,35,288230.78,South,2026-09-30
1009814,50009814,Retail,Personal Loan,1360284.28,563,592,0,0,10.91,67,19,,North,2026-09-30
1009815,50009815,Retail,Credit Card,158251.28,639,641,0,30,28.59,21,10,,South,2026-09-30
1009816,50009816,SME,SME Loan,13733277.16,691,694,30,45,10.2,23,1,,East,2026-09-30
1009817,50009817,Retail,Credit Card,495000.16,641,628,45,30,24.74,53,17,,South,2026-09-30
1009818,50009818,SME,Mortgage,832075.06,756,750,0,15,7.92,298,262,881816.37,West,2026-09-30
1009819,50009819,Retail,Mortgage,549964.83,679,687,0,0,10.33,237,3,677315.07,South,2026-09-30
1009820,50009820,Retail,Personal Loan,859498.05,806,779,0,0,13.12,76,10,,North,2026-09-30
1009821,50009821,Retail,Mortgage,7154653.46,685,742,45,45,10.08,274,214,10783548.83,East,2026-09-30
1009822,50009822,SME,Auto Loan,3086771.57,731,760,0,0,12.19,38,28,2950532.88,North,2026-09-30
1009823,50009823,Retail,Personal Loan,1450486.76,593,600,0,0,11.08,55,20,,North,2026-09-30
1009824,50009824,Corporate,Mortgage,2607635.53,754,782,0,0,8.54,153,134,3364150.12,South,2026-09-30
1009825,50009825,Retail,Personal Loan,1332563.66,621,634,0,15,15.35,17,17,,North,2026-09-30
1009826,50009826,Retail,Credit Card,238660.94,705,706,0,0,24.88,38,24,,West,2026-09-30
1009827,50009827,Retail,Mortgage,1438231.64,644,653,0,30,7.79,281,205,1985334.0,North,2026-09-30
1009828,50009828,Corporate,Corporate Loan,57327204.79,711,710,75,75,10.64,31,27,,South,2026-09-30
1009829,50009829,Retail,Personal Loan,389805.97,723,713,90,90,11.13,42,34,,West,2026-09-30
1009830,50009830,Retail,Auto Loan,3040637.79,688,669,0,0,11.96,42,10,3630373.65,West,2026-09-30
1009831,50009831,Retail,Mortgage,9073902.86,745,744,0,0,7.87,291,219,7966654.75,South,2026-09-30
1009832,50009832,SME,SME Loan,11995162.07,842,849,0,0,12.0,52,46,,South,2026-09-30
1009833,50009833,Retail,Mortgage,2790036.21,597,591,75,75,8.92,167,20,3115443.64,South,2026-09-30
1009834,50009834,Retail,Auto Loan,2245189.63,765,726,0,0,9.42,72,33,1442905.14,East,2026-09-30
1009835,50009835,Corporate,Mortgage,946147.85,851,836,0,15,8.4,140,8,977227.5,Central,2026-09-30
1009836,50009836,Corporate,Corporate Loan,19251399.64,633,660,0,0,12.21,137,46,,South,2026-09-30
1009837,50009837,Retail,Personal Loan,256289.23,633,613,0,0,11.81,40,30,,Central,2026-09-30
1009838,50009838,Retail,Personal Loan,1436018.89,713,713,0,0,15.24,13,8,,South,2026-09-30
1009839,50009839,Retail,Personal Loan,505359.23,648,631,0,0,10.89,53,43,,Central,2026-09-30
1009840,50009840,Retail,Personal Loan,1198312.89,627,667,0,0,17.42,23,7,,East,2026-09-30
1009841,50009841,Retail,Auto Loan,444256.69,670,695,0,15,13.72,46,2,313370.49,South,2026-09-30
1009842,50009842,Retail,Credit Card,88822.73,747,739,0,0,33.1,36,32,,West,2026-09-30
1009843,50009843,Retail,Credit Card,48010.63,537,559,45,75,25.12,17,7,,West,2026-09-30
1009844,50009844,Corporate,Corporate Loan,21100822.64,654,631,0,0,13.62,120,10,,Central,2026-09-30
1009845,50009845,Retail,Mortgage,2269883.68,668,674,0,0,8.58,348,90,3360401.46,South,2026-09-30
1009846,50009846,Retail,Mortgage,5992716.12,690,660,0,0,10.23,341,164,8476447.65,East,2026-09-30
1009847,50009847,Retail,Mortgage,1426904.83,656,680,0,15,10.37,315,298,1439528.22,North,2026-09-30
1009848,50009848,Retail,Personal Loan,405236.99,769,743,0,0,12.86,21,1,,West,2026-09-30
1009849,50009849,Retail,Auto Loan,2812394.01,647,657,0,0,13.1,62,9,2447908.39,South,2026-09-30
1009850,50009850,Retail,Mortgage,1740754.5,761,756,0,15,7.23,287,189,2527374.14,West,2026-09-30
1009851,50009851,Retail,Credit Card,484056.61,634,701,0,15,28.9,51,27,,West,2026-09-30
1009852,50009852,Retail,Personal Loan,963635.33,788,791,0,0,15.84,36,12,,West,2026-09-30
1009853,50009853,Corporate,Corporate Loan,45578479.8,,785,0,0,9.58,25,2,,South,2026-09-30
1009854,50009854,Retail,Personal Loan,1846370.39,655,698,0,30,19.46,73,8,,West,2026-09-30
1009855,50009855,SME,SME Loan,8959658.73,713,688,0,0,17.86,28,14,,West,2026-09-30
1009856,50009856,Retail,Mortgage,11209343.74,736,760,0,0,9.63,168,34,14063760.68,South,2026-09-30
1009857,50009857,Retail,Auto Loan,2460096.01,711,686,0,0,12.5,54,19,1488200.22,West,2026-09-30
1009858,50009858,Retail,Credit Card,309797.27,662,685,0,30,28.25,26,24,,North,2026-09-30
1009859,50009859,Retail,Credit Card,92340.42,735,713,0,30,34.16,21,9,,North,2026-09-30
1009860,50009860,Retail,Credit Card,69580.89,675,715,0,15,28.15,55,9,,South,2026-09-30
1009861,50009861,Retail,Mortgage,1649958.64,697,685,0,0,7.81,152,112,1511516.32,South,2026-09-30
1009862,50009862,Retail,Auto Loan,3016242.09,664,689,0,0,9.82,56,18,3600021.28,East,2026-09-30
1009863,50009863,Retail,Auto Loan,2173562.05,772,795,0,0,9.36,65,13,1934130.04,West,2026-09-30
1009864,50009864,Retail,Credit Card,112488.82,701,682,0,15,27.94,49,46,,North,2026-09-30
1009865,50009865,Retail,Auto Loan,410112.36,774,784,0,0,13.87,25,23,379067.36,West,2026-09-30
1009866,50009866,Retail,Mortgage,11155990.36,720,739,0,0,9.67,262,81,15358572.45,East,2026-09-30
1009867,50009867,Corporate,Corporate Loan,9784491.66,665,680,0,0,10.5,79,49,,North,2026-09-30
1009868,50009868,Corporate,Mortgage,8615813.89,672,659,0,0,8.76,156,150,8320654.74,West,2026-09-30
1009869,50009869,Retail,Credit Card,16268.83,806,799,0,0,33.26,52,35,,West,2026-09-30
1009870,50009870,SME,SME Loan,10184941.02,638,686,15,15,15.59,26,22,,West,2026-09-30
1009871,50009871,Retail,Personal Loan,1591473.84,736,728,0,15,18.65,28,10,,South,2026-09-30
1009872,50009872,Retail,Credit Card,32267.01,708,730,0,15,38.33,21,9,,North,2026-09-30
1009873,50009873,Retail,Auto Loan,579691.82,648,637,0,0,13.67,57,24,470010.23,Central,2026-09-30
1009874,50009874,Corporate,Corporate Loan,39210186.82,866,843,0,0,11.92,39,12,,West,2026-09-30
1009875,50009875,SME,SME Loan,7666994.31,711,739,0,0,16.52,32,12,,West,2026-09-30
1009876,50009876,Retail,Mortgage,4112543.94,708,750,0,0,7.13,222,17,6058383.21,East,2026-09-30
1009877,50009877,Retail,Personal Loan,448201.75,744,703,0,15,19.2,75,1,,North,2026-09-30
1009878,50009878,Retail,Mortgage,6286953.66,847,845,0,30,9.41,214,88,7813763.68,North,2026-09-30
1009879,50009879,Retail,Auto Loan,2727897.99,736,709,0,0,13.27,44,37,2712682.77,West,2026-09-30
1009880,50009880,Retail,Mortgage,10004019.86,762,739,0,0,8.93,193,103,13974021.69,West,2026-09-30
1009881,50009881,Retail,Personal Loan,368262.02,808,788,0,0,19.74,62,41,,South,2026-09-30
1009882,50009882,Retail,Personal Loan,1155438.09,844,803,0,0,18.97,17,13,,West,2026-09-30
1009883,50009883,SME,SME Loan,11778671.77,719,706,0,0,15.27,67,32,,East,2026-09-30
1009884,50009884,Retail,Auto Loan,234778.38,632,644,,90,12.31,73,20,267439.29,North,2026-09-30
1009885,50009885,Retail,Personal Loan,1697888.22,677,730,0,0,13.38,72,32,,East,2026-09-30
1009886,50009886,SME,Mortgage,10701762.9,844,831,0,0,9.0,136,112,10136269.08,East,2026-09-30
1009887,50009887,Corporate,Corporate Loan,29969171.25,681,694,0,0,13.46,176,130,,East,2026-09-30
1009888,50009888,Retail,Auto Loan,2009799.34,625,614,0,0,13.77,71,15,1567767.04,East,2026-09-30
1009889,50009889,Retail,Mortgage,1443693.71,682,661,0,0,8.73,236,125,1675791.69,South,2026-09-30
1009890,50009890,Retail,Credit Card,162679.59,792,769,0,15,25.55,22,16,,South,2026-09-30
1009891,50009891,SME,SME Loan,3159281.35,667,688,0,0,10.86,12,3,,South,2026-09-30
1009892,50009892,Retail,Auto Loan,382752.77,705,653,0,0,8.66,74,52,445454.31,East,2026-09-30
1009893,50009893,Retail,Mortgage,11955892.25,765,756,0,0,8.47,187,79,10639127.35,West,2026-09-30
1009894,50009894,SME,Auto Loan,936607.38,649,654,45,60,8.56,41,24,862095.74,South,2026-09-30
1009895,50009895,SME,SME Loan,386849.41,796,797,,0,12.26,110,80,,West,2026-09-30
1009896,50009896,Retail,Auto Loan,3402581.59,574,569,0,0,11.71,39,26,3680511.58,South,2026-09-30
1009897,50009897,Retail,Credit Card,396232.31,531,547,0,15,36.42,56,43,,Central,2026-09-30
1009898,50009898,Retail,Mortgage,3322653.28,796,801,0,0,9.62,287,216,3110572.5,West,2026-09-30
1009899,50009899,SME,SME Loan,3903859.13,580,564,0,30,14.18,119,53,,Central,2026-09-30
1009900,50009900,Retail,Auto Loan,2536063.87,635,658,0,0,9.45,60,12,2210319.81,West,2026-09-30
1009901,50009901,Retail,Personal Loan,288322.42,730,722,0,30,13.1,77,42,,South,2026-09-30
1009902,50009902,Retail,Personal Loan,1127649.62,681,671,0,0,16.15,36,16,,West,2026-09-30
1009903,50009903,Retail,Personal Loan,1168769.6,631,605,0,15,18.09,81,64,,East,2026-09-30
1009904,50009904,Retail,Mortgage,4043253.64,751,745,0,0,7.2,180,128,4827522.95,South,2026-09-30
1009905,50009905,Retail,Auto Loan,1182295.1,603,610,0,0,10.46,37,8,1080626.42,South,2026-09-30
1009906,50009906,Retail,Personal Loan,732609.26,719,735,0,0,15.91,72,16,,West,2026-09-30
1009907,50009907,Retail,Mortgage,11737473.49,585,611,90,90,8.43,330,185,13183573.52,Central,2026-09-30
1009908,50009908,SME,SME Loan,2441748.05,803,766,0,0,17.74,78,56,,North,2026-09-30
1009909,50009909,Retail,Mortgage,520825.0,615,638,15,30,8.03,249,243,798724.09,East,2026-09-30
1009910,50009910,Retail,Credit Card,358149.13,680,687,180,150,32.15,19,3,,West,2026-09-30
1009911,50009911,SME,Auto Loan,2383748.93,687,694,0,0,11.89,70,69,2531573.65,West,2026-09-30
1009912,50009912,Corporate,Corporate Loan,29026110.74,650,664,0,15,11.79,96,86,,North,2026-09-30
1009913,50009913,Retail,Personal Loan,1325256.77,715,710,0,15,17.07,70,34,,South,2026-09-30
1009914,50009914,Retail,Credit Card,268485.37,768,722,0,0,40.07,60,25,,West,2026-09-30
1009915,50009915,Retail,Auto Loan,302162.83,664,656,120,135,12.14,54,39,228956.41,South,2026-09-30
1009916,50009916,Retail,Credit Card,147277.67,622,614,0,0,30.69,24,1,,South,2026-09-30
1009917,50009917,Retail,Credit Card,466382.9,724,727,0,0,31.98,55,22,,West,2026-09-30
1009918,50009918,Retail,Personal Loan,1689933.12,715,691,0,0,11.54,28,7,,South,2026-09-30
1009919,50009919,Retail,Personal Loan,1221172.43,613,591,60,75,17.27,37,37,,South,2026-09-30
1009920,50009920,Retail,Auto Loan,258004.37,752,697,0,0,10.15,68,58,178858.42,West,2026-09-30
1009921,50009921,Retail,Mortgage,5733958.57,806,754,0,0,7.81,165,111,5218625.14,South,2026-09-30
1009922,50009922,Retail,Personal Loan,933100.72,783,753,0,0,16.83,56,44,,South,2026-09-30
1009923,50009923,Retail,Personal Loan,1492390.25,802,780,0,0,14.19,74,30,,East,2026-09-30
1009924,50009924,Retail,Auto Loan,435330.57,627,619,120,90,8.67,27,26,323579.59,West,2026-09-30
1009925,50009925,Retail,Personal Loan,1033914.32,655,665,60,45,10.58,22,20,,East,2026-09-30
1009926,50009926,Retail,Auto Loan,2626358.48,752,763,0,0,11.42,50,48,2260660.64,West,2026-09-30
1009927,50009927,Corporate,Corporate Loan,72805606.18,687,687,0,0,13.21,120,26,,East,2026-09-30
1009928,50009928,Retail,Personal Loan,400099.77,768,764,0,15,18.15,40,18,,West,2026-09-30
1009929,50009929,Retail,Mortgage,3374302.93,670,684,90,90,8.95,228,12,4553958.05,West,2026-09-30
1009930,50009930,Retail,Mortgage,9160139.8,720,719,0,0,9.29,210,94,12775764.57,West,2026-09-30
1009931,50009931,SME,SME Loan,4999149.23,749,724,0,0,14.5,41,18,,South,2026-09-30
1009932,50009932,Retail,Mortgage,3115841.77,684,692,120,120,9.42,262,256,2795979.19,North,2026-09-30
1009933,50009933,Corporate,Corporate Loan,54048536.05,636,623,0,0,8.56,58,31,,East,2026-09-30
1009934,50009934,Retail,Mortgage,8611634.6,595,603,180,195,8.96,256,105,7547147.06,South,2026-09-30
1009935,50009935,Retail,Mortgage,9144228.67,705,681,0,30,8.32,320,282,12017760.05,South,2026-09-30
1009936,50009936,Retail,Auto Loan,1896307.83,613,629,0,0,12.4,75,27,2223035.16,West,2026-09-30
1009937,50009937,SME,Mortgage,6919104.16,688,680,0,0,8.37,347,45,,West,2026-09-30
1009938,50009938,Retail,Auto Loan,3354304.23,682,684,0,15,13.74,53,47,3054054.29,West,2026-09-30
1009939,50009939,Retail,Mortgage,9510876.3,731,737,0,0,8.74,352,102,12040983.4,West,2026-09-30
1009940,50009940,Retail,Credit Card,120269.22,696,699,0,30,33.62,40,34,,Central,2026-09-30
1009941,50009941,Retail,Mortgage,11815774.61,815,820,30,0,10.22,175,38,14553436.28,West,2026-09-30
1009942,50009942,Retail,Mortgage,4084464.43,834,803,0,0,8.99,334,227,4695434.16,North,2026-09-30
1009943,50009943,SME,Auto Loan,2148604.78,854,819,0,0,13.23,53,44,1959615.85,West,2026-09-30
1009944,50009944,Corporate,Corporate Loan,73153507.59,729,717,0,0,8.52,129,115,,South,2026-09-30
1009945,50009945,Retail,Credit Card,420330.79,747,773,0,0,38.8,29,6,,South,2026-09-30
1009946,50009946,Retail,Auto Loan,385199.94,558,608,0,0,8.36,24,4,311893.11,North,2026-09-30
1009947,50009947,SME,Auto Loan,1954900.11,759,785,0,0,13.5,60,42,1246258.27,West,2026-09-30
1009948,50009948,Retail,Personal Loan,489830.83,727,714,60,60,19.04,65,1,,Central,2026-09-30
1009949,50009949,SME,Mortgage,9792425.35,693,701,0,0,9.97,183,56,8388760.67,South,2026-09-30
1009950,50009950,Retail,Personal Loan,1741936.83,721,732,0,15,12.85,84,20,,North,2026-09-30
1009951,50009951,Retail,Mortgage,8053751.58,808,797,30,30,7.98,186,69,12475446.44,Central,2026-09-30
1009952,50009952,Retail,Personal Loan,976397.33,618,638,15,0,17.57,66,9,,North,2026-09-30
1009953,50009953,Retail,Personal Loan,1855107.77,618,624,0,0,12.25,33,10,,Central,2026-09-30
1009954,50009954,SME,SME Loan,635781.6,717,720,0,0,9.2,71,43,,West,2026-09-30
1009955,50009955,Retail,Personal Loan,1926211.21,633,636,0,0,19.73,63,56,,West,2026-09-30
1009956,50009956,Retail,Personal Loan,1115245.75,692,660,0,0,11.21,84,79,,Central,2026-09-30
1009957,50009957,Retail,Auto Loan,2341822.75,727,725,0,0,12.01,31,3,2590016.21,South,2026-09-30
1009958,50009958,Retail,Personal Loan,1364895.24,572,598,0,0,18.59,74,10,,South,2026-09-30
1009959,50009959,Retail,Credit Card,339602.5,634,622,0,15,38.03,34,32,,North,2026-09-30
1009960,50009960,SME,SME Loan,2887927.56,600,618,60,60,13.58,49,19,,North,2026-09-30
1009961,50009961,Retail,Auto Loan,2966626.29,821,769,0,0,8.98,27,4,3282318.41,West,2026-09-30
1009962,50009962,Retail,Auto Loan,2162421.58,642,643,0,0,9.13,25,15,2069745.56,West,2026-09-30
1009963,50009963,Retail,Personal Loan,763319.28,537,561,0,15,19.72,69,66,,Central,2026-09-30
1009964,50009964,Retail,Personal Loan,1338619.56,686,681,0,0,14.24,39,16,,North,2026-09-30
1009965,50009965,Retail,Credit Card,343073.45,601,611,30,30,33.67,44,36,,East,2026-09-30
1009966,50009966,Retail,Personal Loan,118932.98,643,654,180,165,16.67,15,11,,Central,2026-09-30
1009967,50009967,Retail,Mortgage,4904692.36,715,680,0,30,7.01,299,275,6452347.37,Central,2026-09-30
1009968,50009968,Retail,Credit Card,234935.05,730,760,0,0,27.52,13,7,,West,2026-09-30
1009969,50009969,Retail,Mortgage,8167510.75,829,861,0,15,8.47,273,133,7341098.31,West,2026-09-30
1009970,50009970,Retail,Mortgage,7654053.68,725,709,0,0,10.21,346,130,8864219.77,East,2026-09-30
1009971,50009971,Retail,Personal Loan,1687654.16,515,529,0,15,11.0,45,41,,West,2026-09-30
1009972,50009972,Retail,Mortgage,9987092.18,691,685,0,0,7.28,297,27,15179160.04,West,2026-09-30
1009973,50009973,SME,SME Loan,7687894.5,686,691,0,0,15.4,19,5,,West,2026-09-30
1009974,50009974,Retail,Auto Loan,2341612.93,803,818,0,0,13.67,49,13,1647904.83,West,2026-09-30
1009975,50009975,Retail,Auto Loan,2954659.08,660,630,0,15,9.12,39,15,2664023.15,South,2026-09-30
1009976,50009976,SME,SME Loan,6119174.52,872,871,0,0,16.42,54,43,,West,2026-09-30
1009977,50009977,Retail,Mortgage,4760996.19,676,678,0,30,7.24,149,67,5578436.04,East,2026-09-30
1009978,50009978,Retail,Credit Card,219601.3,767,739,0,0,39.66,20,10,,North,2026-09-30
1009979,50009979,Retail,Personal Loan,1165881.02,704,716,0,30,10.76,33,8,,North,2026-09-30
1009980,50009980,Retail,Personal Loan,843530.25,802,814,0,0,13.82,74,45,,South,2026-09-30
1009981,50009981,Retail,Personal Loan,883328.09,720,726,60,60,15.75,28,8,,East,2026-09-30
1009982,50009982,Retail,Personal Loan,1279900.8,649,642,45,30,18.01,74,1,,North,2026-09-30
1009983,50009983,Retail,Auto Loan,3156192.9,642,660,0,0,12.83,82,61,2805420.28,West,2026-09-30
1009984,50009984,Retail,Personal Loan,675874.07,649,687,0,15,19.07,52,37,,East,2026-09-30
1009985,50009985,Retail,Personal Loan,127450.3,676,711,60,30,12.09,76,11,,South,2026-09-30
1009986,50009986,Retail,Personal Loan,1182722.75,739,730,0,0,12.23,54,17,,North,2026-09-30
1009987,50009987,Retail,Mortgage,7734953.76,654,649,45,45,9.57,187,8,9845348.68,South,2026-09-30
1009988,50009988,Retail,Personal Loan,1161636.45,724,713,0,15,10.35,59,10,,South,2026-09-30
1009989,50009989,Retail,Personal Loan,723084.0,666,695,0,15,14.86,24,8,,North,2026-09-30
1009990,50009990,Retail,Mortgage,6482842.18,662,648,0,15,8.81,192,61,7054530.23,West,2026-09-30
1009991,50009991,Retail,Credit Card,225199.28,741,717,0,0,24.87,20,13,,South,2026-09-30
1009992,50009992,Retail,Personal Loan,815128.95,675,679,0,15,13.38,65,12,,South,2026-09-30
1009993,50009993,SME,Auto Loan,2404670.8,808,800,0,0,9.59,67,34,1745242.25,West,2026-09-30
1009994,50009994,Retail,Mortgage,9044123.55,775,750,0,0,8.24,240,180,10111043.66,North,2026-09-30
1009995,50009995,SME,SME Loan,3999508.49,722,720,0,0,15.29,36,32,,West,2026-09-30
1009996,50009996,Retail,Auto Loan,1515560.73,514,539,0,15,8.47,34,29,943896.98,West,2026-09-30
1009997,50009997,Retail,Personal Loan,1278570.42,646,663,90,120,17.99,27,17,,South,2026-09-30
1009998,50009998,Retail,Credit Card,270263.37,786,748,0,0,29.79,41,31,,East,2026-09-30
1009999,50009999,Corporate,Corporate Loan,13149525.1,672,638,0,0,11.19,14,10,,East,2026-09-30
1010000,50010000,Retail,Mortgage,8249601.14,763,752,0,15,7.11,149,110,8715686.28,West,2026-09-30
